Subject-id,Activity Label,Timestamp,X-accel,Y-accel,Z-accel
1638,K,1137561653797239,5.2202578,2.6093805,-7.8933835
1628,K,1137372798691410,4.5950317,-5.087387,6.0251617
1607,K,287298486980028,-6.693589,-5.242703,4.781221
1612,K,4580657368906,7.888962,3.9233398,-4.1409607
1650,K,358282708069000,-3.9469924,-4.414021,-7.4652762
1635,K,677926340413574,4.2231445,-1.2003174,-9.238846
1603,K,10964180768836,5.2002063,2.3349452,7.916428
1629,K,605170765690768,-3.6936798,1.7840576,-9.57869
1628,K,1137279643776060,4.48407,-5.2730713,5.9415894
1639,K,182383656929189,-8.392126,1.0435727,4.5893855
1626,K,597318015721987,4.5342712,-5.1263275,-7.3762054
1616,K,194198653940427,-0.20046997,-0.0038909912,9.146042
1627,K,441207515022132,3.731018,-7.728943,-4.818741
1641,K,1219089080111000,8.581355,-1.8729054,-4.9289503
1605,K,181145981854536,7.161656,1.0366893,6.547543
1627,K,441198129032039,3.834732,-8.070847,-4.728958
1642,K,1470595636272000,-2.186653,5.745652,8.006551
1621,K,168835893598382,-9.020754,-1.6250644,-3.2914288
1623,K,3827384468980,2.963791,-2.5520782,-9.450623
1641,K,1219095163895000,8.4376545,-1.7435743,-4.967271
1646,K,1465955705036000,-7.9826,-0.35925296,5.223538
1639,K,182368966918729,-7.9789762,-6.2753525,0.66753334
1629,K,605153343192468,-3.9356537,1.555542,-9.531311
1630,K,1558466869823733,8.824722,1.713913,2.5708008
1647,K,1219849456505818,-4.072537,-0.7697359,8.807071
1604,K,16522749124278,4.5907745,4.845154,6.322586
1638,K,1137714888255669,-6.260239,-7.650073,-1.0316017
1646,K,1466006892495000,-8.260423,0.86939216,5.0989966
1616,K,194171482948485,-0.18174744,-0.0037841797,9.1028595
1642,K,1470594931058000,-2.3614893,5.621111,7.9969707
1623,K,3714490789620,3.097229,-2.764267,-9.285614
1625,K,706595612330701,-5.715164,-6.292755,4.2012024
1631,K,1552631948557820,-0.36262512,3.7082062,8.36792
1643,K,709014201973000,5.087022,-2.193838,-8.155042
1602,K,101832493574188,-2.3298798,-2.579834,8.528458
1625,K,706518470011302,-6.1074066,-5.7816772,4.279114
1646,K,1465957662997000,-8.396939,-0.5412744,4.84752
1620,K,939935240448191,4.9161835,7.9973755,1.9364777
1644,K,1817142306861000,1.6405884,-8.473579,3.7050953
1622,K,290047397152232,-7.801361,-6.053879,-0.45625305
1634,K,76562386655373,4.946289,-3.7516785,-7.872772
1607,K,287265327864051,-6.6427126,-5.2959743,4.7506948
1629,K,605106775801325,-3.9520264,1.5642548,-9.537338
1644,K,1817206091316000,1.8824854,-8.411309,3.9589674
1644,K,1817188397191000,1.8010547,-8.440049,3.7386258
1646,K,1466071037236000,-7.3718705,0.045505375,6.236631
1621,K,168844712371140,-9.132084,-2.1936872,-3.3476925
1641,K,1219009262426000,9.15616,0.25147706,-4.0930886
1635,K,677921043172363,4.146057,-1.2155914,-9.176941
1622,K,290071466365994,-7.8341827,-6.036545,-0.35914612
1630,K,1558585352784953,5.807602,2.250351,6.735718
1624,K,516841547718882,6.1825867,-4.686676,-6.2597504
1621,K,168777953025333,-9.366715,-0.599149,-3.0502129
1606,K,122900949489000,-7.666565,-5.6330566,-0.7337036
1601,K,262909365740122,-2.4133554,1.0947487,9.2069025
1641,K,1219095828484000,8.480764,-1.1448194,-4.9337406
1645,K,1130273882019000,6.991062,-4.385281,-5.3169436
1619,K,170443713617338,-4.0617633,-5.288193,7.0515227
1649,K,1163911165161165,7.6530657,-0.66498953,-6.7654157
1624,K,516909878107385,6.164093,-4.8352356,-6.1184998
1645,K,1130213506671000,7.031778,-4.2296047,-5.400769
1612,K,4469928923645,7.8512573,0.32411194,-6.1349792
1614,K,82871948807000,3.3362625,7.453301,5.961204
1644,K,1817047264225000,4.375701,-7.4892263,3.9661524
1634,K,76696277944960,4.9371033,-3.6010895,-7.9035797
1625,K,706552358253403,-6.0755005,-5.922409,4.4320374
1616,K,194130353779757,-0.1615448,-0.03010559,9.192642
1619,K,170481383675552,-4.912902,-2.8898015,7.8733325
1629,K,605203999316672,-3.6390533,1.7768402,-9.600052
1623,K,3779548172415,3.0487518,-2.7591248,-9.344055
1620,K,940030449811370,8.904907,2.1938477,-4.7522583
1637,K,14412780931216,-3.0768485,-7.2563763,5.7136126
1627,K,441271424344336,4.053467,-7.934494,-4.0917816
1601,K,262879317863416,-2.3540988,0.9451111,9.264363
1633,K,692063810763500,-0.2970276,-6.772232,-7.5459595
1648,K,460964373232000,0.36883304,0.5364844,9.896221
1629,K,605110884688043,-3.7990875,1.7224274,-9.5004425
1608,K,40393850225740,-2.0465698,-0.23535156,9.002213
1632,K,2293699936579,-2.7887573,-2.2841034,8.5312805
1628,K,1137341438231820,4.699005,-5.1493073,6.073639
1637,K,14392240794246,-3.4551322,-6.317849,7.0280294
1643,K,708968190068000,4.998406,-2.1770728,-8.250843
1638,K,1137594919736489,7.6856866,-6.122273,0.11581951
1642,K,1470612423370000,-2.299219,5.767207,7.9059596
1647,K,1219946779387343,4.0222588,-4.929063,-7.884106
1639,K,182494233235839,-9.462334,0.60064536,3.681983
1615,K,166998695469410,7.312439,1.7651672,-6.5946045
1620,K,939924202873690,7.55336,5.638382,0.94636536
1629,K,605215681432763,-4.0172424,1.4781799,-9.577301
1636,K,503393504205118,-1.2329559,-9.021286,2.7865295
1643,K,709079057666000,5.031936,-2.1722827,-8.195757
1602,K,101873016251299,-2.4929352,-2.8111267,8.467285
1610,K,16250710591579,7.0487823,5.079361,3.5141907
1626,K,597272747450891,4.563263,-5.0105133,-7.4249115
1616,K,194163929832963,-0.1795044,0.047592163,9.154129
1638,K,1137570689033629,4.8932996,2.7171197,-8.113201
1601,K,262980793581033,-2.4343045,1.0905589,9.235633
1634,K,76622509351671,4.949875,-3.5731506,-7.9393616
1649,K,1163943524307873,7.6829934,-0.59735334,-6.770204
1614,K,82878318582000,3.4488282,7.6329274,6.0019193
1616,K,194231142340854,-0.11936951,0.0096588135,9.109314
1634,K,76683840516656,4.9347076,-3.6601105,-7.929428
1616,K,194270055937447,-0.15948486,0.01889038,9.149689
1616,K,194119618317248,-0.18746948,0.03302002,9.195328
1616,K,194240387350507,-0.16363525,-0.0037841797,9.154388
1624,K,516994221058261,6.204788,-4.593384,-6.1349792
1637,K,14388993290696,-7.214029,4.3626842,5.241955
1648,K,461039789012000,0.2203418,0.51492923,9.941727
1650,K,358234946294000,-4.071533,-4.145779,-7.5323367
1629,K,605069795814673,-3.7893524,1.4466553,-9.394699
1625,K,706508449564630,-6.1731415,-6.4069366,3.899826
1638,K,1137715188178019,-6.260239,-7.5926123,-0.86640173
1642,K,1470566072022000,-2.2537134,5.9875493,7.8724294
1643,K,708973449994000,4.984036,-2.2297633,-8.190968
1646,K,1465954032374000,-7.726333,0.06706055,5.599556
1633,K,692109733610998,-1.2711334,-5.764786,-8.36998
1604,K,16682572725415,4.53804,5.159134,6.205765
1635,K,678065498746512,4.2933044,-1.5530243,-9.047852
1644,K,1817093536110000,-0.53169435,-8.586145,3.1901662
1615,K,167076542768465,7.458679,1.5843201,-6.417404
1627,K,441169044570022,2.2191162,-8.26033,-4.881424
1629,K,605153887015710,-3.9387054,1.5379486,-9.504395
1648,K,461064914033000,0.19878663,0.52690434,9.924961
1650,K,358219710679000,-3.9589674,-4.399651,-7.438931
1601,K,262946196681203,-2.3888147,0.9876082,9.242217
1636,K,503304125863896,-1.775528,-8.747696,3.31958
1635,K,678031177440783,4.33667,-1.5796967,-9.035141
1640,K,171239069566085,-2.7295396,-9.5609455,-1.4621091
1627,K,441268987193014,4.0118713,-8.009171,-3.8857574
1614,K,82858200568000,3.544629,7.6161623,6.023474
1628,K,1137342948851937,4.604599,-5.1203766,6.205963
1629,K,605060329270307,-4.3033295,1.4205322,-9.404953
1614,K,82874817272000,3.4895437,7.585027,6.0665846
1613,K,175878469704019,1.0324994,5.011064,8.1319065
1618,K,197842827984170,-0.935379,-0.8333893,9.064468
1627,K,441330479496949,3.9008331,-7.7304077,-4.6820374
1639,K,182394603411009,-8.602816,-2.1838112,3.919009
1613,K,175853649318403,0.9463082,5.01286,8.161235
1637,K,14530460171886,-7.1230493,5.569362,3.5636196
1639,K,182347953803989,-6.490531,-5.476437,5.4658127
1646,K,1466074523465000,-7.4006104,0.37122804,6.6749196
1611,K,292180730025779,9.026718,-2.0497894,1.6526489
1634,K,76540935868518,4.904587,-3.6592407,-7.9219666
1611,K,292175191088531,9.008713,-2.0367737,1.7056427
1616,K,194167595604447,-0.17282104,-0.0071258545,9.098145
1637,K,14405134230206,-2.0760722,-5.989844,7.6960115
1629,K,605175096110321,-3.5809174,1.8337402,-9.5412445
1607,K,287239549872237,-6.8408327,-5.317522,4.911106
1647,K,1219912903967043,3.6236243,-5.522825,-7.7189064
1642,K,1470541928892000,-2.335144,5.7839723,7.7502837
1627,K,441260809695139,4.0794373,-7.8764343,-4.1019287
1600,K,243152937339071,1.532959,6.6262817,6.3194275
1642,K,1470602367369000,-2.4812403,5.8198977,7.8700347
1641,K,1219086320054000,8.363408,-2.311194,-4.5720925
1603,K,10988841827994,5.249287,2.2960393,7.8876977
1618,K,197854963305967,-0.95739746,-0.7789459,9.067749
1643,K,709122590525000,5.0822315,-2.2177882,-8.143066
1613,K,175888325825732,1.0594343,5.029619,8.100781
1622,K,290120108314399,-7.960541,-5.861191,-0.35472107
1642,K,1470466658519000,-2.4740553,6.4066777,7.422166
1628,K,1137403917465983,4.679428,-4.8765717,6.1978455
1641,K,1219124818388000,8.6077,-1.3531861,-4.864285
1601,K,262975685678430,-2.4809916,0.9935937,9.196129
1632,K,2188963593247,-2.2716675,-0.83522034,8.893616
1602,K,101751423640256,-1.8249054,-2.9036407,8.600067
1607,K,287292661679925,-6.7690067,-5.265448,4.8045645
1641,K,1219110555284000,8.746612,-1.1304493,-4.636758
1620,K,939921785881503,7.54953,5.636444,1.1467896
1646,K,1466106968569000,-9.16095,0.9148975,-0.4742139
1630,K,1558535754093405,9.2827,1.6616364,0.5556793
1601,K,262981950850357,-2.456451,1.0851719,9.229049
1641,K,1219039219150000,9.587264,-0.62031007,-2.919529
1629,K,605140069866612,-3.901245,1.5234375,-9.54744
1629,K,605177956217742,-3.930313,1.5637817,-9.497833
1650,K,358258303096000,-4.1888895,-4.0427933,-7.541917
1612,K,4473201927957,7.9125824,0.31573486,-6.0454254
1650,K,358220496503000,-3.9757326,-4.382886,-7.448511
1623,K,3867466253519,2.8891296,-2.7563019,-9.3815155
1643,K,709102254942000,5.087022,-2.179468,-8.181387
1620,K,939992644022965,4.2917175,8.562927,0.8748169
1617,K,266082020523652,-9.794052,-1.4110107,0.35836792
1612,K,4606337908717,8.0954895,3.8231964,-4.00473
1628,K,1137331246580833,4.830887,-4.9561768,6.1450043
1606,K,122890324810143,-7.32312,-6.671829,-1.8908386
1627,K,441313097291855,3.774231,-7.7563324,-4.7924805
1645,K,1130320472508000,8.023315,-3.4368532,-4.9433208
1614,K,82786531831000,3.1015503,7.6209526,6.1767554
1615,K,167036964522052,7.16658,1.953537,-6.691269
1641,K,1219074313115000,9.2328005,-1.7627344,-3.2620168
1627,K,441205863410804,3.930954,-7.8885345,-4.7198334
1635,K,677975828327109,4.2982635,-1.3886108,-9.042465
1617,K,265988009596638,-9.759567,-1.2298431,1.0718079
1628,K,1137381419289326,4.7149506,-5.1173706,6.1273193
1640,K,171122299110625,-4.8630724,-7.6225395,-3.4121864
1649,K,1163928403386836,7.615357,-0.6218939,-6.767211
1643,K,709036230368000,5.137317,-2.2393434,-8.143066
1643,K,709014927524000,5.0894165,-2.1627028,-8.174202
1607,K,287288630893257,-6.6905966,-5.261258,4.782418
1644,K,1817197728151000,1.092129,-8.907078,3.4871485
1624,K,516878557906312,5.6386566,-5.791458,-5.677017
1631,K,1552533808595287,-0.34480286,3.8432312,8.313461
1623,K,3753263387140,2.8741302,-2.8158112,-9.342941
1618,K,197908338531424,-0.9775238,-0.83813477,9.10791
1602,K,101738835123696,-1.6712036,-2.9532013,8.573715
1632,K,2288362412165,-2.6210022,-2.2589417,8.5828705
1638,K,1137629109199809,7.941567,-5.098153,-2.8531404
1640,K,171161636063735,-4.5901337,-8.874707,-1.685967
1629,K,605191249680473,-3.6160126,1.7998505,-9.579651
1628,K,1137392456900589,4.764374,-5.057434,6.1063385
1647,K,1219912225664648,3.5877113,-5.4551888,-7.7230964
1641,K,1219000338273000,8.998089,-0.30895755,-4.3493557
1643,K,709051083817000,5.094207,-2.1627028,-8.176597
1606,K,122831612020297,-8.02771,-5.7630463,0.9002991
1638,K,1137599368028269,7.75033,-5.8493342,-1.3039421
1601,K,263040369674239,-2.4181437,0.9648633,9.235035
1614,K,82809854350000,3.3242872,7.534732,6.1528053
1643,K,708983104140000,5.271438,-2.095642,-8.092772
1629,K,605162286049928,-3.958191,1.5375977,-9.51004
1616,K,194270096220650,-0.1722107,0.037078857,9.163071
1641,K,1219069397691000,9.093889,-2.071692,-3.542234
1642,K,1470480603946000,-2.3423293,6.1863356,7.5203614
1629,K,605205671051127,-3.8931885,1.5976715,-9.5312195
1628,K,1137327923216575,4.393112,-5.356308,5.96698
1619,K,170477911449460,-4.8787847,-2.7940333,7.89907
1637,K,14526610808926,-7.8125796,-0.50472766,6.051195
1636,K,503388569531154,-1.8537292,-8.925613,2.7719116
1601,K,262960442679425,-2.445677,1.0582372,9.1751795
1600,K,243074183678632,1.5196686,6.293915,6.5800323
1642,K,1470561819723000,-2.335144,5.8677983,7.781419
1644,K,1817061149758000,4.033213,-7.431746,3.8200562
1629,K,605056723923628,-4.4547577,5.672226,-7.405075
1616,K,194190677879735,-0.15530396,-0.0069274902,9.108734
1614,K,82830130632000,3.417693,7.5706573,6.1552005
1647,K,1219862306349094,3.316568,-5.6790466,-7.712322
1615,K,166961433497442,7.4832764,1.6191254,-6.4171295
1629,K,605148428641687,-3.7596893,1.7887268,-9.513947
1647,K,1219886849899501,3.755904,-5.662287,-7.271789
1608,K,40484336367550,-2.66922,-0.1359253,8.882019
1610,K,16312897809555,7.0833435,5.096054,3.4421082
1602,K,101767013248054,-1.8096619,-2.6625671,8.673584
1629,K,605171631779635,-3.6311188,1.8197174,-9.5907135
1635,K,677980742890806,4.3447113,-1.1453552,-9.133377
1616,K,194148924348905,-0.15756226,0.0027618408,9.123993
1648,K,461063564087000,0.16765137,0.4023633,9.369317
1642,K,1470509301529000,-2.1507277,5.968389,7.6329274
1619,K,170468454223265,-4.7578773,-2.8742392,7.9547353
1613,K,175799140692538,0.9911995,5.027225,8.160038
1620,K,939971757182876,5.3390045,7.0833435,2.8923492
1619,K,170514942231791,-4.633379,-3.1884782,7.880515
1602,K,101853038021864,-2.4099884,-2.8094788,8.495758
1627,K,441300186551962,4.2761536,-7.8454742,-3.7967224
1618,K,197890916043465,-0.9221649,-0.7603302,9.090851
1629,K,605051910071064,-4.2071075,6.0540314,-7.2610474
1632,K,2293448166560,-2.870636,-2.319992,8.586258
1619,K,170562190944167,-4.6279917,-3.1364043,7.878121
1623,K,3795862879164,3.0429535,-2.7439117,-9.404175
1647,K,1219978863747537,3.9504328,-4.9757495,-7.8865004
1629,K,605116645171329,-3.7735138,1.7633667,-9.539108
1646,K,1466069727533000,-7.3814507,-0.035925295,6.1791506
1602,K,101805886533488,-2.7543945,-2.6808167,8.352936
1642,K,1470492695633000,-2.335144,6.4186525,7.455696
1605,K,181192270097800,7.243657,1.0498575,6.379949
1614,K,82745089413000,2.7087672,7.688013,6.318062
1636,K,503392698541056,-1.2064667,-9.033234,2.9447327
1641,K,1219017905342000,9.101074,0.34727785,-4.1984696
1620,K,939966157825581,4.503891,8.269241,1.7410583
1629,K,605183575724578,-3.7359009,1.6936188,-9.590012
1609,K,39491497492248,6.9917145,-2.2421112,-1.3544769
1628,K,1137336725096458,4.6523438,-5.0656586,6.1662903
1611,K,292227559257571,9.181686,-2.0485382,0.58535767
1601,K,262869781185711,-2.3355439,2.473809,8.804078
1641,K,1219034122207000,8.866363,-1.8633252,-4.1146436
1621,K,168728152931340,-6.728904,6.118981,-3.5230677
1646,K,1465992503249000,-7.6425076,-1.1903248,5.894143
1600,K,243223634341918,1.4421234,6.6821747,6.251877
1637,K,14512862497686,-5.7870846,6.2612863,4.4734163
1624,K,516865919064049,5.330536,-6.5583344,-5.180298
1650,K,358193169268000,-4.8283596,-6.303692,-4.9361353
1642,K,1470605128400000,-2.2201831,5.9204884,7.9347
1628,K,1137301900246306,4.526718,-5.4379425,5.884247
1628,K,1137267881091830,4.5662384,-5.2698364,6.0355225
1620,K,939948876323984,4.5898743,8.284454,2.1735992
1625,K,706535187507576,-5.782196,-6.26976,4.4167786
1619,K,170503930698356,-4.757279,-3.0484173,7.849989
1640,K,171183430753335,-2.3515549,-9.276933,-1.9445407
1618,K,197773339447771,-1.0843048,-0.8948822,9.0789795
1619,K,170509278660696,-4.702811,-2.9831753,7.880515
1645,K,1130334659752000,7.94907,-3.1350808,-4.996011
1642,K,1470620544827000,-2.3710694,5.8103175,8.078402
1629,K,605051426672627,-4.202286,6.1473694,-7.1475677
1627,K,441192690799617,3.762497,-7.5375366,-5.186447
1604,K,16597877293231,4.502548,5.118515,6.182068
1648,K,460942290661000,0.22513184,0.51732427,9.924961
1646,K,1465936982861000,-9.077125,-0.62749517,3.1901662
1643,K,709033892577000,5.0822315,-2.1698878,-8.188572
1601,K,262890052235808,-2.348712,0.95947635,9.2494
1606,K,122875017155965,-7.109787,-6.731064,-1.9159546
1625,K,706453362283843,-5.890442,-6.365082,4.139389
1649,K,1163885626225862,7.619547,-0.7236475,-6.7624226
1602,K,101825846846775,-2.2499847,-2.5588531,8.6176605
1606,K,122734680562408,-7.64859,-6.2789764,-1.3325348
1605,K,181237560790910,7.2687964,1.4389153,6.373365
1620,K,940083341673862,8.078629,4.904709,-0.55067444
1644,K,1817052161426000,4.2224197,-7.414981,4.267925
1643,K,709114267152000,5.0606766,-2.1339624,-8.200547
1607,K,287377457529375,-6.2183404,-5.645528,4.9655743
1642,K,1470575140749000,-2.3135889,5.839058,7.932305
1625,K,706488408672891,-5.8303375,-6.6020355,3.8399048
1629,K,605149959403406,-3.9047089,1.5153046,-9.547333
1601,K,262997872104776,-2.4319103,1.0618285,9.231443
1627,K,441270397105123,4.1335144,-7.9444275,-4.0227966
1647,K,1219858715079719,4.0719385,-4.4280763,-8.179192
1635,K,678028961864611,4.361084,-1.54039,-9.048843
1629,K,605099927664548,-3.5576477,1.8911285,-9.554321
1629,K,605155981728639,-3.7019196,1.7783966,-9.561081
1650,K,358352436976000,-4.4523416,-3.2213013,-7.8029737
1603,K,11008675825485,5.2319293,2.2948422,7.8529816
1641,K,1219129250465000,8.713081,-1.3939015,-4.8259645
1617,K,266010114998554,-9.750534,-1.2443695,1.0330048
1639,K,182480436249029,-9.045743,-0.80235684,3.717896
1642,K,1470617340689000,-2.315984,6.1552005,7.8484793
1600,K,243214369208452,1.4568787,6.618759,6.3256683
1648,K,461021856602000,0.21555176,0.50774413,9.929751
1602,K,101718028861637,-1.6499939,-3.1921692,8.240982
1614,K,82793396014000,3.3362625,7.673643,6.0498195
1634,K,76698543875136,4.903778,-3.596939,-7.954376
1639,K,182399851931559,-8.279598,0.74669164,4.5869913
1642,K,1470473691703000,-2.3471193,6.5144534,7.549102
1642,K,1470524799263000,-2.327959,6.1623855,7.6425076
1627,K,441247334966752,4.301697,-7.8414764,-3.9620514
1619,K,170528909025430,-4.694431,-2.9903579,7.9427643
1615,K,167014506637289,7.362854,1.6707916,-6.5998993
1616,K,194212652357784,-0.17988586,0.029220581,9.140121
1622,K,290011394026629,-7.8120117,-6.0628204,-0.36524963
1602,K,101822100508884,-2.2878723,-2.6231537,8.601746
1638,K,1137629609030809,7.843405,-5.047875,-2.7597663
1643,K,709125351703000,5.113367,-2.1818628,-8.176597
1635,K,677984730927915,4.2680206,-1.1214752,-9.189346
1644,K,1817101778712000,1.4106666,-7.9921803,4.9169755
1618,K,197815838234019,-0.99620056,-0.85987854,9.068207
1646,K,1466048164105000,-7.585027,-0.0071850587,6.1144853
1647,K,1219845226338163,0.12270284,0.29269117,9.248202
1642,K,1470598477988000,-2.2225783,5.8270826,7.9682302
1604,K,16563888331002,4.504608,5.1150665,6.2625427
1617,K,266076632640532,-9.449707,-0.92349243,2.3355255
1612,K,4554574004903,8.12233,3.749649,-4.1085205
1648,K,460980330587000,0.2203418,0.5412744,9.972861
1607,K,287299843712267,-6.679823,-5.2618566,4.797382
1608,K,40411675539360,-2.1069336,-0.14779663,9.0329895
1641,K,1218965063805000,9.510623,-2.4836354,-1.0083033
1605,K,181125632875900,7.128137,0.985214,6.567894
1629,K,605135779705480,-3.9161072,1.5657349,-9.553284
1603,K,10942213374313,5.0284224,2.4091654,8.0127945
1645,K,1130331515780000,7.941885,-3.2093263,-4.974456
1602,K,101745522148194,-1.7575378,-2.8344269,8.661255
1630,K,1558562592787933,9.424957,0.9291992,-1.3968964
1649,K,1163893247786955,7.6746135,-0.59855044,-6.803723
1640,K,171221673183415,-6.0646625,-7.4037695,-1.6871641
1640,K,171130395317515,-5.3179708,-6.8947024,-4.4033856
1617,K,266041233774576,-9.762802,-1.2145691,1.0278778
1632,K,2185690582993,-2.2689667,-0.8093262,8.9145355
1631,K,1552532650453198,-0.40571594,3.8763123,8.315231
1604,K,16567010279244,4.495636,5.142105,6.151428
1638,K,1137718337598109,-5.9937344,-7.5689692,-1.3057377
1624,K,516912546869592,6.331238,-4.810562,-5.8946075
1615,K,167021002294046,7.352417,1.697998,-6.6213226
1602,K,101864019686108,-2.4564667,-2.7934265,8.463882
1617,K,266051506001466,-9.709457,-1.2447205,1.1438751
1636,K,503438571035237,-1.0640106,-9.007278,2.9285126
1636,K,503295213191152,-1.7931213,-8.820236,3.1721802
1640,K,171106414234175,-8.763227,-3.7726634,1.2732664
1634,K,76694213445280,5.022766,-3.4550934,-8.085785
1628,K,1137321195912684,4.583664,-5.3561096,6.000168
1624,K,516924380063679,6.2469177,-4.7371826,-6.068512
1604,K,16642138474382,4.8089294,4.7277374,6.2266846
1626,K,597255324991724,4.5666504,-5.0222473,-7.3987427
1620,K,939995342997574,4.099884,8.679977,0.80267334
1630,K,1558516216742970,9.288956,1.4754944,0.797699
1603,K,10948301435717,5.1301756,2.3199813,7.9367785
1614,K,82838656445000,3.3290772,7.661668,6.1144853
1645,K,1130241336506000,7.077283,-3.999683,-5.5229154
1649,K,1163861485511237,7.60578,-0.6841431,-6.8162923
1641,K,1218997518161000,9.065149,-0.26584718,-4.2224197
1607,K,287342421960687,-6.1423244,-5.6185927,5.1421466
1648,K,460974769636000,0.24189699,0.48379397,9.891431
1640,K,171208275533605,-1.6114473,-9.544186,-0.24824879
1620,K,940023903790862,4.924408,8.046631,1.5134277
1609,K,39416167924451,9.057983,-3.7196503,1.8822327
1648,K,461089294022000,0.2921924,0.50774413,9.908196
1619,K,170479349881751,-4.687248,-3.0879216,7.854179
1616,K,194176417640867,-0.169693,0.031692505,9.165588
1627,K,441240829241086,3.5733032,-7.99588,-4.5126495
1639,K,182512679946229,-8.923638,0.43783963,4.1488523
1650,K,358229545142000,-4.0595584,-4.038003,-7.6113725
1606,K,122880908587930,-7.0187683,-6.803589,-2.1849976
1638,K,1137685745696959,-7.814076,-5.193622,2.4016836
1619,K,170491000446383,-4.7417164,-3.015497,7.867945
1620,K,940032242420372,8.514862,4.548889,0.8653412
1630,K,1558481069669215,8.86795,1.486496,2.7078857
1628,K,1137307580177946,4.5103455,-5.4363403,5.92865
1644,K,1817076466346000,2.7470875,-7.8891945,4.517007
1644,K,1817152766173000,0.9412427,-8.57896,3.6092947
1629,K,605204059741476,-3.7055206,1.7498627,-9.543961
1637,K,14509363481516,-0.9507974,-7.1366663,6.6617165
1625,K,706570586407155,-6.0557404,-5.9319153,4.5007935
1602,K,101813419477634,-1.8657074,-2.0714417,8.885376
1639,K,182488984390479,-8.832659,0.09307459,4.5295305
1615,K,167083541975039,7.488312,1.5314941,-6.4261017
1635,K,678034661937853,4.31575,-1.5178833,-9.084381
1632,K,2198732292779,-2.7366028,-0.5926819,8.836899
1647,K,1219938242596305,3.663727,-4.011485,-7.6404963
1608,K,40395360845858,-2.023529,-0.23989868,8.978149
1618,K,197905266937186,-0.9164734,-0.77030945,9.068832
1617,K,265979449404297,-9.8112335,-1.3157806,1.0652466
1644,K,1817065784962000,2.6393116,-7.965835,4.375701
1635,K,678026806713244,4.36084,-1.5287476,-9.067963
1629,K,605073219886938,-3.695938,1.7187958,-9.573166
1605,K,181216495397323,7.261614,1.5394717,6.4457893
1641,K,1219085997637000,8.339458,-2.4165747,-4.7397437
1610,K,16295576009850,7.06958,5.0287933,3.553299
1642,K,1470530119419000,-2.4884255,6.109695,7.7071733
1616,K,194129950947726,-0.17366028,0.034561157,9.129303
1622,K,290027507302859,-7.7369385,-6.1967773,-0.38404846
1628,K,1137323733754480,4.457672,-5.47966,5.974823
1602,K,101848425580555,-2.0796661,-2.4765015,8.594345
1601,K,262959405025728,-2.4127567,1.0947487,9.228451
1604,K,16651605013157,4.570801,4.9767456,6.2686157
1620,K,939992241190934,4.189026,8.638123,0.78982544
1614,K,82713953092000,2.6393116,7.774234,6.222261
1628,K,1137399305039225,4.5726013,-4.7966003,6.171997
1650,K,358342602333000,-4.517007,-4.112249,-7.27128
1644,K,1817089183234000,3.2644117,-7.709568,4.414021
1613,K,175846626236857,0.9804256,5.063138,8.157045
1646,K,1465964007526000,-8.183782,-0.60594,4.960086
1641,K,1218997920939000,9.081915,-0.22992188,-4.2176294
1633,K,692137277257098,-2.022461,-6.4855194,-7.6724396
1645,K,1130302880336000,7.189849,-3.9901028,-5.3935843
1617,K,266052462727540,-9.732483,-1.2618866,1.1615295
1639,K,182337608086919,-0.85218614,-10.485107,3.1841385
1613,K,175829826568831,1.0319009,5.003283,8.162432
1616,K,194142620023301,-0.19154358,0.0126953125,9.161987
1644,K,1817137651527000,1.0466236,-8.806487,3.1039455
1627,K,441176940073267,2.5032501,-8.451736,-4.53183
1642,K,1470514408181000,-1.9878663,5.855823,7.5179667
1639,K,182480986195239,-8.741679,-0.9771336,4.09618
1637,K,14402685330186,-6.01214,1.0251672,5.7830443
1629,K,605139908733800,-3.967636,1.5751953,-9.495758
1622,K,290118396278266,-7.960861,-5.8760834,-0.39888
1609,K,39512344056191,11.504684,-3.115921,-4.2480927
1631,K,1552543023392770,-0.38778687,3.8167572,8.367691
1635,K,678012083223850,4.415756,-1.3837128,-9.013336
1627,K,441330983036988,3.825653,-7.766281,-4.697281
1643,K,709085123982000,5.113367,-2.1387525,-8.2197075
1624,K,516987221841739,6.239975,-4.41391,-6.390396
1610,K,16337823036973,7.081482,5.0231934,3.4234161
1641,K,1219076307648000,9.335787,-1.7603394,-2.9889846
1642,K,1470461398067000,-2.440525,6.2893214,7.4964113
1627,K,441238251116086,4.232559,-8.040756,-4.3380585
1649,K,1163976766134683,7.727885,-0.58418524,-6.737882
1649,K,1163876010073835,7.6363063,-0.66738373,-6.777985
1607,K,287284081960554,-6.5840545,-5.3378725,4.784812
1636,K,503346221809259,-1.6959076,-8.795792,3.2254791
1643,K,709115798622000,5.0271463,-2.1459377,-8.226892
1604,K,16553666483811,4.4912415,5.0576935,6.2650604
1649,K,1163950868869694,7.657854,-0.6290765,-6.728904
1615,K,166976086516327,7.1887207,1.9771271,-6.7023315
1645,K,1130209940114000,6.7611403,-4.5409575,-5.5708156
1628,K,1137245060665376,3.6674957,-5.296646,6.5933533
1650,K,358219529274000,-3.9805226,-4.394861,-7.4054008
1608,K,40455382820417,-2.038391,-0.2436676,8.951813
1641,K,1218985229568000,8.897498,0.1939966,-4.514612
1638,K,1137667100896399,8.160038,-5.504868,-2.685995
1621,K,168735695193317,-8.289924,3.8684313,-3.4811692
1635,K,677961809783547,4.216522,-1.3027344,-9.189362
1605,K,181209110718837,7.311892,0.7170634,6.319495
1643,K,708955855298000,5.0774417,-2.1459377,-8.207732
1641,K,1219000862042000,8.959768,-0.2778223,-4.157754
1629,K,605149335013757,-3.9059296,1.6161652,-9.448547
1620,K,939975906352797,4.1916504,8.616394,1.0048065
1609,K,39348592826381,7.5639954,-5.5643616,-0.6637268
1648,K,461096366245000,0.27303225,0.728086,10.097403
1623,K,3704319293171,3.0477295,-2.844452,-9.358307
1610,K,16210125264062,6.980606,5.0990753,3.60643
1627,K,441289028085236,3.9001312,-7.8798065,-4.140045
1604,K,16664243857640,4.560669,5.0267334,6.2205505
1629,K,605098356619626,-3.6126404,1.8665314,-9.619568
1600,K,243069551106147,1.3662262,6.1834717,6.751251
1621,K,168734816947535,-7.8356237,4.6016555,-3.6984432
1622,K,290123431678657,-7.9620056,-5.9156036,-0.32363892
1603,K,11092354373631,5.241506,2.267309,7.8625584
1612,K,4604474810572,8.063034,3.7880707,-3.9908905
1648,K,461020345272000,0.21794678,0.49576905,9.927357
1620,K,940006541748222,7.0400543,5.923172,2.0699768
1620,K,939957557350803,4.319046,8.301361,1.9311218
1635,K,678027189403674,4.3223267,-1.6077423,-9.091187
1628,K,1137408167358615,4.739731,-4.8407745,6.261215
1646,K,1466083954923000,-7.6305327,-0.016765138,6.013894
1645,K,1130243351605000,7.101233,-3.9853127,-5.5803957
1635,K,678010089205295,4.387375,-1.3730316,-9.0381775
1635,K,678079638130476,4.3443146,-1.5667114,-9.104874
1629,K,605096543875486,-3.6002655,1.8051453,-9.576065
1629,K,605124238555118,-3.7261658,1.7366943,-9.541031
1637,K,14403135159726,-4.3816886,-7.510162,8.165276
1642,K,1470613632384000,-2.3064039,5.721702,7.9969707
1615,K,166934896962958,7.66687,1.6451263,-6.1981964
1645,K,1130259049868000,6.9862723,-4.016448,-5.6666164
1633,K,692065069613598,-0.206604,-6.7320557,-7.6792603
1629,K,605200897510031,-3.7803955,1.6884308,-9.555069
1642,K,1470459020223000,-2.411785,6.205496,7.553892
1600,K,243227159122192,1.4997711,6.616211,6.333496
1641,K,1219089764885000,8.602911,-1.839375,-4.6942387
1635,K,678077523262312,4.3219757,-1.6127014,-9.10405
1635,K,677943682324506,4.3244934,-1.1392212,-9.155045
1614,K,82764376477000,2.2177882,7.577842,6.5455885
1635,K,678011700533420,4.399704,-1.3885345,-8.997208
1646,K,1466089476718000,-7.822134,-0.5891748,5.7815776
1609,K,39351865862834,8.061554,-5.0746155,-0.53344727
1605,K,181103683421794,7.153276,0.97862995,6.547543
1614,K,82725268302000,2.8093581,7.6520877,6.382727
1633,K,692150067149571,-3.410965,-8.083633,-4.8745728
1649,K,1163954140321201,7.645883,-0.6428431,-6.7773867
1628,K,1137284981300474,4.5569305,-5.3698425,5.9596252
1638,K,1137650954833119,8.013393,-4.84362,-2.7651534
1628,K,1137244355709322,3.6480713,-5.6152344,6.451935
1649,K,1163879918828678,7.615357,-0.641646,-6.809708
1628,K,1137414975219944,4.669937,-5.001465,6.164093
1647,K,1219836248642021,0.16400282,0.19033903,9.320028
1634,K,76530764367971,5.084915,-2.5666046,-8.270065
1627,K,441241070940305,3.587799,-7.9641266,-4.561264
1641,K,1218978057398000,9.096285,1.1999048,-4.267925
1606,K,122865248492415,-7.2213593,-6.6434326,-1.8374176
1644,K,1817145793554000,1.5088624,-8.408914,3.784131
1601,K,262996315906549,-2.4187422,1.0720038,9.199121
1600,K,243148455827199,1.4776001,6.6260376,6.3768005
1629,K,605206476715190,-3.9207764,1.5532684,-9.510162
1646,K,1466036173773000,-7.5012016,-0.5412744,6.0426345
1641,K,1219110414417000,8.725057,-1.1448194,-4.6654983
1617,K,266012683052753,-9.774979,-1.2858887,1.0690613
1618,K,197821931061472,-0.9595337,-0.8193054,9.117523
1615,K,166991192723773,7.346527,1.663269,-6.5734406
1616,K,194180224374531,-0.18804932,0.01071167,9.149429
1620,K,939965029895894,4.4127045,8.294846,1.8289642
1601,K,262898910650647,-2.433706,1.0462662,9.229049
1616,K,194104854524870,-0.20103455,0.039520264,9.148224
1645,K,1130204640193000,7.1874537,-4.358936,-5.132527
1627,K,441238452532102,4.005432,-7.985611,-4.3154297
1622,K,290095736971970,-7.8562775,-6.024475,-0.7556305
1629,K,605091810608468,-3.63414,1.8133087,-9.591339
1633,K,692071263158739,0.0071105957,-6.421417,-7.8138733
1613,K,175881699203601,1.0013748,5.0224366,8.132504
1648,K,461077869847000,0.16286133,0.5005591,9.936936
1640,K,171139442242045,-2.1073463,-9.660006,-1.1616367
1645,K,1130240046644000,7.1203933,-3.9924977,-5.5540504
1620,K,939989159531017,4.2073517,8.604095,0.8170166
1622,K,290135013106512,-7.914856,-5.8793945,-0.110443115
1600,K,243158224509481,1.4684143,6.6050262,6.3518066
1627,K,441185117554030,2.952423,-8.002487,-5.079483
1644,K,1817041197654000,1.3699512,-9.0076685,1.9998415
1650,K,358305944370000,-3.9374123,-4.4475513,-7.3862405
1621,K,168847385946660,-9.120711,-2.0482395,-3.2854433
1650,K,358220375610000,-3.9829175,-4.368516,-7.4197707
1630,K,1558475883176383,8.97168,1.355957,2.294098
1620,K,940058204956422,8.201065,4.222168,1.9518127
1600,K,243160490439657,1.5266876,6.6447754,6.3362274
1629,K,605137814007237,-3.9863281,1.5458221,-9.512466
1604,K,16580857623487,4.7474823,5.2736053,5.999649
1620,K,940018687131138,4.6564636,8.371323,1.0753021
1632,K,2332522862119,-2.3155212,-2.0797272,8.507843
1601,K,262868145151961,-2.2152352,1.2449849,9.240421
1602,K,101839563276336,-2.4117737,-2.6224976,8.550339
1645,K,1130234787030000,8.667576,-5.362449,-6.215076
1622,K,290096895122568,-7.7858734,-6.102127,-0.6872711
1617,K,266101003986362,-9.795059,-1.2563477,0.4032898
1614,K,82859308503000,3.4416432,7.683223,5.989944
1605,K,181092991531901,6.8827314,1.055843,6.8893156
1619,K,170589681861502,-4.8261123,-2.7790697,7.9248075
1632,K,2205530046973,-2.6417236,-0.63442993,8.829071
1639,K,182441892660149,-7.9587755,-0.66349316,4.469675
1630,K,1558500204166363,8.926285,1.3952179,2.8022919
1650,K,358227932968000,-4.0427933,-4.026028,-7.6401124
1629,K,605144924003015,-3.7458649,1.7438812,-9.579239
1635,K,678004691249797,4.3454285,-1.2262268,-9.145264
1626,K,597359809538202,4.4830933,-5.162735,-7.4081116
1627,K,441311224122910,3.6652985,-7.948929,-4.2021484
1647,K,1219855403083420,4.8069587,-3.4644098,-8.531737
1629,K,605185287766410,-3.6317139,1.8326569,-9.570251
1645,K,1130308059216000,7.2497244,-3.9014869,-5.4366946
1634,K,76671100955395,4.8464203,-3.6499329,-7.9456635
1617,K,265991131544880,-9.753235,-1.2481537,1.0449677
1619,K,170564464409583,-4.5633483,-3.2620997,7.8475947
1642,K,1470560187297000,-2.083667,5.5708156,7.4006104
1613,K,175846666180643,0.95947635,5.027225,8.150461
1642,K,1470578042750000,-1.9255958,6.006709,7.8484793
1647,K,1219973796024989,3.9414546,-4.9362454,-7.943961
1644,K,1817042991663000,1.1543995,-8.988508,2.1770728
1600,K,243113963342377,1.6299896,6.618881,6.3714905
1650,K,358202237573000,-4.998406,-6.1887307,-5.118157
1616,K,194160344627885,-0.17855835,-0.013717651,9.152924
1620,K,940078547959917,4.4120636,8.6419525,-0.4730072
1613,K,175891280529380,1.0235212,5.018845,8.141483
1642,K,1470512244177000,-2.2561085,6.09772,7.7383084
1640,K,171179781473175,-8.789563,-3.8923733,1.8574516
1632,K,2240677160020,-2.204895,-0.7220001,8.899353
1637,K,14450423398396,-4.0512886,-8.949077,4.0879498
1600,K,243129422006446,1.6834412,6.609436,6.292038
1646,K,1466044516583000,-7.582632,-0.42870852,5.910908
1604,K,16578692415438,4.6669464,5.1470184,6.1000824
1625,K,706454470071929,-5.922714,-6.345337,4.1019135
1615,K,167060479840990,7.38385,1.6291809,-6.578964
1645,K,1130333893950000,7.9826,-3.2021413,-4.9433208
1628,K,1137279543068052,4.6247253,-5.518402,6.035858
1605,K,181168649224475,7.2670007,1.13964,6.4523735
1632,K,2275522127595,-2.175583,-0.09939575,8.982895
1631,K,1552546044633005,-0.3954773,3.8460236,8.333725
1650,K,358330631482000,-4.26553,-4.2296047,-7.213799
1631,K,1552591111452318,-0.31936646,3.7706451,8.327087
1616,K,194227114024302,-0.16741943,0.09362793,9.148254
1612,K,4502306535853,8.000504,3.7751007,-4.2941284
1650,K,358339478745000,-4.478687,-4.138594,-7.2616997
1642,K,1470611334943000,-2.196233,5.736072,7.9682302
1642,K,1470545677788000,-2.2465284,5.465435,7.7526784
1629,K,605126675698221,-4.007065,1.5719604,-9.4721985
1603,K,11033097047142,5.1888337,2.271499,7.884106
1607,K,287241622619736,-6.5098343,-5.445612,4.800973
1649,K,1163875529289044,7.677606,-0.6805518,-6.747459
1606,K,122869780339558,-6.8638,-6.6956024,-2.5000458
1616,K,194204495004881,-0.1867981,0.016052246,9.157486
1615,K,166984797766597,7.370041,1.6796265,-6.609665
1648,K,461026591326000,0.22273682,0.5340894,9.927357
1616,K,194172429603758,-0.16212463,-0.0035095215,9.084793
1648,K,461074101755000,0.2921924,0.3544629,9.793235
1641,K,1219023183475000,8.794512,-0.7209009,-4.7636943
1643,K,709071258120000,5.0606766,-2.1818628,-8.171807
1635,K,678007732637912,4.383087,-1.1667786,-9.09816
1634,K,76688120610807,4.9838257,-3.647766,-7.9364014
1633,K,692178869644877,-3.234787,-8.16893,-4.9326324
1647,K,1219985926785507,4.1036615,-4.8937483,-7.8984714
1623,K,3790021799959,3.045639,-2.7772827,-9.338089
1629,K,605095959769040,-3.6149597,1.8330231,-9.563232
1608,K,40380657474168,-2.471283,-0.04046631,8.867371
1629,K,605070198646704,-3.775467,1.8156128,-9.486176
1628,K,1137273863147494,4.579529,-5.2747955,5.974411
1633,K,692142514048985,-2.1252136,-6.3323364,-7.722534
1616,K,194154805696561,-0.14266968,0.0519104,9.168076
1645,K,1130206292190000,7.1539235,-4.1888895,-5.407954
1644,K,1817114878308000,1.5136524,-8.157437,4.5002418
1648,K,460991230849000,0.23231691,0.5029541,9.860296
1627,K,441244615850541,3.799286,-7.7964783,-4.643799
1604,K,16554421793869,4.4369507,5.0489655,6.272278
1629,K,605078819271821,-3.863266,1.5700989,-9.519653
1603,K,10997581338666,5.2421045,2.3133974,7.8745294
1641,K,1219041838074000,9.532178,-0.55324954,-3.0009596
1625,K,706442334738743,-5.830902,-5.316086,4.708145
1641,K,1219057048019000,8.657996,-2.5914114,-4.009263
1644,K,1817058086471000,4.392466,-7.223379,4.4283915
1647,K,1219835650742438,0.16519992,0.22565351,9.275736
1628,K,1137356463856798,4.633194,-5.1478424,6.060501
1642,K,1470461519024000,-2.435735,6.2965064,7.4892263
1635,K,678064672940848,4.2845917,-1.54422,-9.079773
1649,K,1163919065970177,7.6404963,-0.62608373,-6.8246717
1610,K,16358518530952,7.0345,5.044159,3.5410461
1604,K,16591935520770,4.5102997,5.0850525,6.198395
1629,K,605078919979829,-3.9154968,1.5364685,-9.490463
1625,K,706521692667552,-6.064499,-6.2098236,4.301544
1628,K,1137277911598326,4.2452545,-5.5585785,5.954529
1645,K,1130187188312000,7.103628,-4.25595,-5.3241286
1623,K,3794150843031,3.0729675,-2.7403107,-9.414032
1602,K,101831385786102,-2.3840637,-2.5903015,8.5672
1643,K,709020147072000,5.0894165,-2.1746778,-8.186177
1607,K,287306108137159,-6.6642604,-5.3354783,4.793192
1638,K,1137657252829119,8.004864,-4.8416743,-2.822764
1602,K,101796258833361,-1.6744385,-2.930481,8.567383
1641,K,1219079530936000,9.201666,-2.083667,-3.1925611
1629,K,605142748699620,-3.8211212,1.7111664,-9.515396
1620,K,940091821282463,8.496872,3.9405975,1.2105713
1617,K,266039320322427,-9.737595,-1.2410278,1.0402527
1630,K,1558490939041707,8.04834,1.7822571,4.1393127
1605,K,181152847544482,7.199963,1.1540052,6.5218053
1603,K,11103767078781,5.2121773,2.2541409,7.8757267
1628,K,1137267901233431,4.5871887,-5.242752,6.0167694
1642,K,1470513781269000,-2.3519094,6.200706,7.661668
1648,K,460933908738000,0.22273682,0.5221143,9.941727
1628,K,1137398297959147,4.718796,-4.9483337,6.2093353
1602,K,101838636762664,-2.40065,-2.604248,8.543655
1650,K,358197764717000,-4.761299,-6.356382,-4.991221
1647,K,1219852408526858,4.836886,-2.8616695,-8.775348
1648,K,460995784382000,0.20357667,0.5245093,9.917776
1645,K,1130323031686000,7.937095,-3.2356715,-4.991221
1611,K,292239140679121,9.218796,-1.864685,0.85295105
1627,K,441287537606721,4.293045,-7.7558594,-4.0555115
1626,K,597349587674949,4.5717316,-5.176819,-7.3095856
1635,K,678080846626570,4.2411804,-1.7080688,-9.11673
1608,K,40493500798028,-2.4356384,-0.16766357,8.876007
1617,K,266021948192996,-9.7803955,-1.1980743,0.9955139
1646,K,1466036717683000,-7.479646,-0.14130616,6.0378447
1646,K,1466088206993000,-7.4676714,-0.031135255,5.944439
1633,K,692081887830129,-1.809433,-7.0725555,-7.0100555
1624,K,516996386280429,6.3148193,-4.3906097,-6.2632294
1627,K,441300589383993,4.3415833,-7.954956,-3.9205933
1619,K,170477674583366,-4.8859673,-2.5959132,7.8493905
1615,K,167017427169516,7.336197,1.7061157,-6.583008
1629,K,605112757856989,-3.7631989,1.7165985,-9.575134
1624,K,516949959882565,6.3144836,-4.205887,-6.421982
1610,K,16352274621965,6.9927673,5.1046753,3.5666046
1646,K,1466071661930000,-7.2281694,0.13891114,6.464158
1627,K,441229731214463,3.3788147,-8.320297,-3.8593292
1623,K,3811472602061,3.0447998,-2.7102814,-9.363251
1620,K,940034014881309,8.41835,4.2510223,1.5104675
1613,K,175922722964938,1.0480618,4.956596,8.172607
1635,K,678015648287326,4.400131,-1.4310303,-8.97496
1618,K,197838900371866,-0.9638214,-0.8616028,9.047424
1616,K,194125801788928,-0.1583252,0.047317505,9.168884
1602,K,101799159223986,-1.6421967,-0.27401733,8.4045105
1635,K,677951819559491,4.1911926,-1.2567902,-9.216919
1614,K,82754663405000,2.3878345,7.829319,6.3228517
1634,K,76612136436353,4.9171143,-3.6035614,-7.9164886
1601,K,262950666236721,-2.381632,1.0540473,9.23264
1642,K,1470575201250000,-2.2920337,5.8055277,7.937095
1627,K,441172226938501,2.120453,-8.613205,-4.5643616
1641,K,1219060573437000,9.043594,-1.585503,-3.8200562
1647,K,1219859830787116,3.3883939,-5.1918263,-8.089409
1616,K,194226993174693,-0.26083374,0.15711975,9.260803
1608,K,40418271926005,-1.9274902,-0.18637085,9.001297
1614,K,82859071036000,3.527864,7.599397,6.0258694
1643,K,708999610317000,5.0606766,-2.2177882,-8.176597
1649,K,1163915115545174,7.638102,-0.635062,-6.83365
1644,K,1817198735645000,1.1472144,-8.600515,3.7577858
1628,K,1137421219095448,4.6686096,-4.96521,6.165436
1613,K,175923002245927,1.0366893,4.980538,8.165425
1630,K,1558629362184414,6.3159485,1.2049255,6.538086
1650,K,358303465414000,-3.9541774,-4.512217,-7.3527102
1626,K,597204568152197,4.8296204,-4.532837,-7.5648956
1641,K,1219084003107000,8.509504,-2.5339308,-4.7062135
1614,K,82736543634000,2.7351124,7.697593,6.382727
1629,K,605189537644340,-3.5080872,1.9345856,-9.549011
1614,K,82746355298000,2.6560767,7.692803,6.4114676
1626,K,597304923674783,4.572693,-5.100052,-7.335724
1615,K,166985553076656,7.342575,1.6915741,-6.576645
1601,K,262926484166159,-2.3708582,0.93613285,9.239224
1606,K,122844502634851,-7.9129333,-5.9084167,-0.0061187744
1645,K,1130287604989000,7.1132083,-4.1314087,-5.367239
1640,K,171157287129425,-3.302053,-9.559449,-2.0283377
1630,K,1558600257570295,6.386383,1.327179,6.433609
1611,K,292240701653242,9.229996,-1.8764801,0.822464
1641,K,1219098447424000,8.729847,-0.97956306,-4.617598
1649,K,1163825690337657,7.6841903,-0.6326678,-6.7492547
1646,K,1465988855702000,-8.863968,-0.29937744,4.0930886
1639,K,182480536239249,-9.167848,-1.0848726,3.8878844
1616,K,194222924571177,-0.16934204,0.029647827,9.157806
1630,K,1558562139601898,9.43277,0.82403564,-1.2728729
1602,K,101885755819469,-2.4539032,-2.9635468,8.445328
1641,K,1219015367118000,9.148975,0.28740236,-4.143384
1615,K,167085908613223,7.4346313,1.6891632,-6.439209
1648,K,461060360436000,0.2083667,0.5245093,9.927357
1614,K,82742596853000,2.5243506,7.822134,6.2821364
1642,K,1470517342885000,-1.9782863,5.2882032,7.7167535
1607,K,287262771616082,-6.745663,-5.2367177,4.663905
1649,K,1163836944161402,7.5824366,-0.57640404,-6.8743515
1629,K,605081840512055,-3.8959808,1.587326,-9.528809
1620,K,940039694812950,8.252747,4.3494415,1.6749573
1645,K,1130360856998000,8.006551,-3.168611,-4.9073954
1629,K,605132476479471,-3.8615112,1.6669617,-9.546738
1642,K,1470505976415000,-2.5051906,6.229446,7.678433
1610,K,16251465901638,7.035904,5.06279,3.5289154
1628,K,1137361861807898,4.6975403,-5.140686,6.0447845
1619,K,170530744427200,-4.707599,-2.907758,7.9625163
1639,K,182439293274459,-8.938004,-1.2931682,3.8304234
1635,K,678082115547469,4.315918,-1.5671539,-9.110977
1617,K,266019480846804,-9.813034,-1.3006744,0.99617004
1607,K,287368758452500,-6.0878563,-5.6347537,5.1247888
1602,K,101744938041748,-1.7369843,-2.847824,8.597809
1634,K,76695623342910,4.9260864,-3.6127472,-7.9594116
1614,K,82767343703000,2.787803,7.7694435,6.191126
1609,K,39485656427795,9.36174,-4.308136,2.515503
1644,K,1817170924508000,1.4034815,-8.265213,4.3182206
1618,K,197914330676992,-1.0853271,-0.74679565,9.078445
1648,K,461010029389000,0.22992188,0.6777906,10.013577
1629,K,605208128326518,-3.9336395,1.617157,-9.495346
1601,K,262945398943338,-2.4025815,1.0019734,9.244013
1619,K,170506885103148,-4.675277,-3.0400376,7.9182234
1622,K,290022220133926,-7.814804,-6.0698395,-0.37664795
1633,K,692080578649462,-1.6981201,-7.075821,-7.039032
1641,K,1219047297792000,9.417217,-0.60594,-3.2165112
1620,K,940002835693534,5.258301,7.768921,1.5638733
1642,K,1470597470351000,-2.2752686,5.7552323,7.951465
1629,K,605150120536218,-3.9258118,1.6379089,-9.494263
1644,K,1817156413987000,1.331631,-8.095166,3.2811768
1636,K,503290177790762,-1.6829529,-8.678146,3.480667
1619,K,170516178965748,-4.6621094,-3.0292637,7.8745294
1631,K,1552613367938069,0.52215576,3.3707123,8.70108
1628,K,1137254104233849,4.598343,-5.3470917,5.9318085
1622,K,290160995763508,-7.9886017,-5.858734,-0.13934326
1624,K,516932335991842,6.2968903,-4.474472,-6.273758
1632,K,2320790375299,-1.9883118,-1.6936798,8.648239
1610,K,16282685384629,7.001648,5.077301,3.5175629
1608,K,40474114502391,-2.353012,-0.26087952,8.87056
1635,K,678060564054129,4.3273773,-1.5586853,-9.100388
1639,K,182472537743069,-8.502259,-0.9124901,4.943727
1632,K,2298886400785,-2.7838593,-2.367096,8.50441
1629,K,605189819626762,-3.5124817,1.9554596,-9.595352
1616,K,194152630403592,-0.1683197,0.027175903,9.155701
1626,K,597249886766286,4.5326843,-5.010742,-7.4116974
1636,K,503442549009871,-1.0490417,-8.936523,3.0932465
1602,K,101839180585906,-2.406952,-2.6271667,8.550751
1627,K,441154240475185,2.4072113,-7.76474,-5.726715
1636,K,503370190298190,-1.6343994,-8.807983,3.2983093
1638,K,1137712539100429,-8.041525,-4.583101,2.4160488
1608,K,40456188484479,-2.0401459,-0.26449585,9.004517
1600,K,243142816178762,1.5739746,6.652771,6.301941
1644,K,1817092508558000,-0.7711963,-8.842413,3.0368848
1640,K,171186429845955,-2.1477485,-9.359832,-1.63928
1636,K,503317268258839,-1.6543427,-8.758896,3.356598
1627,K,441233417131711,3.5979156,-8.236557,-4.10376
1616,K,194095629662515,-0.20231628,0.04786682,9.1006775
1628,K,1137309392920496,4.5235596,-5.5560303,5.822586
1644,K,1817153169092000,0.728086,-8.871153,2.919529
1614,K,82774662888000,2.8620484,7.673643,6.246211
1644,K,1817190271369000,1.1376343,-8.339458,4.385281
1644,K,1817194846114000,0.9148975,-8.804092,2.8883936
1620,K,939914273056130,1.5741425,5.538742,7.4541473
1647,K,1219949335434739,4.020463,-4.9308586,-7.8930845
1646,K,1466078533834000,-7.577842,-0.07903565,5.944439
1616,K,194129991230929,-0.19961548,0.009811401,9.136078
1601,K,263013674022947,-2.3876176,0.9427169,9.250597
1617,K,266081718399628,-9.812622,-1.529007,0.45498657
1618,K,197931853856366,-0.9465027,-0.76916504,9.139038
1616,K,194215029066769,-0.18829346,0.026260376,9.147018
1602,K,101868870455151,-2.5417786,-2.7763214,8.5078125
1610,K,16226288923490,6.989151,5.068985,3.4772644
1601,K,263035900784815,-2.372654,1.002572,9.22067
1640,K,171253516794285,-2.0735283,-9.443629,-1.3256396
1635,K,677917719808106,4.261429,-1.3174896,-9.218872
1625,K,706483121481223,-5.9998474,-6.4935455,4.0830536
1635,K,677905453584572,13.042984,0.5491028,-1.4467468
1650,K,358261547602000,-4.174519,-4.023633,-7.5203614
1616,K,194174564613524,-0.19865417,0.049438477,9.132828
1638,K,1137595969209599,7.726388,-5.9355254,0.19482817
1636,K,503328396484437,-1.6825409,-8.749817,3.3557892
1635,K,678014600924045,4.42128,-1.473999,-9.031967
1644,K,1817099864169000,2.2129982,-8.138277,4.2128396
1629,K,605216064123193,-3.9778442,1.6004028,-9.50708
1616,K,194146225369980,-0.17623901,0.04219055,9.138123
1641,K,1219106687286000,8.729847,-1.1567944,-4.687053
1616,K,194253016149856,-0.19021606,0.028015137,9.118805
1636,K,503337007007262,-1.7624664,-8.772522,3.203415
1648,K,461014925247000,0.033530276,0.5484595,9.946517
1639,K,182413898421059,-8.3969145,-2.6626515,4.395455
1627,K,441229066541612,3.6434479,-8.138428,-4.405777
1649,K,1163871500412640,7.611766,-0.6242881,-6.870162
1616,K,194118309113147,-0.16560364,0.014144897,9.120682
1620,K,939922974235995,7.6861725,5.536133,0.8259735
1624,K,516901116488120,6.572571,-3.4617767,-6.6447906
1649,K,1163962161568228,7.6704235,-0.65182143,-6.7318964
1649,K,1163968785654112,7.6949644,-0.5955577,-6.706159
1643,K,709019542660000,5.0822315,-2.1818628,-8.176597
1633,K,692113711575179,-0.81585693,-6.198517,-8.052002
1613,K,175914744582286,1.0187328,4.9643774,8.1756
1642,K,1470461297445000,-2.44292,6.2869267,7.510782
1621,K,168858279668999,-9.264363,-2.0739772,-2.755726
1650,K,358218864269000,-3.9517825,-4.402046,-7.429351
1642,K,1470501381439000,-2.1435425,6.5551686,7.7383084
1629,K,605077912899750,-3.9010925,1.6541748,-9.560776
1638,K,1137635707346849,8.651149,-5.0746603,-2.5421932
1631,K,1552668908412070,-0.33229065,3.7742462,8.42717
1617,K,266019380138796,-9.76326,-1.2115479,1.1127319
1628,K,1137370220566410,4.710129,-5.032715,6.090744
1625,K,706478740682883,-5.8114777,-6.581497,3.847641
1603,K,11037965307870,5.249287,2.2703018,7.896077
1621,K,168820012140524,-9.430161,-1.3431472,-2.6168625
1645,K,1130360736007000,7.999366,-3.1542408,-4.902605
1631,K,1552531643371583,-0.41304016,3.9123383,8.253708
1607,K,287262692156500,-6.862979,-5.2444987,4.617218
1603,K,10981221922005,5.29358,2.3038206,7.9032598
1612,K,4608905962916,8.132706,3.7457428,-3.950653
1635,K,677997339565227,4.618469,-0.67245483,-9.081268
1645,K,1130345944274000,8.035291,-3.173401,-4.8571
1615,K,166986409094722,7.359894,1.7743073,-6.565918
1616,K,194144815457871,-0.18197632,-0.00015258789,9.133987
1635,K,678008679293186,4.4457855,-1.2944641,-9.045624
1613,K,175918413340981,1.1145009,4.9757495,8.154053
1613,K,175795948479461,0.9223662,5.0625396,8.152257
1606,K,122816959016347,-7.935074,-5.7278137,0.8587189
1628,K,1137295616066471,4.463333,-5.474991,5.927582
1601,K,262938734671726,-2.4271219,1.0881647,9.217078
1645,K,1130359043049000,8.018526,-3.159031,-4.89542
1633,K,692050668359947,-0.8154907,-8.255966,-5.458557
1613,K,175937963959067,1.0372878,4.9344497,8.180388
1604,K,16550393466426,4.4666443,5.065033,6.2997894
1606,K,122788861471759,-7.164871,-6.556534,-2.332962
1619,K,170525357721421,-4.717176,-2.9819782,7.8811135
1613,A,178507329992883,-2.2278047,4.3622355,4.8458643
1619,A,173530808067775,-2.3247697,-9.357139,-2.6420016
1645,A,1131849001101000,-7.436536,-13.079203,0.46463382
1622,A,1149755914129535,-0.83584595,-3.6286926,2.687317
1648,A,459707188937000,-3.515889,-11.00751,0.25866213
1643,A,710261836255000,2.090852,-6.981482,5.853428
1605,A,183128749355995,1.2635399,11.261127,1.5729905
1605,A,182966143223035,5.467758,6.3703723,6.5164185
1627,A,442614234443287,13.196075,3.794281,1.7093658
1648,A,459668744236000,-5.5803957,-10.605147,3.4608033
1643,A,710173948061000,2.0046315,-7.7167535,0.09580079
1603,A,8662843634461,-2.5258827,6.2991447,-5.722142
1624,A,518357030318662,1.7382355,-7.5245667,-2.5191498
1642,A,1472523616249000,-0.117355965,6.5240335,0.7711963
1617,A,268987120192001,-9.391022,-11.627548,3.556305
1637,A,16612895531190,12.399271,-2.1495442,2.3473651
1626,A,598637542370630,0.6290436,-5.807083,3.0671234
1625,A,707418980874452,-4.503433,-1.880539,2.643921
1635,A,676257741316390,1.2602386,-19.386353,15.607269
1649,A,1165126618368028,2.7521348,-7.1472907,4.0503907
1643,A,710271428851000,-0.035925295,-13.091177,-6.456973
1601,A,265089828874512,11.9853735,14.25388,-0.5823896
1647,A,1218392626539803,3.7271736,-10.123882,0.49320555
1607,A,288768482782742,5.2965727,12.522872,0.89782566
1629,A,1127077147146936,-3.1506805,5.2239532,-4.3867645
1625,A,707404559468993,-4.757126,-1.7067566,-1.8315277
1625,A,707502548377334,-7.9233093,-0.23118591,0.7513428
1627,A,442706261424037,10.853806,-0.7583313,0.5749359
1650,A,359708499290000,-8.921448,-0.97237796,-2.047742
1642,A,1472549058911000,0.81909674,10.186019,1.6190332
1650,A,359688872935000,-10.176438,-0.8669971,-3.8200562
1613,A,178497553391115,0.50278234,8.587403,0.6607997
1623,A,2572990120685,-5.0022583,-12.734116,0.70222473
1639,A,185000898121963,12.198158,-2.7621605,1.9273324
1631,A,1553905703457971,0.15341187,6.1983643,-2.5411377
1650,A,359607844653000,-0.9580079,4.2080493,5.7767873
1630,A,1560132429207039,3.7729797,0.34103394,-0.58898926
1634,A,77941683553336,-1.2198029,-7.764282,-1.5345001
1621,A,166991542450066,6.039374,14.325108,11.870452
1614,A,81333385516000,0.96040285,10.293795,-0.86939216
1649,A,1165185276816965,-3.1531637,-16.044743,0.6955156
1622,A,1149676505842790,-1.1979828,-3.419983,1.2648468
1649,A,1165020274872600,2.5127146,-4.161721,-12.373833
1614,A,81390391161000,1.2094849,9.22801,5.0630717
1619,A,173636752799559,-0.36511576,-10.3639,12.027272
1613,A,178633903655231,-0.16639702,15.107412,0.24600422
1603,A,8573378226475,-2.3169887,3.1376014,-4.6657004
1641,A,1217715004321000,15.589183,1.223855,-0.081430666
1643,A,710242327844000,-6.1575956,-17.63932,-2.2297633
1646,A,1468074255001000,7.8556643,0.73048097,0.18681154
1646,A,1468001619158000,5.1924024,-1.2693604,-1.829795
1614,A,81294340879000,0.2802173,10.224339,4.5816727
1628,A,1138518956526298,-1.5914459,-9.384399,0.6706085
1620,A,938153518866363,4.053528,7.9532166,-1.2620544
1625,A,707361214752165,-11.885208,-2.025177,-1.0460358
1625,A,707490503677402,-14.043442,3.6824493,-1.0730438
1643,A,710145028241000,-0.69695073,-5.415139,-1.5447876
1623,A,2565588082111,1.7228394,-9.256989,-0.87049866
1643,A,710266854247000,0.53169435,-6.6198344,2.0453467
1641,A,1217790765385000,9.941727,-1.0178833,0.97237796
1606,A,124272995380141,-10.315414,-3.881958,-1.4647064
1603,A,8660050361129,-4.137779,2.6180596,1.0289081
1612,A,3998665803126,-1.0873718,-4.269516,-2.1454163
1600,A,252364972729137,-3.4520416,12.612961,5.3970947
1648,A,459700116529000,2.208208,-4.790039,-4.88105
1608,A,111559782410990,-1.3328247,12.585403,-6.096863
1629,A,1127160130540359,-0.98150635,8.77356,-0.85369873
1605,A,182972607675585,-1.292869,13.248914,1.2814964
1643,A,710243939834000,-0.5939649,-12.937896,-4.84752
1625,A,707531310569298,-4.4459534,-1.4240112,0.4955597
1609,A,42004307763642,6.1889343,-9.432434,-0.7246704
1608,A,111628163167071,0.72789,13.149109,-0.5512543
1610,A,18800637351955,-0.8226166,2.0942535,-2.8674774
1638,A,1140329608976497,10.453982,-1.6924013,-1.1942577
1606,A,124140060801114,-11.710022,-2.6756592,0.058807373
1633,A,694935588389274,0.76016235,-6.611847,-0.82354736
1603,A,8651630667173,2.8461072,10.341754,-3.0819361
1645,A,1131809830648000,-0.7592212,-2.2106032,-0.52690434
1628,A,1138558474342529,-0.3247223,-5.4319,0.12686157
1616,A,192715235170698,11.064484,-11.718643,2.0620117
1642,A,1472453673574000,2.3662794,9.924961,0.81909674
1618,A,775507678132873,-12.465378,-6.7598877,1.8232269
1649,A,1165181286521340,0.8295909,-13.896545,0.031124622
1648,A,459771968340000,-8.686736,-6.744375,-2.1459377
1616,A,192792599061528,2.039322,-8.998184,2.451233
1619,A,173523864458352,-3.3117795,-12.338518,5.988497
1625,A,707412777264428,-11.583328,-1.711319,2.3539886
1642,A,1472403816081000,-10.413546,-1.4705421,0.5939649
1645,A,1131782105142000,5.4223247,1.2933106,9.299861
1645,A,1131814525443000,2.8500733,-12.7918,0.7424561
1601,A,265209819184674,2.6491842,11.407773,-0.3597288
1605,A,183098743304808,-0.09816227,12.884995,-2.9783869
1649,A,1165183561028212,-1.4389153,-4.9661727,-4.5202527
1642,A,1472549965268000,0.90771246,15.136524,-1.8250049
1632,A,5569373591687,-0.36488342,-13.67128,4.9404907
1643,A,710214535121000,-6.6126494,-17.660875,4.045188
1638,A,1140408024171017,6.824373,-1.0172365,-0.52148706
1646,A,1468068776050000,9.302257,-3.1494508,-8.600515
1634,A,77979449042267,-4.233719,-10.89032,-0.19195557
1627,A,442643137641507,10.264313,3.039505,-0.64756775
1611,A,3264302998487,0.56791687,-14.953033,-2.2106628
1607,A,288752680755875,0.41240123,10.039486,-2.094328
1602,A,99184739060827,-0.20056152,-14.648041,1.1005249
1614,A,81412742646000,-2.9458742,9.946517,1.0178833
1622,A,1149846752751397,-2.5701294,-12.167374,-0.11494446
1615,A,168909227108322,1.4749908,-8.887863,-2.8193207
1638,A,1140423966927487,10.9543705,-10.823887,-8.74557
1643,A,710190554237000,4.3182206,-8.475974,-1.334026
1644,A,1819416174453000,3.1063404,-7.8556643,2.811753
1650,A,359658866956000,-7.692803,0.33290774,-0.62510014
1601,A,265093620086387,3.9827545,9.338584,-2.022502
1628,A,1138562341530029,1.9049072,-8.763855,-2.3600159
1605,A,183090481410697,2.0961237,12.703634,0.39683893
1625,A,707494954971347,-5.8184814,-0.6262665,2.6208038
1614,A,81460650785000,-4.296665,10.772799,-2.5842261
1619,A,173495013677165,0.866701,-11.043256,1.6927006
1643,A,710154056882000,8.50711,-10.597961,-0.33290774
1610,A,18782157450174,0.32336426,9.6323395,-4.0809174
1628,A,1138473597632030,-0.9001465,-9.682922,-0.13893127
1644,A,1819503778956000,0.098195806,-7.8508744,2.6273365
1608,A,111707500917279,1.4449158,8.503876,-2.657196
1633,A,694795845938491,1.5483551,-8.132095,-0.21989441
1616,A,192736182452377,-2.0832672,-5.3851013,0.0073547363
1621,A,166963330721118,8.030751,11.379641,4.148553
1635,A,676306020755261,2.346161,-8.175873,1.1073303
1618,A,775524949557542,-3.966034,-8.499878,0.106536865
1643,A,710127635990000,5.9085135,-9.22801,0.9580079
1627,A,442613529487232,2.396881,2.3183594,-1.3609772
1642,A,1472446220425000,3.6068995,4.2799,10.490186
1608,A,111643450649085,0.53349304,9.536407,0.6688843
1617,A,269051321543594,1.6641693,-10.079407,-3.4743652
1614,A,81338903793000,-0.33530274,11.996654,-2.078877
1622,A,1149753899969379,3.8372955,-19.04599,5.559372
1620,A,938188363838620,4.625244,11.229523,-1.8565521
1642,A,1472470776558000,2.4980054,14.382092,1.9830762
1646,A,1467944472449000,11.735597,4.040398,-7.060518
1620,A,938153216742339,3.7779694,9.611053,-1.2997742
1627,A,442629844179602,4.8770447,-2.875946,-3.5250702
1632,A,5696416722786,-0.19186401,-9.00592,-0.05671692
1619,A,173499842661537,0.65541273,-9.822811,1.328782
1628,A,1138411360104040,-0.43504333,-10.993805,0.25636292
1636,A,504709506101076,-4.210968,-7.8361664,-0.9664459
1646,A,1468007440637000,19.303858,1.4082716,-1.9112257
1613,A,178621216786538,-1.9668367,11.926716,1.1965023
1636,A,504801704271842,1.5150146,-6.1248474,-4.5713043
1646,A,1468036587584000,4.2080493,0.2682422,-0.61073
1648,A,459631366885000,0.8334668,-5.51094,0.62510014
1616,A,192699685843714,-1.1406097,-7.968338,-0.50390625
1614,A,81423681139000,-13.864769,14.846726,4.102669
1628,A,1138540689329968,1.4025574,-9.666122,-3.1082306
1608,A,111647962367835,-3.9888306,16.549072,2.8746185
1613,A,178534824583445,-0.9684546,9.622895,-2.1643584
1622,A,1149843328667053,-2.1116028,-12.904251,-1.098587
1610,A,18758843540209,7.4915924,11.267609,6.524414
1618,A,775442419318242,-6.662903,-15.529083,-0.17601013
1625,A,707398557271727,-9.79628,-3.082016,-2.3252869
1635,A,676296513898532,5.5558167,-1.5175323,-1.8934021
1634,A,78085897420229,-0.3121338,-13.66803,-5.34523
1607,A,288839114583757,2.1703439,9.604341,0.29269117
1628,A,1138421511457354,-0.6175232,-8.682571,1.4673004
1644,A,1819556748650000,0.8909473,-7.1467385,2.804568
1641,A,1217680638157000,12.310401,-1.2094849,-0.098195806
1631,A,1553908875760217,0.7459717,2.4900055,-8.482269
1631,A,1554043723764948,19.15802,19.55104,5.58902
1614,A,81451452899000,1.1591895,3.171006,3.7506008
1622,A,1149721169861261,-1.5677948,-8.387497,0.82766724
1648,A,459786052573000,-10.815908,-6.976692,-3.420088
1643,A,710150167192000,1.719624,-5.7911572,1.219065
1603,A,8647717947174,5.3085437,11.057022,0.23702596
1636,A,504789619315813,-3.3393555,-7.854843,-3.0540924
1614,A,81303261069000,-8.844808,12.854071,4.5553274
1634,A,77994857352333,0.51646423,-4.5943604,-6.94162
1650,A,359688650640000,-7.692803,-0.9268726,-2.0046315
1635,A,676261407105807,3.4466553,-13.720657,7.999832
1632,A,5643545018763,0.063323975,-4.641159,-1.0099792
1646,A,1467900801161000,0.8981324,-14.274317,-6.382727
1649,A,1165109220577514,-4.274847,-14.4370365,2.2080526
1627,A,442663057699530,3.7305908,1.5677338,-0.929657
1603,A,8662324938575,-2.333748,15.513828,-14.655507
1621,A,166926020184934,8.93935,3.6182373,-0.05686229
1632,A,5650292462402,11.2847595,-17.109482,16.570053
1608,A,111623288899492,0.020599365,7.056656,2.7770538
1644,A,1819586044462000,0.3879932,-8.727451,4.7086086
1650,A,359640711260000,-5.4582496,-1.3004956,0.5029541
1631,A,1553892812826974,4.2194214,12.527206,-0.5288849
1624,A,518295648767543,8.890518,-7.854233,-1.2047119
1617,A,268958921961673,-5.2645416,-10.605911,-0.66729736
1642,A,1472561750126000,0.31135255,5.4510646,0.3879932
1614,A,81436419765000,0.90052736,11.057806,4.6966333
1632,A,5667815644722,-3.3492737,-17.756088,-0.7604065
1642,A,1472401479240000,-14.964083,-2.066902,0.39517823
1648,A,459737170879000,-0.39996827,-2.2273684,-2.2321582
1627,A,442743080289368,11.422485,3.1316986,-0.79234314
1625,A,707527544089805,-6.8760223,-4.151581,-0.7051239
1608,A,111616742871958,-2.2766724,9.657257,0.043060303
1644,A,1819491569050000,2.7973828,-7.5179667,2.7758276
1611,A,3378707303250,-10.833603,-7.2669983,2.5794067
1602,A,99112783206184,-0.31167603,-9.7122345,0.9065857
1630,A,1560044863592813,8.208359,-0.6415863,1.0176544
1630,A,1560074371047260,11.835342,0.582489,3.6028137
1607,A,288797772236379,6.4745197,13.708002,-3.678691
1609,A,41916440044280,-0.46166992,-4.455948,1.4414215
1619,A,173637790449714,-1.0079589,-19.208681,7.7703815
1632,A,5623504133698,6.8761444,-6.803772,-0.30000305
1642,A,1472422812316000,-9.575289,-3.1901662,1.5974782
1625,A,707527805930626,-8.080902,-0.10574341,-1.848587
1640,A,172605801302611,6.6103907,-1.9841946,1.2559084
1641,A,1217760005929000,9.924961,0.1101709,-0.974773
1622,A,1149767394822793,-4.8675537,-10.595779,0.03337097
1632,A,5659356176744,2.1637115,-16.025894,-2.4275208
1627,A,442785256803433,7.3408966,-1.0080109,1.7790985
1628,A,1138484776225655,-0.28353882,-5.6647186,2.882904
1645,A,1131756898179000,-6.1528053,-0.06227051,2.9841945
1605,A,183113149143293,-0.109534726,10.891822,-2.0428526
1600,A,252250266308691,-0.6682434,12.100388,2.2789001
1622,A,1149673484601147,0.07647705,-6.0599365,-2.3468018
1642,A,1472565114257000,-2.4525,10.327325,-0.27542725
1646,A,1467986108900000,11.400293,-4.3301954,-2.2944288
1633,A,694869785761402,-2.5101776,-5.843231,-0.40045166
1607,A,288865450173072,1.1994951,12.774263,1.6938977
1641,A,1217767539547000,5.7696023,-1.6765138,-1.8776954
1617,A,269073628368516,-17.704163,-14.754272,2.093628
1636,A,504716152829592,-4.712326,-11.707108,3.420761
1601,A,265116883253408,2.8760347,3.108871,-0.24600422
1605,A,183020412501818,2.1039047,8.996812,0.28491
1633,A,694805957036180,0.99749756,-13.189072,-1.3478241
1644,A,1819444805141000,1.6405884,-6.5455885,2.2058132
1647,A,1218489511266745,1.1378443,-7.4854717,-3.1411927
1603,A,8487744350098,3.888782,9.112331,3.8576574
1620,A,938174466137697,0.22537231,6.9187927,-1.3881378
1607,A,288784405888883,0.9415198,11.213842,-1.6238673
1604,A,18459017962576,0.85710144,8.822769,-1.4413757
1634,A,78017063473761,-2.6437073,-9.010498,-1.8863373
1638,A,1140384233770147,12.671013,-0.72993225,-0.710629
1629,A,1127250969179150,-2.1341248,9.4904175,-1.0175629
1648,A,459795462086000,-0.7424561,-15.838264,1.5423926
1632,A,5677181501497,0.99168396,-8.037643,1.1366425
1616,A,192675959041765,11.489487,-16.363861,4.652603
1650,A,359719179430000,-3.796106,-2.7806177,-5.5780005
1600,A,252313208804798,-2.2619934,9.583374,-0.3396759
1642,A,1472557217611000,-1.3699512,10.406361,3.0201197
1616,A,192643873470930,-4.6486664,-8.76738,1.6103973
1627,A,442689020218491,5.3023987,-1.4818573,-1.3785858
1601,A,265248087500285,1.6112977,14.89373,0.83258367
1642,A,1472560622009000,-1.8513502,10.99314,6.983877
1615,A,168901220805089,2.093048,-12.470139,-6.5690002
1607,A,288898052508112,-0.16639702,8.614338,-0.48602295
1642,A,1472502766431000,-1.2789404,5.613926,3.1494508
1626,A,598635729626490,2.1677551,-10.746414,0.6615906
1620,A,938051350586896,4.481781,10.85701,-2.5977936
1644,A,1819512362063000,3.2644117,-4.4738965,1.4513819
1614,A,81306821548000,-0.32572266,9.077125,0.34967285
1611,A,3296730986994,-4.8279266,-2.4820557,3.6725159
1639,A,184989259830453,6.662764,-2.185158,0.79966336
1632,A,5686648054232,5.335846,-3.600357,-4.019455
1614,A,81345846711000,-1.9136207,12.882811,4.2032595
1618,A,775479580600715,-8.253708,-7.126816,-1.163208
1633,A,694930109864712,0.84451294,-8.151306,0.3491974
1647,A,1218434285443850,-0.39504328,-6.907272,-3.4410665
1604,A,18494165031191,-3.0220184,15.669388,-4.0243835
1608,A,111566972966418,1.4179382,18.180222,7.2155914
1641,A,1217691616770000,10.502161,0.8262818,-9.208851
1639,A,185095362054303,14.032117,-7.2465005,4.709395
1608,A,111694529753082,-3.596161,11.523712,-5.552643
1635,A,676272142564722,2.1373138,-12.047348,7.834854
1616,A,192671668880633,-3.8988495,-5.32576,-17.50531
1615,A,168841098104637,1.0601654,-8.525085,2.892456
1644,A,1819476840639000,1.463357,-8.859178,1.7794995
1640,A,172514283823781,7.764396,-6.782175,-2.143858
1614,A,81360602416000,-0.15328126,13.079203,1.6190332
1618,A,775585172945524,-12.067764,-7.4415894,-1.3446198
1643,A,710242610012000,3.1255007,-7.726333,2.5842261
1641,A,1217800575591000,7.893985,-2.3135889,-4.4331813
1625,A,707424962930116,-9.045074,-1.701828,-3.7294617
1643,A,710264173790000,2.4812403,-8.363408,0.8861573
1600,A,252334307149108,-0.6014099,7.5803986,0.7279663
1635,A,676221728144234,-2.226303,-13.308289,-2.7936707
1640,A,172510337075471,13.218388,-1.9363106,0.006135142
1635,A,676313452978128,6.784683,-8.825684,2.3810577
1621,A,166941981736907,-5.016451,8.491036,-4.258686
1644,A,1819538393630000,1.9016455,-8.986114,1.6789087
1649,A,1165050521684881,1.5412674,-8.374918,3.5859156
1616,A,192779084034904,2.9084473,-12.516022,7.2466125
1635,A,676215161984476,2.2802124,-2.066101,-4.1677246
1632,A,5650342816406,4.8896637,-1.3387909,-3.5219269
1602,A,99032619610807,3.0384827,-8.207489,-0.8639679
1624,A,518323242780366,4.3237915,-7.5399323,-1.2671661
1644,A,1819472690267000,1.7411792,-8.5119,2.3423293
1608,A,111659624330269,-11.757355,17.950134,6.895645
1643,A,710277596087000,2.315984,-3.8511915,1.9854712
1616,A,192659734975503,-2.1701202,-9.605942,-0.019470215
1650,A,359657738647000,-5.0487013,-3.1853762,-1.5399976
1631,A,1554050672617487,3.6750793,11.86499,-0.43113708
1620,A,938110667622958,2.9104156,8.684738,-3.254074
1601,A,265166922938390,-0.11312603,8.02716,0.17118542
1635,A,676174073110601,-0.431015,-13.322144,0.84802246
1633,A,694881004643781,2.7497864,-15.746109,-1.1637268
1629,A,1127206254792682,-2.6603394,8.89241,-1.470932
1646,A,1468004036298000,7.1539235,-0.2706372,-3.4751735
1604,A,18399851989663,1.4565887,10.6015625,-1.5288391
1627,A,442689584183335,6.076233,-2.2759552,-4.3965607
1625,A,707507019812881,-12.379715,1.0177155,-2.6507568
1650,A,359671743623000,-12.317586,-8.3179035,5.3169436
1641,A,1217667806092000,18.537453,-0.6849756,-6.3779373
1630,A,1560116819465274,14.825912,2.983551,0.9706726
1641,A,1217739620286000,9.788445,-1.5591577,-0.32572266
1629,A,1127243617494580,-2.379715,10.606323,-5.5213623
1648,A,459702594794000,2.4333398,-10.178833,0.62749517
1648,A,459630621464000,-2.311194,-9.582474,2.6488917
1650,A,359638977767000,-9.342972,-7.6257424,1.4849122
1608,A,111589430865588,-8.605606,19.613052,0.96798706
1633,A,694880702519757,4.8914337,-3.1703186,0.25421143
1625,A,707468710491407,-5.1085205,-1.8420715,1.5585327
1641,A,1217738069156000,11.299703,1.2046949,-0.28740236
1608,A,111614789136606,0.92344666,7.390579,-0.1159668
1650,A,359739250223000,-11.60387,-2.924319,-3.8511915
1618,A,775589503380486,-8.200455,-7.7305145,-2.0347748
1641,A,1217728964039000,9.182506,-0.87178713,-3.410508
1607,A,288907868991806,0.1316811,7.6003933,0.11851298
1648,A,459749763999000,1.9687061,-8.487949,0.73527104
1647,A,1218362380272834,-1.4927847,-12.348095,1.3611037
1600,A,252317639968201,0.90097046,6.4816284,-0.3742981
1635,A,676331338728466,2.1547394,-14.89946,9.172806
1646,A,1467975775193000,8.190968,-1.5471827,-1.0370435
1604,A,18388421639609,0.84529114,8.031372,-0.29447937
1633,A,694954521478821,-0.11225891,-2.9122467,-1.306839
1644,A,1819555096495000,3.8679566,-10.820699,1.6118482
1605,A,183130467338024,6.70556,19.612701,8.941745
1646,A,1467921569389000,7.082073,-1.3771362,-1.2094849
1646,A,1468044241985000,3.5063088,-0.10777588,-0.89573735
1635,A,676309323949807,7.4545135,-15.214401,-5.313431
1629,A,1127189738706048,-3.0052032,8.703049,-0.39508057
1607,A,288838396333289,0.12629414,13.649942,1.489792
1632,A,5663334143052,0.9954834,-8.262054,2.5700836
1648,A,459631931143000,-0.9627979,-6.382727,1.1663746
1627,A,442765477743599,7.7272644,-0.84532166,-0.82676697
1644,A,1819437813758000,2.1076174,-8.660391,0.32332766
1626,A,598680091511098,3.6281586,-9.402466,5.215088
1624,A,518387595196655,4.0045624,-7.593567,0.10247803
1627,A,442727107996411,6.58963,-2.7422638,-4.7448425
1614,A,81342662309000,1.2502003,5.886958,2.8668385
1642,A,1472511891935000,2.3734643,11.843372,-0.83586186
1608,A,111689957605442,-9.144821,6.5603943,3.4623718
1622,A,1149817194955920,-1.9427643,-10.624481,3.7867584
1645,A,1131780593828000,2.3806496,1.4010864,11.7930765
1636,A,504671438470512,-6.8000336,-11.417923,0.79504395
1643,A,710210909417000,-7.7143583,-17.371077,1.1855347
1634,A,78085293155523,-5.886078,-12.213394,-2.4755554
1620,A,938107293918624,2.3516998,5.5545807,-0.91270447
1610,A,18865191190585,2.831833,11.916626,-2.4490662
1616,A,192701760428675,-2.3851318,-3.8879395,2.527542
1616,A,192736021319565,-2.519394,-7.634308,-9.73819
1645,A,1131800339963000,-2.7183473,-2.2776637,-0.8861573
1616,A,192726232473497,1.0794678,-6.401596,1.067627
1647,A,1218328661765817,-1.3557167,-1.2114661,10.361506
1605,A,183107400745796,-1.6352397,9.25359,-3.478775
1636,A,504781411598585,-3.5425873,-10.654404,6.6532135
1607,A,288749887558012,1.751957,0.41000703,-4.337695
1601,A,265108064945131,19.612701,19.612701,12.645575
1643,A,710224369154000,3.0225148,-7.7550735,2.3375392
1645,A,1131740617567000,-2.912344,-0.7879615,1.6693287
1610,A,18858896950896,4.107025,13.408569,-1.1341248
1641,A,1217658056112000,11.122471,3.63564,3.3673975
1641,A,1217724673451000,13.064832,-1.6142433,-1.6836988
1602,A,99102964149834,1.2803802,-3.3227081,2.998932
1605,A,182982223915478,-2.6234465,13.591285,-1.0378864
1611,A,3374678982938,-5.347931,-8.724167,1.4937134
1640,A,172527776691911,9.770737,-3.4207156,-1.2220904
1627,A,442767733582023,6.667694,-1.2562103,-0.7890167
1631,A,1554028416135185,-6.263321,15.127731,1.3044434
1641,A,1217642987811000,7.3622904,0.117355965,-3.5781593
1616,A,192745447568559,9.633118,-10.4210205,1.1333313
1648,A,459648373046000,-6.5288234,-14.317428,-0.36164796
1627,A,442767874573234,11.26268,4.420044,-0.7379303
1605,A,183100938486370,1.8680758,13.703812,-0.7553706
1625,A,707366411285368,-14.757309,1.0630035,-2.8721771
1648,A,459730400760000,0.23471193,-15.723304,-2.2656887
1605,A,183000378395056,-1.6759412,8.75799,-2.1110873
1621,A,166960138028463,4.1144357,11.6855,-1.8285716
1628,A,1138468461523632,-1.4586792,-6.2812653,0.118637085
1604,A,18457960528494,-0.59239197,7.9186707,-0.13017273
1646,A,1468055199813000,6.9551373,-1.575923,-1.5208374
1625,A,707381537637315,-3.1827087,-2.0622864,0.13951111
1633,A,694919938344344,-3.6822205,-9.61058,-0.15974426
1612,A,4052645298022,-1.7427826,-8.170883,-4.441818
1621,A,166845174672205,-4.80636,6.8402343,-7.8625584
1637,A,16642371435310,6.492776,-0.12883797,1.9427451
1634,A,78056692071401,-0.98587036,-13.683548,3.0924683
1627,A,442772728699211,13.174698,0.46595764,0.9654541
1647,A,1218326387548630,-4.993706,8.495226,0.31064767
1644,A,1819427135119000,-0.5125342,-12.1379595,0.06706055
1623,A,2540008268345,-0.07949829,-8.061844,0.031677246
1627,A,442734681238598,5.6707153,-2.6695557,0.7703705
1609,A,41948364467539,-0.3015442,-3.8562622,2.3070374
1642,A,1472451216052000,-1.7699195,7.084468,-4.30385
1601,A,265098168205656,4.6561236,8.306683,1.2378023
1628,A,1138571908803235,0.34568787,-9.260284,0.747818
1633,A,694945840445461,1.155777,-14.676559,-4.8880463
1625,A,707493545059238,-13.414764,3.7665863,-1.6190491
1627,A,442626057570001,12.555923,4.0114136,-1.9833527
1614,A,81439762576000,-12.688814,16.015497,2.308799
1630,A,1560065055569275,6.2832794,-0.9593811,-0.33598328
1605,A,183043117772748,-2.8832173,6.476914,-3.435081
1612,A,4009038723219,-6.788437,-11.213287,-4.0952606
1629,A,1127121055834913,-3.1623688,13.885269,-7.7835083
1631,A,1553988183296860,-0.056350708,14.742722,-4.0189056
1607,A,288729738098958,2.6791117,13.017275,0.1352724
1643,A,710129389774000,-0.364043,-20.209175,4.102669
1616,A,192700209525355,-4.1153717,-6.5915985,5.0649567
1626,A,598768915994706,9.120377,-11.719681,0.06491089
1639,A,185073469201983,9.363423,-1.5626655,2.2768857
1645,A,1131782427526000,6.4018874,0.78556645,7.2832546
1628,A,1138464151239171,-5.733917,-9.379318,0.70877075
1628,A,1138450898055022,-2.8802185,-13.36763,0.02760315
1644,A,1819520159432000,1.092129,-8.150251,3.1446607
1615,A,168771206767544,-3.22995,-3.6103058,1.5006866
1604,A,18360475157068,1.8429871,9.019379,-1.3065643
1601,A,265196012927857,6.7725983,9.45171,-5.2486887
1639,A,185125402694663,9.516652,-1.615338,0.81163436
1615,A,168888481242023,3.0006409,-13.372238,-7.372696
1616,A,192765609318131,-2.6507263,-3.6399078,0.5359497
1645,A,1131750410015000,6.3947024,-13.812078,0.14130616
1621,A,166937871654931,-6.4577603,10.924144,-8.670003
1647,A,1218463813516755,6.401497,-12.989142,-1.4197617
1627,A,442686180258041,11.830261,0.31027222,5.8522644
1634,A,78055987115347,-2.142624,-8.251648,-0.8619385
1641,A,1217810204375000,12.264895,-1.2621753,-0.64186525
1633,A,694849442745310,6.2853394,-7.8977203,-0.9042511
1625,A,707516647484221,-6.452179,0.45584106,-1.1869049
1644,A,1819533215369000,2.7566676,-9.14658,1.8369801
1635,A,676283764269848,6.745575,-5.69281,-6.5183716
1641,A,1217660755588000,5.989944,-2.9027638,-1.9399658
1636,A,504719979740378,-1.9543457,-6.0965424,-0.2049408
1611,A,3216365998199,-1.3023834,-7.383194,-0.2936859
1646,A,1467971827364000,7.4748564,1.0059083,-4.351751
1611,A,3307456388807,-4.131256,-13.994202,-1.5448914
1629,A,1127168690730118,-2.3434448,10.6259,-3.3129272
1633,A,694791676628539,-2.8921356,-12.080475,-0.38339233
1646,A,1467951623465000,6.210286,1.5615528,-0.93405765
1637,A,16729855520700,11.534965,-4.543746,1.9547161
1606,A,124289360441578,-13.357788,-1.1762085,3.332779
1631,A,1553887878134591,1.4742126,11.17569,2.4385986
1603,A,8638421153231,5.173271,13.81215,6.63134
1614,A,81469591537000,-6.5264287,10.226734,1.2813355
1642,A,1472457219226000,-2.1100123,6.0306597,4.679868
1640,A,172579758344451,11.054029,-4.4382515,-0.044143096
1613,A,178478399547634,-1.2934675,3.632004,0.86370826
1606,A,124176718512872,-9.269226,-0.5353546,3.8621826
1650,A,359669728651000,-14.822777,-1.3699512,-1.8585353
1621,A,166926419211027,14.591462,4.9278655,3.7355533
1637,A,16640772042830,11.858182,-2.503886,3.2116718
1606,A,124269017413832,-9.91507,-2.2555084,-0.9341583
1614,A,81418201923000,0.7831714,10.423125,-2.2369483
1639,A,185120254416143,9.329905,0.13482349,-1.1252748
1608,A,111642302578398,-3.0912323,12.680618,-1.6907501
1604,A,18508062739208,0.83013916,7.5223083,-0.19970703
1604,A,18436408994808,-1.5748596,8.256683,-0.27357483
1608,A,111676744712479,-5.7075043,19.202179,0.7266998
1628,A,1138539782957897,0.7346802,-9.426743,0.93156433
1610,A,18763778224764,-0.50634766,7.04422,-2.2682648
1624,A,518345247470108,5.557846,-9.887253,1.7705841
1603,A,8540937245444,1.1270704,12.402563,-13.789405
1642,A,1472437497548000,-9.896221,-2.4692652,1.829795
1625,A,707532317649376,-4.741089,-1.5169983,2.33638
1648,A,459645028258000,-5.6618266,-13.050462,-9.970467
1643,A,710136725014000,6.3803325,-22.618565,-6.6342044
1648,A,459709143304000,-0.5556446,-4.7229786,6.734795
1606,A,124299783719758,-11.338577,-3.5896454,-2.202362
1644,A,1819558602269000,1.6166383,-7.3455253,2.5147705
1635,A,676170568471929,4.230942,-10.532257,-5.5789337
1600,A,252271012162067,0.05618286,5.483139,-0.6039734
1616,A,192693643366986,-5.039337,-3.68042,1.322586
1606,A,124288353339268,-11.22319,-2.7688751,2.9624329
1608,A,111596641568137,-0.43066406,18.246475,6.904587
1630,A,1559995969871459,15.179184,2.4429626,5.227829
1605,A,183036371831759,9.226655,19.612701,12.235568
1646,A,1467994871263000,8.135881,-1.6310084,-1.3867164
1629,A,1127199305961836,-3.3640594,7.6078796,-2.0622253
1635,A,676292203595798,5.425049,-13.25708,3.3170776
1614,A,81401151493000,-8.224498,15.407162,8.789722
1632,A,5599384552195,1.9951324,-16.158585,0.21937561
1619,A,173569594990365,-6.7708025,-6.6564794,0.4285621
1621,A,166987392598192,8.980052,13.733141,2.8419175
1627,A,442747531577118,7.2039795,0.26983643,-3.227951
1614,A,81428606410000,0.46942386,10.293795,-2.4141798
1619,A,173564408282919,-0.5422867,-8.639477,-0.8170213
1649,A,1165163170422858,4.091092,-11.703457,4.3742065
1633,A,694930774537564,1.4976044,-6.154663,-5.3346863
1640,A,172547768739231,16.42183,-3.1501708,0.2311901
1639,A,185110657672463,10.136751,-2.683152,2.765303
1644,A,1819507828588000,0.98914313,-7.2832546,2.9722195
1645,A,1131817890485000,5.5732107,-9.153765,-0.5556446
1605,A,183018297628901,-0.86610246,6.637326,-2.5079262
1622,A,1149722932251398,-4.8651276,-18.218323,0.29833984
1621,A,166892501249687,-0.4165911,10.817003,-3.0873232
1630,A,1560086153886272,10.1241455,2.4165802,0.7682648
1646,A,1467912263317000,3.3458424,-3.906277,-1.4465919
1620,A,938096467790937,2.633133,8.174088,0.55326843
1624,A,518291519739223,2.757431,-6.138214,-1.2182007
1612,A,4053199192065,0.8330231,-5.7098236,1.4931335
1607,A,288751525317803,1.4030021,12.588114,0.9911995
1633,A,694803076773452,1.7297821,-9.636322,-0.75590515
1642,A,1472412055213000,-8.861572,-2.7279274,0.97956306
1608,A,111670782799171,-2.2988434,11.676254,-3.2914124
1600,A,252295433838390,-1.83107,6.868561,-1.2879791
1611,A,3295321074885,1.719284,-14.566711,5.263855
1617,A,268959375147709,-1.3690338,-6.0374756,-3.8128052
1621,A,166967679926586,-7.3603745,6.173449,-8.346786
1627,A,442765578451607,7.6413727,-1.8491364,-1.0191193
1649,A,1165027815898900,-1.0121487,-4.787206,1.846528
1643,A,710217217010000,-2.8788135,-13.855188,-1.4968873
1641,A,1217735873497000,16.48492,-4.392466,1.0609937
1613,A,178605694019563,-2.6270378,8.89446,-2.1398177
1627,A,442624305250665,6.492447,1.489563,1.170929
1616,A,192757451955380,-1.1530304,-9.550034,2.3859253
1645,A,1131715028178000,-3.4631984,-3.3458424,-1.4346168
1631,A,1553971616831773,8.912994,13.455307,4.0122833
1642,A,1472523857954000,1.6190332,14.2623415,-3.8559816
1628,A,1138405398176538,-0.9864197,-7.9281464,-0.14131165
1634,A,78037104383404,-2.6999054,-12.667007,7.6802673
1648,A,459664694205000,1.8681153,-8.727451,-1.1807446
1648,A,459670839779000,-5.2810183,-10.760823,2.684817
1629,A,1127074176260705,-9.268387,0.7883911,-0.893692
1619,A,173549724930425,-4.362834,-9.890448,1.3617022
1642,A,1472475571003000,-0.14130616,9.10347,0.65384036
1601,A,265171631592035,2.2415714,11.702259,1.0031705
1646,A,1467901526732000,6.799461,-5.599556,0.8933423
1616,A,192769033390397,-5.0953827,-7.3795776,-3.7447357
1646,A,1467953194666000,9.417217,-2.088457,-1.5016773
1611,A,3212186615874,-0.14305115,-8.810547,1.7779846
1623,A,2564732064045,5.948883,-10.430664,0.19015503
1614,A,81319401220000,-1.705254,10.777588,1.5399976
1601,A,265245653013099,-4.1611223,19.612701,14.013263
1628,A,1138568182594482,1.6003265,-11.8402405,-2.3661957
1646,A,1467962339670000,8.267608,-1.1855347,-2.7351124
1615,A,168802124134849,-5.9045258,-14.311691,-1.9839783
1629,A,1127134047181276,-2.2338257,11.991867,-5.118408
1616,A,192783897869266,-0.53952026,-7.04895,-2.5685272
1640,A,172492308803491,10.307038,-1.7447745,-0.1782184
1605,A,182965903802099,-1.2725182,5.122993,0.8283938
1642,A,1472440861742000,-9.699829,-4.392466,1.951941
1606,A,124272139362075,-11.627258,-4.2629395,-2.615448
1618,A,775554054154385,-11.692902,-7.9073486,-2.1391296
1650,A,359677506852000,-6.4066777,-0.31853762,-6.7970657
1616,A,192668164235757,-2.8584442,-6.0588837,-4.030838
1611,A,3299047271174,-5.9829865,-7.5334167,-2.3772888
1648,A,459791875584000,4.397256,-3.8655617,3.8440065
1647,A,1218388157375272,-1.9063832,-2.5031378,-1.4879963
1629,A,1127134500367311,-2.9393768,8.540512,-2.3907166
1621,A,166884081466721,-1.1073183,10.031107,-0.40641573
1627,A,442672947211120,11.1870575,1.7295837,3.9475403
1638,A,1140407474378697,7.468413,-1.7857752,-0.461632
1605,A,182978233585115,0.5434838,8.24563,4.8859673
1646,A,1467984034204000,6.0402393,0.019160157,-2.3375392
1623,A,2558941371901,0.99172974,-9.063477,-0.19888306
1616,A,192757149831357,3.0178375,-7.545929,6.4039917
1628,A,1138472127295116,-0.21594238,-8.290024,4.5560913
1625,A,707468509075392,-17.119247,-11.513794,-2.042862
1625,A,707412837689233,-5.805435,-1.2276459,-0.9557648
1639,A,185137638002233,13.277944,-5.3095913,3.8379054
1645,A,1131771909439000,4.8283596,-13.170213,1.2621753
1626,A,598761866425696,4.0782623,-6.618454,5.6157684
1635,A,676261608521823,1.9863129,-3.752243,-0.21607971
1616,A,192697490412885,-0.23049927,-10.942459,2.2481995
1636,A,504723051334616,-2.6630096,-4.684082,0.06588745
1611,A,3374880398954,-1.7506104,-8.426498,0.49043274
1633,A,694932265016079,-1.0246887,-10.430328,5.228424
1633,A,694817538437661,4.2209473,-6.2296753,-1.7118683
1642,A,1472528430815000,-4.9576907,8.468789,2.0860622
1641,A,1217667584574000,3.7266505,-3.2476466,-4.014053
1627,A,442779053190151,3.4199677,-1.1016235,-9.784485
1610,A,18704058368945,5.4754486,7.486267,-1.50531
1646,A,1468001780345000,39.175335,1.695674,4.1074586
1631,A,1553919852918314,0.57606506,9.602905,-1.708435
1635,A,676209401486429,4.145462,-16.849915,16.133942
1642,A,1472459918362000,1.4825171,10.557246,-1.1663746
1650,A,359631380975000,-13.328284,-5.5684204,-4.6607084
1626,A,598719871192394,0.8139038,-14.503235,1.7050629
1607,A,288735602127497,-1.9075803,9.483433,-0.5722142
1649,A,1165081565866691,5.0942626,-12.488156,-1.2246342
1602,A,99144103389210,2.399887,-17.271637,-0.9380188
1624,A,518415491297323,8.731323,-13.781555,-2.9147491
1600,A,252261293824191,0.45759583,13.096527,0.121032715
1601,A,265233163135135,0.9528923,10.825981,-0.40043023
1612,A,4005765712965,-3.7938995,-9.265106,-1.2419128
1606,A,124218764118641,-10.052887,-6.3908386,-1.2969208
1608,A,111697228727691,-0.36012268,11.029419,-0.9476166
1628,A,1138396777573393,1.616272,-7.0763397,2.5005493
1639,A,185080616963403,11.525388,-3.8802528,2.896984
1631,A,1553941454784460,15.21257,11.267044,12.507736
1633,A,694924550782681,-3.4089203,-15.185303,-1.3540039
1643,A,710175338673000,-0.16525635,-5.1947975,-4.550537
1616,A,192760231510514,-2.7276306,-2.8683472,2.0894165
1629,A,1127207966828815,-5.4610443,9.572922,-2.146515
1627,A,442770553406242,10.406021,-7.4348755,-7.5118256
1636,A,504676373162895,-1.8000336,-6.540085,-3.0221405
1633,A,694827871104067,0.088638306,-10.245071,0.4056244
1644,A,1819435033385000,2.7710378,-9.307046,-3.2356715
1614,A,81426707599000,0.14849122,12.434942,-5.829478
1650,A,359617133942000,-9.4507475,-5.4582496,1.7986598
1648,A,459676602391000,3.2069314,-9.8938265,-1.1376343
1634,A,78084286075445,-0.5647888,-9.014069,-0.9661865
1637,A,16690011504510,7.979575,-1.3211504,1.8972552
1636,A,504762428150136,-6.3762207,-12.734894,1.7018585
1608,A,111680994590409,-0.45233154,15.181778,4.943573
1608,A,111709998475873,-0.855011,11.659256,-5.35083
1607,A,288889991988480,1.5400703,8.65863,0.15741876
1632,A,5611721292200,6.590805,-18.1185,8.945999
1621,A,166946172032115,4.5166616,8.917204,7.451354
1645,A,1131846301084000,1.6046631,-11.749967,1.6046631
1608,A,111710542299115,-2.3122253,6.4311066,0.09687805
1629,A,1127209578156940,-1.3216248,13.858292,-3.7966156
1640,A,172613799176921,10.424355,-0.85173726,-1.3202527
1638,A,1140455104403657,-4.198532,-3.5718496,2.234239
1633,A,694842433465635,13.200897,-8.363205,-3.4907837
1635,A,676333816145458,0.31974792,-3.471527,-0.2856903
1643,A,710178724605000,2.4069948,-9.889036,5.5372853
1616,A,192674126156023,1.8785858,-9.997787,1.9437561
1634,A,78096673163459,-3.8297272,-11.167847,0.06237793
1625,A,707438135514167,-8.894455,0.3573761,0.15600586
1628,A,1138564778663818,-1.5150299,-7.8270416,0.20802307
1649,A,1165031287668587,0.16280572,-12.457031,0.14544775
1625,A,707493021377597,-14.963638,-5.224045,4.055176
1639,A,185054274894483,10.974721,-0.88510644,2.2457612
1647,A,1218407989416620,6.8929067,-16.479889,-10.8152075
1631,A,1553984104622543,-1.5278015,3.1023102,-0.6965027
1632,A,5597420746043,-0.3993225,-3.9328308,-1.3085938
1625,A,707404640035399,-9.252975,0.28105164,0.6257324
1614,A,81431336022000,-15.203585,8.3179035,7.1395535
1644,A,1819502247604000,2.794988,-11.053016,2.579436
1612,A,4055364414233,-0.5140381,-6.306961,-1.3541412
1631,A,1553905955227991,1.1329956,9.3134,-1.5565491
1628,A,1138508180771664,-0.98683167,-5.6159973,1.3183899
1628,A,1138536842270985,-0.642807,-7.967697,0.17738342
1604,A,18488122564007,-0.5882416,14.111008,1.509491
1645,A,1131733424387000,-1.4178516,-19.03322,-1.7986598
1605,A,183114942761001,0.5422867,9.754577,2.2272062
1647,A,1218329020968212,13.351266,1.1168951,-13.924677
1607,A,288857030472032,-1.70946,4.7536874,2.3774424
1644,A,1819519514603000,1.3124708,-7.1419487,4.1050634
1623,A,2647765829589,1.8287201,-9.610397,-1.4853363
1627,A,442663420248358,11.934235,0.23606873,2.5601807
1645,A,1131798506436000,1.5807129,-9.3453665,0.36883304
1634,A,77953919575051,-4.0717926,-16.286667,6.811676
1629,A,1127113452380323,-2.0065613,12.335602,3.1802216
1617,A,268995680377228,1.6620331,-5.281189,-1.7508545
1649,A,1165157863342288,-6.6307416,1.9596541,-3.9073372
1609,A,41945897121347,10.768387,-5.908676,1.1384888
1642,A,1472458850873000,4.0859036,10.535691,-0.977168
1607,A,288827023714961,-0.45489833,12.33792,1.3640964
1640,A,172628744191071,6.715736,-1.5867572,-0.7408558
1636,A,504735085920119,-2.0983887,-5.242508,0.9483185
1629,A,1127222418462529,-1.3481598,6.895859,-3.404358
1624,A,518299677087856,9.329849,-12.548508,-0.14146423
1608,A,111633883388945,1.1006165,7.289978,1.6868591
1608,A,111655434877144,3.903473,10.529999,2.599533
1600,A,252314064822864,-3.4552765,13.8910675,6.142563
1635,A,676261568238620,1.3449249,-5.8646545,-2.745819
1614,A,81333642626000,-9.206455,15.232325,-2.9722195
1623,A,2692731959385,1.3999786,-11.642578,-6.823166
1635,A,676246220311215,1.8505707,-9.796707,1.7860413
1622,A,1149727564829698,2.4393158,-14.399078,1.4400787
1615,A,168843364034813,0.22895813,-10.512863,0.34121704
1629,A,1127093512194675,-4.2166443,9.03154,-3.2974243
1605,A,183054450579251,0.4237737,13.371018,-1.7543513
1642,A,1472487597300000,-2.560276,18.309925,0.7496411
1641,A,1217770118123000,9.941727,8.753797,7.2425394
1624,A,518309848624671,3.8530884,-13.7430725,1.3087311
1641,A,1217673970268000,12.264895,-0.61552006,-1.7124391
1623,A,2551942154606,1.0613403,-9.181244,0.21980286
1635,A,676259997193698,6.638077,-7.9270782,-2.1549988
1650,A,359654051378000,-8.727451,-1.9160157,-8.123906
1643,A,710263952047000,1.6070582,-8.464,5.010381
1628,A,1138473839331249,0.10081482,-9.517578,-0.11381531
1616,A,192737632647690,4.2977905,-13.209747,-5.2731934
1633,A,694792703850219,-2.9324799,-13.7487335,-0.6199951
1604,A,18370294196909,3.0269165,8.174759,-1.1260529
1605,A,182957443658195,-2.204461,11.723807,-2.3870192
1609,A,41935624905378,-0.7332306,-3.7708893,0.10507202
1604,A,18436660764828,1.729248,12.809799,4.0029755
1625,A,707409131634546,-11.624252,-1.0110779,4.067917
1605,A,183095751033559,-7.8068933,19.612701,-3.1352072
1609,A,41866186724276,6.781433,-9.785202,3.0798645
1616,A,192727340261583,2.0767212,-8.525314,1.9705505
1648,A,459733544074000,-6.200706,-7.8820095,-0.60594
1616,A,192714308657026,-5.111038,-19.386353,-2.8642578
1617,A,268986566297958,-5.77124,-10.346024,-2.7631226
1625,A,707440552506354,-2.3817291,-1.2870331,1.9302521
1613,A,178571894502649,-0.9660604,4.8189297,0.985214
1636,A,504746314867204,-6.88591,-11.540161,6.1235657
1618,A,775535070722562,-2.5122375,-6.0636597,-2.5261536
1635,A,676200418339163,2.3204956,-1.7814331,-4.8815002
1601,A,265084202214984,8.977059,19.612701,10.608109
1631,A,1553950921336370,-4.196411,14.284912,-2.6793518
1628,A,1138503125229672,1.021637,-13.999847,-1.1208191
1601,A,265123268195594,4.919486,10.934917,0.33159694
1612,A,4130845050676,-6.093216,-9.559174,-3.481079
1602,A,99133730472251,1.8461609,-16.836258,-3.878769
1627,A,442722294159670,11.38327,-1.7785492,5.085449
1642,A,1472558224867000,-0.44307864,10.200389,2.8836036
1640,A,172637642032791,3.9576154,-2.4774003,0.8608652
1647,A,1218405116283599,-2.9873652,-10.419566,0.1604115
1636,A,504740926988786,-7.092346,-9.546783,-1.39534
1639,A,185028184500623,11.5613,-2.517952,1.9919758
1629,A,1127122415393018,-0.14535522,10.970535,-3.1247406
1647,A,1218482847872215,1.1755531,-4.3035774,2.2272062
1627,A,442681225424056,9.085648,0.046401978,0.5218048
1621,A,166939707558730,2.710835,6.167464,-1.3724761
1628,A,1138516599957998,1.0050507,-9.873718,-3.2975159
1629,A,1127205549836628,-5.5139923,9.8072815,-1.8127747
1630,A,1560018528449371,10.880264,-1.2150116,-1.1913452
1641,A,1217790946690000,7.582632,-1.9687061,2.2704787
1606,A,124249077217566,-10.998886,-1.4103699,2.4779968
1642,A,1472452202868000,3.7577858,5.7073317,-4.174519
1648,A,459796650879000,0.58677983,-4.711004,4.9073954
1605,A,182980668196938,1.3198037,9.381081,1.1833342
1630,A,1559996976951537,13.402527,1.0035553,3.7765503
1624,A,518387091656616,5.405548,-7.9149475,0.17344666
1628,A,1138488079448311,0.29353333,-7.5716705,0.5519104
1613,A,178646396050745,-0.6488287,13.582905,-0.688333
1604,A,18355288694665,1.8864594,15.622467,2.087555
1629,A,1127182840202972,-3.9315796,10.6588745,-1.1659241
1627,A,442760321493599,9.692596,0.62068176,2.1343384
1635,A,676199854374319,2.5540771,-5.702774,-0.748291
1634,A,78064950128042,-1.6502686,-10.7146,-0.92259216
1629,A,1127076341482873,-4.7499237,8.490768,-1.7914886
1641,A,1217819913772000,7.913145,-1.2358302,0.23231691
1620,A,938171444897463,-0.7292633,6.2188873,-1.3025208
1645,A,1131844890608000,0.5556446,-12.475657,1.7579445
1605,A,183042479308528,-1.5574282,9.239823,-2.516306
1642,A,1472510723609000,-0.23471193,7.95865,1.0106983
1649,A,1165129970722408,-0.6757634,-8.7370405,-3.9013517
1644,A,1819557111278000,-0.35925296,-10.921289,7.805369
1627,A,442734983362622,13.487213,-5.7621155,2.7729187
1615,A,168830020251154,0.32530212,-9.106613,1.6968384
1628,A,1138420645368487,1.475357,-9.3315735,0.97372437
1603,A,8639938782544,2.4762032,10.36031,-3.6727054
1627,A,442776253479484,10.41275,-2.8869324,1.5747223
1619,A,173590586111918,-0.7380127,-19.0351,4.891354
1644,A,1819467411476000,2.0932472,-7.9394903,1.4873072
1637,A,16715307810090,11.120768,-1.7497126,0.95393974
1631,A,1554023128991434,3.026596,11.140457,-0.45744324
1616,A,192687822438106,7.1109314,-11.8906555,-1.8218384
1630,A,1560124322199518,15.546814,0.6442566,1.9437561
1629,A,1127185055783685,-3.1668396,8.035294,-2.2563782
1643,A,710154863381000,-1.5519727,-10.186019,-6.5479836
1616,A,192744561338090,-4.8881226,-10.785034,4.3493195
1628,A,1138439618767738,-2.184021,-13.52092,5.841736
1650,A,359630695849000,-5.5492606,-1.9902613,0.37362307
1601,A,265221631192066,1.5951369,3.870227,8.585009
1608,A,111602825013616,-8.113113,10.395081,-2.5644073
1623,A,2605619521036,4.780716,-11.777161,0.66825867
1620,A,938195060928271,-1.208786,8.732513,-2.6448975
1636,A,504780908058546,-2.877182,-12.069733,-0.816803
1650,A,359683814320000,-5.8175025,0.5460645,-4.615203
1633,A,694786480095336,-1.8694,-8.59877,0.45336914
1639,A,184992755516423,12.080843,-0.262614,-1.6256629
1606,A,124130997092340,-2.5157166,-2.3402252,-3.0825043
1643,A,710191743772000,3.67875,-8.238868,0.26345217
1616,A,192696080500775,-0.06373596,-16.103424,-1.0760345
1629,A,1127185106137689,-3.2915802,8.227631,-2.9011383
1618,A,775551888932217,-11.980637,-6.37027,-2.9713745
1621,A,166926060494257,1.2641385,7.111976,-2.7952304
1635,A,676232806033413,2.1362152,-5.175461,-5.968155
1644,A,1819494954079000,1.8010547,-6.844966,2.9937747
1628,A,1138551324083581,-0.832016,-9.954742,-1.3355103
1618,A,775519964511155,-7.761032,-17.699127,3.996338
1605,A,183097865288246,-2.4995465,3.5877113,2.6922798
1618,A,775575051803263,-7.2807007,-7.471817,-0.7549286
1615,A,168780471887739,0.16436768,-14.528717,2.100174
1610,A,18834525595452,-2.3972473,6.032959,1.6784363
1635,A,676240238255551,1.4275208,-6.189331,-4.5914154
1643,A,710202686306000,1.0298585,-3.8368216,-1.6669337
1614,A,81332040381000,1.8226099,7.6281376,-0.0071850587
1642,A,1472550166773000,0.39517823,9.577683,1.8202149
1646,A,1467901244621000,7.6089773,-6.7324004,-2.2728736
1637,A,16653668122410,9.689035,-3.7321115,4.578761
1618,A,775503297334533,-13.853653,-4.2039337,17.009506
1647,A,1218376546033975,-1.5759833,-11.192294,-1.7423803
1607,A,288813019918978,5.8083334,13.237541,-0.05626374
1641,A,1217816811570000,5.398374,-1.0825489,-1.7268091
1638,A,1140410973007527,9.678261,-1.7977462,-1.3738228
1641,A,1217745905126000,1.0538087,0.035925295,-3.6164796
1601,A,265140107182150,4.483143,10.511144,-0.02813187
1633,A,694785956413695,-0.28877258,-6.912445,-0.49194336
1642,A,1472402285002000,-11.59908,-1.7603394,3.408113
1610,A,18854767922576,0.52160645,4.6965637,-3.1154938
1602,A,99079398482122,-0.22576904,-8.314026,-0.82974243
1620,A,938046667699380,2.7253723,9.121994,-0.16629028
1621,A,167006746165736,-0.1604115,12.093113,-3.727772
1640,A,172650037251701,13.860034,-1.1055226,-1.5620669
1635,A,676300461673230,3.2844238,-0.9980011,-4.9086304
1624,A,518276413552322,2.754898,-4.6339874,-1.6335297
1641,A,1217820578411000,4.3373804,-0.7209009,-3.8416114
1612,A,4087842730578,-2.0299377,-9.446533,-0.93811035
1628,A,1138452932356780,0.3573761,-8.871521,1.655777
1626,A,598747918377274,2.482895,-5.761368,2.1902618
1625,A,707405042867430,-1.3404236,-2.013977,1.4144287
1628,A,1138492007066292,-5.9604187,-6.4703674,0.019943237
1628,A,1138485038066475,1.1072998,-8.05394,-1.9118958
1623,A,2610957045450,3.614746,-16.569,-14.123535
1644,A,1819494289052000,1.7842896,-6.9886675,3.051255
1633,A,694798021231459,1.6391296,-12.715286,-1.2420502
1645,A,1131708499821000,5.1924024,-10.710527,0.8430469
1622,A,1149684612837419,-2.45578,-9.314346,1.1723938
1649,A,1165052196936234,3.3488896,-14.900913,9.910199
1642,A,1472569042600000,-1.096919,8.3322735,1.0442286
1648,A,459643214991000,-4.3445654,-9.026829,1.9136207
1638,A,1140298186173227,-1.0286089,2.7584198,4.3076177
1645,A,1131835259259000,-4.392466,-1.2286451,-0.10777588
1650,A,359769234959000,-7.1491337,-12.557088,0.6179151
1622,A,1149818050973987,-1.2509003,-4.1759796,2.2591705
1600,A,252242511798893,-4.98172,15.381546,5.2985535
1620,A,938092691240644,4.18985,12.58168,-2.0599823
1600,A,252360440868786,-0.2301178,5.8537445,0.28881836
1625,A,707431146406419,-11.045181,-0.053131104,-1.4337158
1618,A,775552795304287,-8.205154,-8.125412,-1.9509735
1601,A,265220633582380,0.86370826,0.20051439,-2.9981391
1641,A,1217682773516000,14.645545,-2.186653,-7.2545147
1635,A,676291700055759,12.899216,-19.268753,1.7896881
1617,A,269076196422715,1.4806061,-7.3363953,-4.72908
1638,A,1140311820585647,13.611935,-1.4817116,-3.466355
1645,A,1131704388791000,-0.24668702,-4.8834453,-0.3161426
1640,A,172630343782231,5.9064956,-2.166154,2.1633108
1650,A,359649456213000,-4.7133985,0.98435307,-3.0847852
1621,A,166961335138358,-1.543063,8.015189,-5.7125654
1643,A,710155447963000,1.6357985,-5.5612354,-0.859812
1613,A,178484026306484,-0.62488663,9.246407,-1.3102269
1646,A,1467910873170000,4.718189,-5.721702,-1.341211
1601,A,265184400922080,1.697489,2.3331497,-0.16879122
1625,A,707491551040683,-12.617737,2.7850342,-1.7555542
1635,A,676273371202417,7.5427246,-14.381134,-5.2144012
1610,A,18857487038787,3.3926544,9.383972,-2.0199127
1614,A,81434144916000,1.1472144,3.6931202,2.0429518
1625,A,707451992940354,-6.5653534,-1.928833,-1.2934265
1602,A,99039316693327,1.5571289,-4.24704,2.4871368
1609,A,41981396694844,8.078552,-9.65506,-1.6364288
1605,A,183118853076467,-1.2689269,12.413338,-1.8728642
1616,A,192769496647233,8.489059,-9.149506,-2.5586853
1601,A,265187233751091,1.1354501,8.303091,0.45190558
1643,A,710286866170000,6.006709,-7.247329,1.1160791
1619,A,173514726989917,1.2575544,-8.962095,1.8016368
1624,A,518397867403297,8.405167,-11.877655,1.2689667
1635,A,676235786990445,0.005432129,-6.355377,-5.895462
1639,A,185091013255143,11.78875,-0.6145617,-0.94570965
1629,A,1127206003022663,-0.7490387,10.104858,-2.3331757
1604,A,18465563958702,-0.70402527,2.8881073,-0.2754364
1648,A,459644766416000,1.7507594,-3.391348,1.7962648
1600,A,252328617146667,-0.7983551,8.922821,0.8217621
1625,A,707431065840013,-8.669922,-0.15585327,-0.84129333
1643,A,710227616448000,4.0356083,-7.6353226,0.4143384
1644,A,1819515082052000,1.1687696,-9.268726,2.5004005
1628,A,1138515190045889,-0.6823273,-6.817734,3.3350525
1623,A,2537138090122,-9.5043335,-2.0469055,-2.9039917
1646,A,1468065110041000,17.62495,1.6573536,-1.4897022
1601,A,265100443932998,3.669114,7.4603324,-0.6434417
1635,A,676318468236917,1.1826019,-7.0470123,1.0845795
1627,A,442780422819058,9.746201,-3.6710968,2.7488556
1614,A,81365804457000,-0.89573735,10.9644,-3.6691701
1604,A,18455140704275,-2.9421387,13.690994,0.19767761
1616,A,192707641776331,9.7296295,-10.513062,-3.1416626
1648,A,459709908976000,4.998406,-3.4799635,1.0466236
1646,A,1467951583129000,5.6594315,0.99393314,-3.1183155
1628,A,1138434482664298,0.5596161,-10.630508,-0.30233765
1650,A,359716579841000,-6.8114357,-3.0081446,-0.2921924
1633,A,694871820063159,-3.521988,-7.995163,-0.92785645
1614,A,81343255587000,-2.8692336,10.178833,2.3447242
1632,A,5642235814661,-3.5247498,-15.473419,3.35997
1619,A,173506426789869,0.40761283,-1.2300211,0.7368156
1614,A,81410468393000,-8.902288,20.352877,1.7483643
1648,A,459758508740000,0.32332766,-6.0426345,0.98435307
1650,A,359690363220000,-13.203743,0.9436377,-7.4988065
1635,A,676211455929788,3.8035278,-14.03714,-4.748062
1648,A,459680108493000,4.2056546,-4.9481106,2.1459377
1638,M,1139600276183119,-6.6693482,-9.044994,6.3977556
1615,M,169573295700614,-3.5560303,-10.662781,-3.3257904
1604,M,18957447836950,-4.839279,2.2970428,-4.496063
1624,M,519004532437056,2.7576141,-8.928741,-2.466278
1645,M,1132324472043000,0.38320315,-10.0063925,0.6706055
1601,M,266041587426064,3.359065,19.612701,5.6527104
1634,M,78469745979096,1.1141815,-6.5056915,-3.9471893
1621,M,167792396958908,2.1374235,7.3346367,-4.7776294
1617,M,269715877121017,-6.595993,-7.921936,-3.5919495
1628,M,1139440817482275,-0.71484375,-9.636383,-0.85176086
1645,M,1132355784381000,3.1542408,-7.3838453,-1.7794995
1631,M,1554622240909063,-4.1607056,6.0713654,-1.8797607
1642,M,1471979322209000,-0.30416748,8.976534,4.5720925
1631,M,1554673098455456,-0.30213928,12.479248,4.9137726
1625,M,708256438451520,-9.470398,-1.3386383,-0.30213928
1621,M,167926074969483,2.2337902,9.309255,0.79128367
1631,M,1554617608340704,7.3246155,7.362732,3.5152893
1647,M,1218981521452182,3.0699651,-9.485827,-1.6382325
1632,M,6303713164472,4.177368,-11.423126,0.58522034
1616,M,193255896174637,-2.2066345,-7.925064,-1.6306
1603,M,9235166464075,-3.007716,8.719084,2.1984756
1629,M,1127890515378778,-4.7609863,9.780319,-2.7017822
1637,M,16154440928401,12.83741,-8.882039,2.5197477
1639,M,184253236234541,8.889372,-3.5115457,2.7389667
1627,M,443071081346330,0.28933716,-8.10762,-6.570404
1613,M,177870939926991,0.48482585,10.225037,-0.17836803
1606,M,123083029563226,-7.596466,-2.3088837,-0.8161926
1611,M,640761507539,-1.697464,-9.718918,0.17274475
1638,M,1139590954038209,11.268011,-2.7745805,-1.2972084
1635,M,677169672470029,0.34346008,-11.626343,-0.036987305
1647,M,1219002989247695,1.1270704,-9.584588,-0.97264445
1606,M,123095215224746,-9.857727,-1.9049835,0.4511261
1640,M,173471640610009,10.407595,-2.3840263,1.6150386
1649,M,1165862085974391,2.0392613,-7.489063,-3.7882257
1604,M,18898432956510,5.5434265,9.869019,-2.1069794
1629,M,1127728576909587,-5.0184937,6.021927,-5.3766937
1644,M,1819363978119000,-2.3423293,-8.863968,2.3662794
1613,M,177828684033519,-1.6256629,5.671864,6.271611
1606,M,123228049105518,-10.18779,4.2518005,-0.8406067
1644,M,1819188908925000,3.168611,-7.90117,0.5963599
1637,M,16303258014341,8.707413,-4.4671316,1.5453075
1618,M,776147123617473,-3.5397797,-8.088181,-3.693634
1635,M,677121393042880,-2.2888794,-13.390625,-1.2954712
1633,M,694650101333420,-2.7891998,-8.571121,-1.2963715
1605,M,183559787551376,-0.8858546,-2.392406,3.816956
1614,M,82217892766000,-0.6777906,9.69504,2.943479
1620,M,939106272560226,3.173523,-8.732498,2.1231995
1615,M,169547061262241,-3.1550598,-6.784897,-5.9502716
1633,M,694570904543435,-4.865692,-8.429733,-0.19934082
1642,M,1472012058591000,-1.0609937,11.294912,2.1195924
1648,M,460637660740000,-1.1256592,-9.419612,-0.24189699
1632,M,6299533752328,1.5449371,-8.145782,-3.8711243
1609,M,38851608894657,8.242905,-4.513504,-1.1601868
1627,M,443067556566056,3.9568787,-9.287704,-1.8868256
1628,M,1139300883721993,1.1213531,-15.627731,-2.756836
1641,M,1218161978774000,11.55118,-4.720584,4.773274
1604,M,18962332198317,0.020690918,6.499115,-3.6577606
1642,M,1472094513221000,0.7161109,10.466236,2.3950195
1650,M,360440897783000,2.1148024,-7.3958206,2.5339308
1644,M,1819235129758000,3.9326222,-8.631651,-4.4451566
1605,M,183542549086432,-0.6536171,9.738416,0.64703304
1631,M,1554530747692880,4.261734,10.959442,5.158661
1612,M,5877826868000,-5.912384,-4.4495544,-3.0736542
1608,M,110708759467786,-0.2138977,7.7798004,3.0961304
1644,M,1819220904856000,5.142107,-6.1959157,-1.9088306
1610,M,19151655117520,5.1207886,9.868225,0.17875671
1628,M,1139280087521056,-1.3704987,-8.565048,1.7801666
1622,M,1149317834285939,2.4598236,-9.367462,0.14065552
1641,M,1218133455625000,14.0300255,-5.1780324,8.629255
1601,M,265869680959098,5.031415,9.1350765,1.2060791
1615,M,169498570365122,2.9720917,-10.8389435,-19.583878
1629,M,1127742927797658,-3.6899872,8.848328,-2.4893494
1604,M,18853315777053,-7.581543,19.613052,-7.007019
1648,M,460551853857000,-0.9316626,-9.570498,-0.6490503
1638,M,1139709457025369,8.387786,0.90530753,-0.92850137
1639,M,184295873226881,10.359411,-2.707094,1.1540052
1646,M,1467637709113000,-9.630374,-2.818938,-4.248765
1625,M,708340539693845,-7.526108,-3.0579376,-2.4798431
1627,M,443101334018132,-0.465271,-8.925079,-2.6186676
1613,M,177758013078285,-2.3301568,8.987833,2.0733786
1615,M,169640820417173,-2.4600983,-9.790894,-0.6804657
1605,M,183527026535345,-0.26156655,9.539098,0.82899237
1614,M,82187922593000,14.135406,10.078242,-4.016448
1603,M,9237560890011,-1.1234791,8.180987,2.2906525
1650,M,360311741143000,0.16046631,-10.540482,0.26584718
1649,M,1165766517301252,0.10295067,-8.142081,-2.2254105
1640,M,173451910627311,10.235212,-1.2443863,-2.1175218
1616,M,193224878113365,-0.6433716,-8.591003,-1.2295532
1607,M,287681185123158,19.612701,-19.6133,-5.7281275
1642,M,1472066934639000,0.68976563,9.927357,2.2369483
1633,M,694679326785766,-2.8884583,-8.508652,-2.374588
1611,M,801390783666,7.552765,-9.634155,-2.8710785
1617,M,269661293366882,-5.5556946,-4.2292633,2.0964355
1633,M,694558779294986,-4.3012695,-9.559647,1.5618591
1619,M,174298341861230,-0.6183026,-9.712079,1.2096704
1625,M,708348032393001,-6.219574,-1.8386078,3.2040558
1643,M,711072938800000,3.3626075,-8.940608,-0.41194338
1634,M,78430167728500,-2.4632568,-6.249893,-1.7715302
1623,M,2853361238499,0.6769867,-10.025238,-0.6138916
1632,M,6403766562766,-4.579666,-8.394913,-0.96795654
1645,M,1132375893994000,2.1243825,-8.818462,-1.8250049
1602,M,99684855046868,3.9440308,-11.455215,-0.3480835
1623,M,2851548494359,6.2458496,-8.437988,-8.302216
1608,M,110792387397642,0.87493896,8.895767,-0.2695923
1645,M,1132326930225000,5.2834134,-27.719957,-2.2585034
1614,M,82157735091000,-1.6932789,10.657837,-0.49097902
1625,M,708292945100802,-9.013565,-3.681305,3.813675
1600,M,252707638528687,-1.6907501,10.526459,-0.24737549
1628,M,1139301437616036,-0.30613708,-9.722305,0.12435913
1634,M,78402573745623,1.5169983,-9.7391205,-0.92884827
1625,M,708302663432689,-9.239243,-5.5708313,-3.4100342
1633,M,694686376349396,-3.5627594,-8.707489,-0.7876587
1616,M,193266611501134,-0.5628967,-9.401428,-1.0108337
1608,M,110668234555129,-0.5350189,9.6006775,-0.17842102
1641,M,1218052961101000,6.241421,-4.0763235,3.3602126
1612,M,5967154888007,-5.403,-9.245026,-2.6828918
1646,M,1467544355594000,-8.4304695,0.5484595,-3.5087037
1645,M,1132205169390000,-2.1100123,-9.362132,1.6932789
1618,M,776209713649947,5.471817,-10.865906,8.349594
1600,M,252600485216353,-1.7756805,8.782089,1.6914368
1606,M,123222359103077,-6.8574677,-2.7501526,-3.8651276
1630,M,1560497294332520,8.953323,3.5640564,7.611191
1629,M,1127860302966267,-1.7922211,8.320206,-3.3839722
1626,M,599567026949751,7.701889,-6.390274,7.7387238
1607,M,287815741094980,4.405331,-6.6852098,0.51595044
1642,M,1472021546827000,0.047900394,9.436378,1.1615845
1618,M,776099388041058,-1.6695557,-10.042374,-1.9648285
1648,M,460694113030000,-0.51492923,-9.642349,0.5364844
1637,M,16184435004531,9.049783,0.7187094,2.6993127
1608,M,110752265315711,-0.46670532,11.331116,0.63591003
1648,M,460694133229000,-0.8262818,-9.220825,0.30895755
1600,M,252561813341976,0.5052185,8.878845,0.24235535
1641,M,1218179543822000,2.2680836,-2.1243825,-2.215393
1623,M,2911066912846,5.00383,-12.263824,-1.7329712
1610,M,19231838826035,1.6738434,3.694687,0.9489441
1626,M,599706255770006,4.934967,-5.4867706,3.4144592
1630,M,1560564365852552,8.461853,-2.3363953,2.9684906
1645,M,1132301179385000,3.1159205,-10.494976,3.1853762
1645,M,1132320724284000,0.05748047,-3.178191,-0.5748047
1606,M,123061024848502,-14.526672,-2.2978363,-3.237564
1650,M,360435839625000,3.1278956,-7.8820095,3.5039136
1617,M,269727458551080,-7.6577606,-8.420792,2.48201
1616,M,193222944519615,-1.5089874,-9.727509,-0.23268127
1624,M,519032529286202,2.969223,-7.0326233,-3.8797302
1602,M,99756105954359,1.8505554,-9.103775,-0.6662445
1612,M,5994899923048,-6.1914215,-6.802887,-0.5617981
1645,M,1132316654147000,6.8761015,-11.61345,-4.4379716
1631,M,1554691326624904,-0.7825165,9.544312,-1.8359985
1635,M,677083808828276,-6.4171906,-10.051651,-1.0244904
1620,M,939117904341113,3.7393494,-8.758133,0.5486603
1644,M,1819300490830000,1.6813037,-9.158555,-3.4943337
1600,M,252712170386468,-2.949646,10.078598,0.6551056
1635,M,677039517430497,-3.4542084,-11.646713,2.5122986
1625,M,708384549107880,-15.654144,-10.079529,9.246002
1650,M,360392169064000,2.4213648,-8.1143265,3.774551
1628,M,1139278325117803,3.8482208,-9.035965,1.4298401
1616,M,193154060237575,-3.8092499,-9.119156,-1.3707886
1644,M,1819253182685000,1.6453785,-8.701106,-3.2332766
1606,M,123135599131692,-9.355087,1.4823303,-1.4193573
1650,M,360356277678000,1.1088941,-8.962164,2.0980372
1602,M,99703032830331,0.6430359,-9.643417,0.85209656
1618,M,776181263645468,-2.7445374,-10.275116,-1.0311737
1613,M,177797519006393,-1.7938557,5.680842,2.9364884
1629,M,1127848066942694,-4.6262207,8.182236,-8.123581
1643,M,711045950312000,2.8572583,-9.295072,-0.7951465
1640,M,173512692417189,7.2472486,-2.1493945,-1.1454759
1604,M,18872651709985,-1.4253082,10.902542,1.5309906
1631,M,1554659251117642,-0.9015045,11.03743,3.210205
1640,M,173559421936539,8.4826565,-0.44472298,1.488146
1647,M,1219011129472226,-1.5059528,-13.579912,-3.4326868
1650,M,360379634427000,-0.36164796,-8.784932,2.2968237
1648,M,460563337835000,-6.4354177,-6.473738,1.3627661
1650,M,360398819503000,7.455696,-7.470066,-1.8848804
1627,M,443212495519656,-2.1106873,-8.92691,-2.9763794
1615,M,169518913346231,-3.2464905,-9.281204,-0.09298706
1612,M,5848923660863,-5.071472,-7.864105,-2.2464142
1635,M,677113477408338,-0.41830444,-9.392853,-1.5332184
1604,M,18987408490302,0.7382965,9.930695,-1.235672
1616,M,193261334401524,-3.3173828,-6.9907227,-1.1055756
1641,M,1218042748024000,9.390872,-0.8095166,-3.7338357
1643,M,711088317051000,2.7494826,-9.101074,0.67539555
1626,M,599654542212947,4.317322,-8.379181,1.032196
1645,M,1132368962466000,-0.6825806,-9.16095,0.8813672
1609,M,38837691019360,9.706787,-5.884033,0.3919983
1622,M,1149349658014754,2.4755554,-8.133896,6.5822906
1642,M,1471978012827000,-0.5484595,9.663904,3.0057497
1637,M,16194030255561,9.689035,-0.06419453,1.2843395
1620,M,939148368515773,3.1793518,-8.91507,1.2951355
1608,M,110749727473914,-0.9534607,10.538681,0.17633057
1641,M,1218179503536000,9.115445,-1.8824854,-10.691368
1626,M,599707816744127,6.1627502,-6.989258,0.7674866
1646,M,1467653643875000,-8.923843,0.5364844,-3.1231055
1610,M,19265978846603,0.09555054,10.254913,-0.31477356
1616,M,193215592833838,-6.6026,-10.385422,-1.9705963
1604,M,18897728000455,1.6468201,4.512909,0.95022583
1615,M,169606076145548,0.832077,-10.55246,-1.6723938
1612,M,5976117896356,-4.613922,-5.80809,-3.019104
1617,M,269690901542604,-5.809601,-8.706146,-1.5513458
1633,M,694589233403438,-1.8278961,-8.882126,0.19897461
1624,M,519018732278059,3.7852173,-8.925568,-0.5547943
1629,M,1127849124376776,-4.8206177,10.622208,-2.6638947
1647,M,1218914643167624,1.3293805,-7.7649946,-0.78649527
1625,M,708382273106904,-8.146835,-6.529831,-2.3451385
1649,M,1165872301358033,-1.2497733,-5.1343656,4.2275615
1629,M,1127898169186197,-3.7247925,9.264679,-1.3334961
1615,M,169578884978902,0.018707275,-4.2270966,-8.782028
1648,M,460662260451000,-2.914739,-9.410032,-0.43349856
1610,M,19222090317559,2.4970093,2.6699219,4.6276093
1643,M,711125302754000,3.7338357,-13.000167,-5.110972
1609,M,38842625718381,7.8289185,-5.2742615,-1.8358917
1645,M,1132221591326000,4.758904,-6.0330544,-3.151846
1617,M,269712150924728,-0.5706177,-9.621979,1.4236603
1624,M,518956645778636,3.7490845,-6.1780396,-0.9646759
1643,M,711129737032000,0.05508545,-9.7812605,-0.9651929
1626,M,599677000094361,5.910614,-7.4896545,0.8824768
1618,M,776263743508830,1.6369171,-10.44281,2.0645905
1619,M,174159595127481,-1.7124528,-9.44333,0.3764882
1614,M,82193105686000,9.996812,15.677798,-2.1507277
1617,M,269583194315158,0.300766,-8.806625,-2.1065826
1611,M,669060439780,2.438095,-8.46167,-0.8250427
1649,M,1165863721987985,-1.1492168,-11.092337,1.5149311
1644,M,1819246896437000,2.2201831,-10.248289,-3.6236646
1610,M,19183035726831,1.1298523,0.059692383,-1.8686066
1642,M,1471983472252000,-0.6490503,9.982442,2.7422974
1616,M,193204595528207,-3.4224548,-9.342667,-4.7571716
1641,M,1218171707863000,7.5323367,0.8382569,-2.565066
1643,M,711100228448000,1.6405884,-7.9730206,-2.7159522
1619,M,174252093240884,1.79206,-7.331644,0.8367735
1621,M,167895748256473,3.1842883,9.97185,8.377312
1650,M,360378223476000,4.6032276,-10.748848,0.8334668
1633,M,694585184941524,-1.8614197,-10.408646,-2.0917358
1643,M,711019325241000,2.1627028,-0.5987549,-2.2632935
1615,M,169645906171568,-2.1116333,-9.564438,-0.9933319
1632,M,6242583377733,2.2010345,-6.9072876,-4.775482
1639,M,184262033230141,9.803957,0.37424365,2.6719291
1629,M,1127803755414324,-1.5467834,6.730667,-5.7435455
1603,M,9202445286902,-2.010531,9.343372,2.3882163
1637,M,16272662343281,5.939715,-4.0625114,-0.104297414
1619,M,174215740621992,-3.570952,-9.8042555,5.695806
1626,M,599630221202371,4.34494,-5.8004913,2.0022125
1612,M,5923648995187,-8.370041,-9.042343,-1.4683838
1641,M,1218146851059000,10.375225,-1.7315992,1.0059083
1650,M,360473848085000,-0.5508545,-9.472302,1.8082398
1634,M,78368534439268,8.141739,-8.450516,-3.4365387
1606,M,123227092379444,-6.900406,-1.4679108,-1.6404572
1619,M,174258876550518,1.3437457,-17.167025,-0.045489833
1646,M,1467482970198000,-8.423284,0.847837,-3.755391
1614,M,82101257054000,10.241104,7.6281376,8.353828
1635,M,677144636449610,-1.2676086,-6.171829,-2.878952
1648,M,460642375096000,-8.669971,-12.214601,2.4836354
1614,M,82207566445000,0.2706372,10.166859,0.014370117
1614,M,82117972832000,-1.3867164,10.859019,-7.510782
1608,M,110695667423630,-1.0453339,9.131607,-0.5708313
1642,M,1472111294207000,-2.3926246,10.384805,0.9867481
1647,M,1218957737205630,4.216788,-5.591658,-3.8402996
1629,M,1127802647636524,-6.08284,8.726135,-6.161957
1606,M,123119888700808,-9.006866,-8.39743,-3.197586
1644,M,1819281148676000,0.55803955,-8.258028,-3.4847536
1627,M,443201880909423,-0.6274719,-5.7987976,-2.4106903
1611,M,709847185007,-9.1727295,0.53182983,2.4779663
1629,M,1127815790028229,-5.2772675,8.470703,-1.8482819
1636,M,505641508376209,1.1519318,-9.9427185,-0.15151978
1646,M,1467514620177000,-7.6041875,-0.4622388,-2.4860303
1631,M,1554657841205533,-1.4579468,10.412857,-1.1165161
1616,M,193232813890633,-0.3615265,-19.386353,11.509308
1619,M,174254327443330,1.5095441,-7.325659,2.7509377
1650,M,360454279239000,-1.21188,-10.047108,5.5780005
1627,M,443147760414262,0.8950958,-6.8584137,-6.0659027
1643,M,711133022629000,-21.157604,-18.36022,8.746612
1637,M,16196379293911,9.653122,-2.8845642,1.8038813
1600,M,252598471050277,2.22995,10.142807,2.7364044
1643,M,711044640406000,2.9458742,-10.497371,-2.6441016
1614,M,82245211609000,-0.5292993,9.841136,2.2632935
1622,M,1149353938105086,1.8387604,-8.501038,4.216095
1642,M,1471960385450000,0.38559815,10.324929,1.0154883
1622,M,1149312949946561,0.22059631,-12.56279,0.4119873
1633,M,694552233262472,-2.427658,-9.108826,-1.2697601
1614,M,82219059875000,0.77359134,9.187295,0.61552006
1648,M,460702595178000,-4.799619,-8.152647,1.1855347
1642,M,1472051946448000,-0.46942386,10.509346,-1.0801538
1608,M,110756998592257,-7.3349457,15.986221,-3.815567
1608,M,110725114454602,-0.32583618,8.489471,1.1277466
1608,M,110629582834015,-0.80249023,2.0181427,1.2845764
1638,M,1139611357814049,13.494618,-1.0244191,-1.2086229
1641,M,1218068391388000,8.375383,-18.537453,-32.51239
1648,M,460670278926000,-1.334026,-9.366921,0.4526587
1608,M,110629804391632,-1.7571411,10.490036,0.96269226
1603,M,9134327612499,1.1498153,9.681553,0.43035775
1628,M,1139363876566527,-2.1059418,-12.353928,-2.3323212
1612,M,5872438984865,-7.496002,-9.752838,-1.4039459
1624,M,519015006081770,3.7830658,-8.940308,-0.43470764
1648,M,460567326995000,-6.574329,-7.194639,-0.4766089
1610,M,19283703448938,-0.79185486,7.39209,0.37930298
1601,M,266004715898734,2.5953147,6.0423665,2.010531
1604,M,18975172465586,2.6033325,9.073715,-1.6930695
1642,M,1471960969602000,-0.9580079,9.362132,2.5027955
1646,M,1467611520593000,-8.322693,1.719624,-4.2248144
1647,M,1219051152188823,1.3449428,-9.695918,-2.397793
1625,M,708406966709231,-10.160309,-2.997223,-0.29981995
1648,M,460654080541000,-2.3255641,-9.362132,-0.5843848
1619,M,174305484758833,0.29568392,-9.841965,1.6208745
1638,M,1139594491564999,-2.5345619,1.9707273,2.6747723
1635,M,677144314183985,-6.487854,-11.443344,-2.0144043
1649,M,1165855541848301,0.4237737,-9.107543,1.2976574
1604,M,18834030202892,-1.2044678,9.157227,0.3243866
1621,M,167873082759658,-2.6102784,9.586982,2.6264393
1616,M,193237285326180,-1.9984741,-9.465836,0.7799835
1649,M,1165745328476937,8.282143,-10.954071,0.8798691
1648,M,460715267433000,-0.09340577,-8.399334,0.6227051
1646,M,1467522618298000,-9.295072,-0.79993653,-1.9375709
1614,M,82116133265000,-2.5530908,9.666299,0.06706055
1643,M,711090896735000,4.5960426,-7.5395217,-0.06466553
1649,M,1165864600399287,-2.3397336,-5.8741736,-2.0201077
1642,M,1471950977393000,-1.2741505,10.0063925,1.3196558
1627,M,443132190959432,-4.705841,-6.4307404,-5.086029
1610,M,19234557942246,1.4901276,9.140396,-1.7461243
1607,M,287705126587785,1.7675194,-10.569203,2.007538
1613,M,177778282646819,-1.7890673,15.462353,-2.926313
1642,M,1471962238821000,-0.9268726,10.41594,0.58677983
1637,M,16239518090401,9.478345,-5.4535427,2.5604491
1608,M,110720099187770,-1.4880219,15.131424,0.25045776
1617,M,269608472033885,-5.2085724,-8.501129,-1.2335815
1615,M,169558995134605,-10.418472,-10.122833,-14.170074
1642,M,1471971284287000,-1.7962648,9.649534,1.7220191
1645,M,1132214922227000,3.0752053,-13.3689995,-7.0150127
1648,M,460636431778000,-6.2773466,-6.71324,1.7028589
1647,M,1218988821410724,1.2982559,-7.8996687,-3.0280666
1633,M,694590482182735,-4.0556793,-8.994476,0.7077942
1623,M,2774708264938,-0.07606506,-10.52179,-0.4779358
1647,M,1219000674991031,-0.7332243,-10.077195,-2.9735985
1623,M,2926273801929,0.028411865,-12.392792,-0.60983276
1646,M,1467626508497000,-8.190968,0.9915381,-4.512217
1633,M,694605548087655,-1.6496735,-9.007095,-2.3241425
1649,M,1165894487121150,3.6870706,-4.3568487,-2.2984335
1605,M,183524512595970,1.9440918,11.778873,0.10354923
1625,M,708349422163509,-10.9783325,-8.03154,7.2861786
1627,M,443068301805314,0.8159027,-8.558319,-4.1714783
1648,M,460561161909000,-1.6070582,-9.889036,1.2430152
1620,M,939146958603663,9.11171,-7.6099243,0.41275024
1646,M,1467494070932000,-8.861572,0.6322852,-3.302732
1616,M,193144110292826,6.951599,-13.391373,1.0858002
1642,M,1472018988501000,-1.3891114,9.889036,1.1400293
1626,M,599635306956766,1.4888916,-7.5938263,-3.6412659
1613,M,177752946012867,2.777274,12.088325,0.2633622
1635,M,677094483874566,-2.2136993,-10.575821,-1.7801056
1611,M,705969945019,6.237213,-7.2771606,-0.89398193
1649,M,1165817314593940,-3.064578,-7.744644,-5.7802014
1614,M,82196923739000,1.4394068,6.7635355,0.24908204
1607,M,287793833935878,2.882619,-9.139266,0.3597288
1648,M,460689902406000,-4.071533,-6.574329,-1.83219
1642,M,1472118365135000,0.3161426,9.968072,0.8813672
1645,M,1132292877918000,-2.7135572,-6.0665846,-0.42152345
1607,M,287838566116535,-0.6404489,-7.091027,-0.7589619
1632,M,6260559783720,-2.4491882,-11.170883,-1.904541
1600,M,252586788908338,-0.4299469,9.3203125,-0.0005187988
1646,M,1467493607694000,-9.045989,0.88376224,-2.792593
1608,M,110774682929508,0.26515198,9.574005,0.1502533
1605,M,183500969219834,2.6491842,18.054077,10.193314
1643,M,711088377585000,1.9854712,-9.036409,-0.023950197
1608,M,110719011541285,0.26768494,8.768677,0.39961243
1616,M,193189348311805,1.9445343,-6.8780365,-4.273529
1608,M,110632261667023,-2.3397064,10.279617,0.8865051
1640,M,173535282058399,9.414001,-3.9977183,-0.50382984
1621,M,167908437669906,-0.8858546,12.149975,1.4012065
1644,M,1819333977346000,1.2430152,-8.602911,-3.7074904
1644,M,1819284049951000,-8.873548,-10.801538,2.9698243
1608,M,110792145698423,-0.52545166,9.600433,0.28938293
1613,M,177873294166521,0.10654198,5.277419,3.4901476
1640,M,173552974123769,6.7372837,-0.9068039,2.3404818
1629,M,1127874150321925,-4.593033,7.8448944,-2.2208405
1614,M,82177220624000,1.092129,13.045672,3.2189064
1642,M,1472061193172000,-0.2562671,10.425521,-0.22513184
1609,M,38935768332210,7.4609985,-11.966751,-10.819962
1614,M,82182304561000,-2.304009,8.923843,0.57719976
1603,M,9129062497398,-5.2139726,12.313379,1.8255788
1602,M,99796791989891,4.736603,-6.7675323,0.50904846
1623,M,2844498918801,0.2322998,-9.371628,-1.8917236
1633,M,694565486452614,-5.812729,-9.959274,1.5196228
1642,M,1472079041852000,-0.4143384,9.544153,2.3806496
1602,M,99804445777600,4.712158,3.3716888,-0.6156311
1641,M,1218069015824000,7.7407036,-0.5676197,-0.72569096
1625,M,708329622955079,-5.169815,4.606247,-5.498062
1607,M,287749499503185,4.3873744,-11.002554,1.3180081
1608,M,110693552555466,-0.91371155,10.395309,-0.40751648
1639,M,184306569717011,9.090485,-1.7158945,1.1324574
1649,M,1165758976064066,6.0956373,-10.329185,-0.11851298
1610,M,19254014726180,-4.322098,8.460892,-0.511673
1630,M,1560650320133042,7.1586456,-1.7467957,8.993668
1635,M,677141736058985,-2.0487518,-8.497467,-1.160553
1607,M,287666418922278,2.5264814,-8.627506,1.6106992
1629,M,1127784620918440,-4.23703,8.446213,-1.7877045
1626,M,599688279393318,4.647232,-8.134216,1.6698608
1610,M,19142571252041,2.6739807,8.779831,-1.8252258
1621,M,167839364222483,-0.93732995,7.6123643,-2.3301568
1625,M,708395465850369,-10.780197,-6.186447,3.1761322
1611,M,776666951780,3.1801758,-9.422653,0.018539429
1619,M,174311749383569,-1.122282,-10.1939125,1.448492
1648,M,460606452795000,-3.9877076,-6.9048414,-1.7148341
1641,M,1218057735176000,9.589659,2.929109,3.0967603
1621,M,167938126109061,1.9237411,9.160215,3.7786489
1617,M,269594221844942,-4.466385,-7.002121,2.1114655
1635,M,677032165746218,-5.082062,-9.814255,3.6165466
1621,M,167804448315725,-2.0913353,10.965444,0.54168814
1618,M,776122450155292,-2.1516876,-9.430847,-0.5605774
1642,M,1472068062685000,0.25866213,8.943004,-1.0322535
1608,M,110634577930887,0.026168823,10.073547,0.15948486
1608,M,110636712940653,1.6269226,6.6660767,4.174576
1647,M,1219050553664816,3.3153708,-8.996812,-1.1965023
1635,M,677052327505214,-0.8260498,-9.437393,3.1454773
1625,M,708355807051205,2.8869476,-3.493866,-13.464188
1646,M,1467564763185000,-8.487949,1.1352394,-3.6979103
1626,M,599590995458300,4.787369,-6.85347,0.99113464
1627,M,443056518961983,0.4898224,-12.793991,-4.083893
1645,M,1132323343635000,0.19878663,-5.137317,1.5088624
1635,M,677067151713485,0.19940186,-9.915161,2.610733
1641,M,1218171365635000,9.419612,-1.4202466,-1.6429834
1630,M,1560514414684311,10.043259,2.7175293,2.5954132
1610,M,19198242640271,2.0806122,8.548706,-2.1398773
1628,M,1139359646830199,-0.42056274,-9.749176,0.8415985
1650,M,360367462495000,0.79993653,-9.110655,2.430945
1644,M,1819188485885000,-1.463357,-8.909473,2.0237916
1642,M,1471956094439000,-0.06466553,8.284373,1.2382251
1649,M,1165792973545460,-1.5442601,-8.314464,-0.5919664
1629,M,1127747661075577,-5.595886,8.152679,-1.875061
1603,M,9233129374650,1.246182,9.927557,0.9624691
1626,M,599547187478825,0.30387878,-7.601074,3.2683563
1642,M,1472101302173000,-2.6249416,9.7621,1.9327809
1620,M,939005816345317,3.6862488,-10.776306,6.383957
1621,M,167843314329618,1.436521,9.271546,0.22505496
1644,M,1819268616392000,2.3758595,-7.661668,-6.1216702
1629,M,1127830140924352,-4.9490204,8.412048,-2.0198517
1642,M,1472077954058000,-0.6322852,10.861414,2.9003687
1633,M,694557550657291,-4.9842834,-11.398972,2.066925
1610,M,19234175251816,2.0748749,7.55719,-4.37381
1608,M,110748458553016,-0.09416199,8.818237,3.9792175
1628,M,1139389255007154,0.19941711,-9.566147,0.6996002
1646,M,1467507488446000,-8.4376545,1.3196558,-3.4847536
1604,M,18869831885766,0.66101074,10.840729,2.0394287
1616,M,193176115294891,0.7959442,-6.2038116,-3.1050873
1641,M,1218038779651000,9.192085,0.40715334,-3.0799952
1650,M,360401076396000,1.9423609,-6.1504107,4.5720925
1607,M,287669611574517,3.4847605,-9.032724,1.7824832
1629,M,1127729130803630,-4.8742676,8.954498,-2.4210358
1610,M,19223258530450,5.1803284,10.596512,-0.64079285
1625,M,708307950578864,-7.042801,-3.5120697,2.099289
1610,M,19207386919483,1.401947,10.499573,2.498825
1601,M,265959065672867,1.459266,9.424775,-0.037708677
1601,M,266002839891651,-3.9031472,6.1782374,-2.3529017
1603,M,9165135675404,1.270124,9.850943,0.557849
1638,M,1139596236377619,17.995718,-9.966763,1.2334628
1604,M,18956742880896,-7.274994,0.07583618,2.535019
1628,M,1139414834825294,-1.2398224,-8.9687195,0.8345642
1607,M,287781700769891,4.9278655,-8.639477,2.8407204
1646,M,1467641939643000,-9.297466,0.46702883,-3.7697608
1620,M,939013067314821,3.2986603,-8.007355,2.9438934
1625,M,708379715123505,-13.926544,-5.048477,-4.1761017
1613,M,177841493002211,-1.757344,5.1900306,7.2831616
1648,M,460614088404000,-1.453777,-9.314231,-0.4981641
1649,M,1165874299307876,1.8752584,-10.4171715,1.1833342
1619,M,174244152087032,2.0626047,-5.643732,3.1214404
1629,M,1127765033192882,-6.5184326,9.970779,-2.2202148
1624,M,519012387673567,4.861023,-8.215622,-1.003952
1643,M,711098112040000,1.6717237,-6.4018874,-3.0847852
1626,M,599542051360239,2.2272644,-9.340866,1.0806885
1625,M,708399111484622,-9.676865,-0.95069885,-0.46273804
1629,M,1127848721544745,-3.03096,11.58316,-2.6036987
1629,M,1127883465818231,-9.025177,4.560074,-3.6037445
1615,M,169556829920665,-0.60661316,-9.374161,0.3098755
1629,M,1127773190541515,-6.6581116,6.8052826,-2.5384064
1629,M,1127807582318621,-4.0399933,4.0585938,-6.5338135
1649,M,1165795686715981,1.8004397,-13.687651,-3.311181
1612,M,5841823746571,-7.0971527,-10.067017,-0.59788513
1620,M,938980639328138,4.5313263,-6.803116,3.9458466
1633,M,694555375364322,-4.976349,-8.4023285,-0.13050842
1604,M,18909158358472,1.9541931,9.353653,-0.8701172
1624,M,519055188572011,2.2165222,-9.372879,-1.5636749
1621,M,167879108576478,-0.5279215,10.763732,-1.9794062
1606,M,123085043723383,-8.048126,-0.3918152,-1.4239807
1627,M,443138454997518,-0.14338684,-10.454437,-5.1464996
1637,M,16171998106701,8.03943,-3.071312,1.9954175
1617,M,269595329633028,-2.2506561,-9.6757965,-1.4692688
1616,M,193182963424110,-1.1393585,-9.766586,-0.2599945
1649,M,1165801592638009,-4.0695443,1.2587515,-4.2383356
1616,M,193146909975443,-4.079376,-8.917526,0.009262085
1612,M,5921483774689,-7.2100525,-5.821869,-3.7021942
1600,M,252644645657418,-5.636902,10.377121,3.0699005
1613,M,177871899735531,-0.9235633,10.362105,1.6621746
1601,M,265893742946537,1.982399,6.0740895,2.2152352
1645,M,1132322376448000,-3.3099172,-7.216194,-4.414021
1621,M,167774959187456,2.6635494,7.755418,-5.0876784
1642,M,1472026059479000,-1.1376343,10.629097,-0.13172609
1633,M,694704201648142,-5.9996033,-8.470169,-4.0616913
1613,M,177858492070224,0.27353755,9.546281,1.4957775
1612,M,5996813375196,-6.890579,-7.976593,-1.084259
1617,M,269607112475780,-5.754318,-4.779068,4.4553375
1607,M,287710671929866,4.5100775,-7.994838,2.1745336
1649,M,1165765360322710,-2.1284454,-6.393117,-7.9595237
1648,M,460569120084000,-2.794988,-8.01613,0.16046631
1642,M,1472054061704000,-1.8010547,9.754915,1.4322218
1631,M,1554523597424326,5.302109,5.9296722,7.5195923
1621,M,167776395797039,3.323152,10.588956,1.0588357
1628,M,1139440112526220,4.008255,-12.37883,-0.10725403
1646,M,1467612265891000,-6.444998,-0.2778223,-5.240303
1642,M,1472093606733000,-1.2669654,9.7142,1.3124708
1627,M,443156461595328,-4.68898,-6.7414703,-3.780182
1643,M,711107585133000,4.9145803,-13.768968,8.916658
1644,M,1819245888995000,3.9805226,-5.9468336,-8.274793
1650,M,360454178517000,-0.34727785,-9.625584,0.6586304
1621,M,167785972370784,7.4932528,5.6904187,0.51116204
1616,M,193251303889480,-2.032898,-10.114044,0.06977844
1605,M,183574591948242,0.38067806,7.157466,-0.81043726
1648,M,460545366317000,-2.7686427,-8.286768,2.8093581
1610,M,19280500934290,-1.3595276,12.461075,-2.4782562
1606,M,123073160180391,-9.626877,-1.9726257,-1.6499939
1639,M,184347909652781,8.884583,-0.7246949,1.9393034
1614,M,82181354960000,-1.3292359,9.802815,-0.27303225
1650,M,360424614490000,3.1231055,-9.148975,3.4655933
1616,M,193282201123202,-2.9313965,-9.791718,0.039627075
1612,M,5839557816395,-4.9884186,-9.11261,-3.0005798
1605,M,183463138498598,0.32202014,9.77373,-1.323395
1646,M,1467510208263000,-8.068821,1.698069,-4.550537
1632,M,6314690326599,1.9034271,-9.147507,-1.3453522
1633,M,694577450547282,-1.4677277,-9.972748,-0.06022644
1635,M,677137687627866,-0.3170166,-6.3766785,-2.6797485
1641,M,1218085271943000,9.321417,-2.6177564,-0.4382886
1643,M,711051674571000,-4.734954,-7.6281376,-2.0381618
1650,M,360357366106000,5.0822315,-9.158555,2.4261549
1649,M,1165804585413842,4.570531,-12.941258,0.32920274
1623,M,2825515446289,2.827896,-12.534775,0.07850647
1610,M,19296332254636,1.3829651,12.033188,-1.3890228
1613,M,177819705385812,-3.394978,5.204396,4.414908
1603,M,9172956142536,-2.9801826,6.172252,5.701193
1609,M,38840188577954,5.8354187,-3.702057,-6.014435
1631,M,1554536488041666,2.356842,7.2152863,-3.5471802
1649,M,1165870308116210,-4.6950297,-7.7344685,0.52612585
1648,M,460569724473000,-0.49097902,-8.475974,1.4034815
1644,M,1819237426688000,3.8751419,-12.149935,-3.7314405
1605,M,183576505098295,4.5202527,10.770915,3.6553473
1650,M,360444021563000,1.6549586,-8.538245,4.598438
1637,M,16189682159201,7.9340854,-0.33713353,3.484611
1647,M,1219083232193656,1.0839748,-6.2351,-3.894169
1617,M,269603285571483,-4.9636383,-8.62706,-0.49493408
1641,M,1218027660083000,11.754756,-6.8689165,-4.6128078
1614,M,82177932956000,10.645863,8.837623,-1.6310084
1630,M,1560551575932997,8.814346,3.3611298,3.7138214
1643,M,711157656436000,-0.1820215,-10.39678,-1.3699512
1608,M,110774159247868,0.6874237,5.742569,3.544815
1639,M,184227700495931,9.835081,0.3215712,0.08140286
1648,M,460565090534000,-0.43589357,-9.16574,-2.682422
1639,M,184263332805581,9.712977,-2.9896097,1.910573
1627,M,443078795581372,0.7696991,-8.236542,-5.717575
1602,M,99632637937140,1.6765137,-10.077698,5.654953
1648,M,460561746128000,-8.178992,-5.489385,1.5232325
1645,M,1132256065627000,-1.9974464,-14.221626,-2.7566676
1634,M,78512446167770,-1.1280518,-9.787216,-0.14318848
1641,M,1218019824276000,10.839859,1.223855,-4.071533
1633,M,694601983032866,-5.8202972,-10.026749,-0.7910614
1633,M,694540772696022,-2.942093,-2.1619568,3.0576477
1604,M,18970741313242,1.5260315,9.499542,-0.9901581
1628,M,1139361157450316,-1.2430267,-10.061203,0.21505737
1650,M,360382737699000,5.8677983,-2.5530908,1.707649
1603,M,9167649585299,-1.6873137,8.854955,4.6483426
1610,M,19170286104040,-0.74420166,6.6595,-3.3024292
1627,M,443153601487906,-1.3748169,-10.003265,-3.5907745
1633,M,694720878900291,4.5079193,-14.402374,4.31662
1631,M,1554683874232325,-2.2792358,10.891418,-1.9999542
1634,M,78363347955143,0.5446472,-11.054657,-1.5253143
1607,M,287664265641551,1.560421,-9.928156,8.176199
1615,M,169628735446704,-3.7833557,-8.893097,1.3971252
1607,M,287782700776609,4.14975,-8.714894,2.0632033
1634,M,78424276302657,-5.9730225,-13.234451,0.15562439
1610,M,19208897539600,2.8671417,5.96904,-12.575485
1628,M,1139430847395216,-1.888443,-9.264542,1.5300751
1635,M,677109348380018,1.923584,-9.364502,0.7688751
1650,M,360339128230000,4.258345,-10.248289,1.9112257
1618,M,776101150431194,-2.33786,-9.536743,-2.6184845
1616,M,193254687678543,1.5266113,-13.646957,0.13972473
1650,M,360347894517000,0.50774413,-7.6377177,4.646338
1608,M,110647347718171,-0.1506958,8.465958,3.6334229
1604,M,18820736729774,-1.9197845,9.388214,1.9720154
1636,M,505542411683315,0.83180237,-9.293671,-3.0012817
1646,M,1467611621431000,-9.16095,1.7914747,-3.791316
1646,M,1467627797857000,-9.115445,-0.023950197,-3.420088
1610,M,19218666214867,1.2134705,8.855545,-0.90382385
1634,M,78479917490092,0.36967468,-9.701843,0.11166382
1600,M,252622389210820,0.7322998,9.035736,1.4168396
1608,M,110737078553427,-0.54644775,10.043579,0.1701355
1607,M,287736691042824,4.0821137,-9.193136,-0.985214
1641,M,1218053525101000,6.574329,-0.732876,-3.3745828
1650,M,360321414332000,-0.7544312,-8.217313,0.13651612
1601,M,265897054943880,2.1003134,9.572617,-0.7990648
1628,M,1139351338412029,4.094757,-7.5000763,1.2836761
1635,M,677197145633333,2.61586,-0.14724731,0.3768921
1610,M,19242654878580,6.0209656,10.853287,-0.010726929
1617,M,269685010107039,-6.5829315,-5.9948425,1.2533875
1647,M,1219003787357854,-1.8441339,-9.788693,-3.8139634
1645,M,1132215244586000,-0.87897223,-8.205338,-2.818938
1612,M,5944193444224,-9.488846,-6.228714,-0.5248413
1608,M,110623459787140,0.9830017,7.6974335,2.918167
1631,M,1554633721626382,-2.587967,8.225327,-0.7575989
1617,M,269628412213614,-6.508194,-10.184998,5.461075
1624,M,518972910134859,5.203369,-7.9170227,-0.50523376
1644,M,1819253222982000,1.5735279,-8.729847,-3.1494508
1619,M,174279307339258,-2.5911248,-9.776723,3.1268275
1643,M,711025693944000,2.0213966,-5.278623,-4.152964
1616,M,193243086120474,1.2354279,-9.3203125,-3.226822
1609,M,38972778523816,3.6363678,-7.734314,1.5614929
1647,M,1218926373476318,-1.8447324,-6.239888,-2.735974
1621,M,167900496816470,1.6729485,8.446145,-1.3431472
1639,M,184243690779511,10.809522,-6.2265706,1.3838485
1603,M,9112222823550,-3.6170402,9.473258,3.3554738
1641,M,1218117340801000,10.815908,-0.24908204,-3.396138
1617,M,269684154088973,-8.098526,-6.9303436,1.9089661
1635,M,677188404152099,-4.7841797,-9.210449,-2.0662384
1633,M,694668732316545,-4.2577515,-7.558029,-0.77067566
1643,M,711103453773000,0.09340577,-7.699988,-1.3627661
1642,M,1472068928756000,-2.675237,9.491463,1.7507594
1642,M,1472001764267000,-1.951941,10.068663,1.4920973
1642,M,1472024629313000,-1.2669654,9.326206,1.0538087
1630,M,1560485159012274,8.315201,0.79281616,5.3494873
1642,M,1471966670966000,0.3903882,10.466236,0.13651612
1621,M,167901215056627,-0.49559975,8.26239,1.1372458
1636,M,505572573730312,-0.5663452,-9.2526245,-2.3795166
1610,M,19175099946813,3.6709137,11.443253,5.165634
1614,M,82105767385000,9.290281,9.8866415,-4.145779
1611,M,748871557438,-1.3991241,-16.906677,-16.718506
1644,M,1819336093083000,-0.9532178,-7.544312,-4.311035
1610,M,19172823945837,5.834076,8.148315,-0.76582336
1622,M,1149333141894254,4.217148,-8.99498,1.0563965
1620,M,939087691951505,2.141571,-9.723587,2.3583221
1625,M,708319582368641,-11.265457,-6.0675507,-0.6888275
1613,M,177814118967690,-1.1599907,9.287108,-0.46387658
1605,M,183476627243176,2.3104045,5.6700683,-0.92296475
1610,M,19189682459607,0.8624573,19.613052,-8.525497
1626,M,599637019014046,4.104828,-7.9001923,4.929428
1626,M,599627250316141,4.8921967,-7.5376434,1.4277802
1643,M,711101498520000,5.3552637,-9.663904,-3.6907253
1649,M,1165775415636299,1.2629414,-9.122507,-0.8343793
1609,M,38894729830366,7.4203186,-7.499237,-2.8506012
1644,M,1819254915499000,2.7375073,-8.583751,-3.791316
1633,M,694579384141032,-4.356598,-8.907349,-1.1619415
1635,M,677144213475977,-2.4633026,-9.040543,-2.9951935
1643,M,711090028467000,5.2115626,-7.3479204,-4.2008643
1650,M,360408069500000,2.7255323,-7.8652444,2.7494826
1641,M,1218191609603000,9.553733,-2.2201831,-2.555486
1626,M,599677956820435,6.806885,-6.1156464,2.291153
1650,M,360397912431000,0.67539555,-9.24717,1.456172
1634,M,78354183545610,1.3795166,-10.731461,-2.5300903
1641,M,1218015815313000,10.777588,0.0,0.88376224
1614,M,82138665168000,1.8824854,11.266172,2.8213332
1604,M,18909712252515,0.3406067,9.674286,1.9330597
1628,M,1139345799491464,-0.4777527,-6.400696,4.8173065
1608,M,110746545100867,-4.1786804,10.352127,-2.8131409
1616,M,193191140926504,-2.4881592,-9.194748,-1.6855164
1614,M,82249840480000,1.3004956,19.234404,0.23471193
1629,M,1127727771245524,-5.9098663,7.6037445,-1.4126587
1607,M,287803688453424,7.2388687,-5.8628016,3.0484173
1643,M,711030399649000,1.9088306,-8.396939,0.5508545
1608,M,110731620191907,0.82810974,7.99704,2.6160278
1644,M,1819194046855000,3.523074,-8.111932,0.977168
1644,M,1819195215496000,3.295547,-8.641231,-2.6201515
1644,M,1819201985440000,2.5818312,-8.404124,-3.4368532
1607,M,287744751614488,1.7501614,-4.059369,5.2121773
1608,M,110772568074967,2.652069,-0.34526062,6.357147
1601,M,265926344288140,-1.614889,6.7199254,-2.7814639
1627,M,443070779222306,-0.66648865,-11.819748,-3.50708
1629,M,1127829687738317,-3.90242,9.267899,-1.6070404
1643,M,711059454313000,-0.10538086,-10.801538,-3.7529957
1601,M,265887478405133,1.3790601,9.344569,0.13946225
1633,M,694697998034861,-1.9736176,-9.081528,-3.0905304
1650,M,360481586147000,5.740862,-7.3838453,1.5352076
1643,M,711080899920000,1.0130934,-1.9758912,-5.977969
1645,M,1132316795141000,-8.4304695,-18.800903,-8.135881
1621,M,167795549410885,0.4405331,9.413403,-1.1145009
1604,M,18892088352018,2.7465515,8.513458,-2.6691437
1644,M,1819355092731000,2.3710694,-8.660391,-3.4703834
1612,M,5868007832521,-8.013046,-7.20459,-1.4004211
1637,M,16257964841431,10.299557,-2.8510454,3.42715
1612,M,5944092736216,-7.0914307,-5.524185,0.26434326
1612,M,5924001473215,-5.5770264,-6.2345734,-5.4090424
1610,M,19161504358708,5.174576,7.988022,-1.352829
1640,M,173570668063739,9.313444,0.4914099,0.087538
1618,M,776124464315448,-4.3442383,-11.545898,-0.93159485
1602,M,99639888901041,2.9859314,-12.801392,4.515793
1624,M,519064755825891,3.8848877,-8.52655,-0.21002197
1617,M,269659933808777,-4.7720184,-8.391708,-1.4558868
1642,M,1472017397067000,0.26105714,9.350157,3.788921
1650,M,360461776166000,-3.2500417,-11.194322,2.1004322
1613,M,177824813128675,-3.5913026,8.292916,2.0386627
1650,M,360418649530000,1.8513502,-8.528665,-0.117355965
1643,M,711047522080000,-3.1398706,-15.579602,-4.629573
1604,M,18884635947285,0.067977905,8.360352,1.3074188
1646,M,1467580919902000,-7.455696,3.1494508,-4.6678934
1628,M,1139409900132911,-2.1616974,-9.345215,1.8284912
1620,M,939053199466161,5.1426697,-7.9951324,0.8388977
1638,M,1139639186469499,10.827477,-1.0339959,-2.2405238
1607,M,287706761330804,3.2231941,-10.158598,0.6075287
1648,M,460663026066000,-1.8226099,-9.230406,0.2706372
1636,M,505606310911586,2.8562164,-10.515076,-3.1971588
1622,M,1149262898073184,1.8766937,-9.493835,-0.059402466
1605,M,183557912065957,-0.30885202,2.9819782,1.678934
1648,M,460571799623000,-5.752837,-8.442444,-0.1580713
1641,M,1218142983488000,8.801697,-2.9099488,-5.0271463
1644,M,1819318765434000,1.1208692,-9.374106,-5.5684204
1629,M,1127771780629405,-5.285263,10.083282,-3.7894745
1610,M,19220398423028,3.9908447,10.38031,-2.0155182
1640,M,173519838857909,9.301474,-5.2618566,-6.5874963
1646,M,1467524028478000,-8.054451,1.1567944,-4.2128396
1633,M,694712016588283,-2.2283936,-8.78035,-4.0777893
1622,M,1149369296065536,-3.2815094,-11.841217,0.036026
1645,M,1132326325805000,-1.2645704,-7.89638,7.927515
1618,M,776125823873553,-2.205307,-9.711761,-0.94815063
1645,M,1132244721966000,1.1759547,-8.863968,-0.5412744
1610,M,19267509608322,-2.3728333,4.5043335,-3.9959106
1645,M,1132352600869000,2.5938063,-2.4980054,-0.5604346
1637,M,16316505904111,8.398561,-1.7856256,2.2683566
1643,M,711131954622000,3.3985329,-7.185059,-3.2141163
1623,M,2767759412399,0.2469635,-3.651886,-6.1641693
1614,M,82169189082000,-2.7375073,10.935659,4.3541455
1635,M,677157345807849,-1.4008484,-9.488052,-1.3535767
1627,M,443038754068003,0.104599,-9.271774,1.1513519
1608,M,110647488709382,-1.5910034,8.197845,2.8706055
1626,M,599545676858707,1.8698578,-8.890945,2.2638855
1609,M,38825414733760,7.227783,-7.5548706,-0.39201355
1618,M,776262081826701,1.937851,-9.944733,2.5117188
1610,M,19246461641275,5.303894,9.515152,-0.6329956
1646,M,1467567986483000,-8.873548,0.9484278,-3.1470559
1608,M,110742174378622,0.6705017,6.6087036,2.288437
1646,M,1467629933244000,-7.8341093,3.1255007,-3.2476466
1642,M,1472087079741000,-1.4489869,8.878338,2.0285816
1619,M,174224878708446,1.9381063,-9.054273,3.5613751
1606,M,123065153876823,-9.228714,2.5759888,-1.1486816
1637,M,16309007378191,10.167875,-4.8645687,2.3593361
1625,M,708305634318919,-8.440445,-2.645172,1.0323334
1644,M,1819209521083000,-0.35685793,-8.744217,1.587898
1645,M,1132317198159000,12.628939,-15.730489,-2.799778
1600,M,252715997290764,-1.7344055,14.447769,3.8774261
1601,M,265926544142981,1.2186487,9.874885,1.934515
1629,M,1127814329762116,-4.20253,9.254822,-2.4232635
1620,M,939098316633702,0.9683838,-9.848404,-0.83836365
1624,M,518960875514800,4.1077576,-7.4606476,0.56803894
1610,M,19236934651230,1.8472748,9.879379,-2.1687012
1616,M,193240830261099,2.9771423,-8.803818,-0.5597229
1604,M,18834433034923,-2.40419,10.756729,0.7025299
1642,M,1472107869347000,-3.032095,9.922566,2.6249416
1635,M,677055691152675,1.5751648,-10.041901,2.706604
1602,M,99774485151387,-0.71987915,-11.294205,-2.7240143
1650,M,360383564453000,2.3950195,-11.469749,4.119434
1641,M,1218063879122000,10.025552,-0.22273682,-1.2573853
1603,M,9252445718547,0.050876785,7.3088994,2.7263973
1639,M,184296173101541,9.401731,-0.98566294,-0.89064306
1609,M,38909584258560,5.8040924,-1.5564423,-2.072052
1647,M,1219048995480544,1.7477672,-9.504382,-1.5077485
1623,M,2926424863940,3.25206,-11.908585,-7.1944733
1622,M,1149292405510300,2.0448303,-7.4533997,2.2688751
1646,M,1467632813841000,-7.656878,1.5615528,-2.2608986
1619,M,174210473014701,0.1364695,-8.617331,0.5602432
1600,M,252608189378951,-0.88308716,11.718369,1.7642365
1602,M,99703637078378,7.821518,-6.9102325,0.74002075
1613,M,177783512501608,1.158195,9.694721,2.0649989
1648,M,460629279515000,-1.1448194,-5.4989653,-0.2562671
1648,M,460590476051000,-2.8524685,-7.1778736,2.3519094
1646,M,1467635009752000,-8.856783,-1.3867164,-2.5291407
1632,M,6268616426160,4.733597,-5.906662,-7.298004
1641,M,1218095565388000,9.6758795,1.5639478,0.4766089
1644,M,1819327973171000,2.7087672,-8.792117,-2.1770728
1625,M,708415788724728,-6.26799,-0.020690918,-1.6969604
1637,M,16274262057001,3.1696239,-4.9531546,-2.496105
1604,M,18904827928514,2.1634674,9.591675,-1.5236816
1626,M,599642557954476,7.8104095,-6.127945,1.3211823
1646,M,1467483957284000,-7.5131764,-1.8872755,-4.8523097
1601,M,265904277792730,0.46267948,11.3640785,2.6868927
1608,M,110723503126477,-0.47628784,9.055359,0.70129395
1643,M,711159692010000,3.4584084,-8.677156,-2.4045997
1626,M,599612194488242,4.928299,-6.717682,1.623291
1616,M,193266410085118,-0.2925415,-9.824371,-0.41889954
1619,M,174217097334388,-0.23403321,-9.955689,-0.15741876
1646,M,1467508052598000,-5.6690116,-0.977168,-3.3865578
1640,M,173547926254249,10.19451,-3.0711622,0.4801871
1625,M,708335343169923,-1.7421112,-5.59346,-0.2642975
1616,M,193232491625008,0.7327423,-10.52977,0.53167725
1635,M,677148725194727,-3.090042,-8.999954,-1.7145996
1649,M,1165888903052921,-5.2037973,-19.015947,-7.6602483
1625,M,708390792998807,-7.8968353,-3.97818,1.3897705
1631,M,1554601847562106,6.3865967,11.157181,-0.52182007
1621,M,167830784890769,-0.84216046,7.838018,1.6220716
1637,M,16266363333311,10.977116,-6.6314898,3.6330514
1627,M,443067475999650,2.5187836,-9.871872,-1.7449799
1615,M,169590516770178,-5.4998627,-12.222656,-0.27113342
1629,M,1127881955192530,-5.283966,8.474731,-1.34375
1620,M,939043430785070,4.737915,-9.996811,0.26985168
1620,M,939146152939601,3.7771149,-8.364838,1.8537292
1607,M,287685934842894,5.639542,-11.425131,1.3180081
1610,M,19278285373025,0.14076233,9.720718,-1.9542847
1629,M,1127885077146356,-7.8374634,9.511566,-6.470337
1642,M,1471996748081000,-1.1208692,9.0076685,2.2872438
1646,M,1467539017011000,-7.8868,0.9196875,-2.4884255
1616,M,193238634813484,2.4596558,-9.888138,-0.831131
1611,M,659140711534,6.5377045,-11.3441925,3.2991638
1647,M,1219038024106174,2.1164744,-10.792462,-0.024540568
1601,M,265925785909233,-1.4951789,8.4647,5.5018754
1622,M,1149286765861863,3.0353088,-9.300964,0.7624512
1617,M,269604695483592,-3.782608,-8.377777,-1.6955414
1621,M,167816498981346,-0.6242881,19.612701,19.233221
1646,M,1467630638359000,-8.952583,-0.9532178,-2.8907888
1606,M,123174069606638,-4.57251,-3.7710876,-3.3042297
1622,M,1149401975814312,5.618164,-6.7807617,2.620407
1624,M,518969788173491,3.3494873,-6.201126,-4.70166
1603,M,9196020466903,-0.23163901,7.6770077,1.049259
1625,M,708279500568133,-8.907761,-1.0693054,-0.5295868
1633,M,694583513169353,-4.4582214,-8.349915,-0.8339386
1635,M,677091341784722,-1.8892059,-9.533142,-0.67352295
1623,M,2821386431748,0.44979858,-8.30307,-5.018097
1624,M,519023465553510,6.097702,-13.6427,-0.5786133
1623,M,2894349385333,1.0639954,-8.610504,-4.5752563
1635,M,677153821027576,-1.4021454,-9.019699,-1.9438171
1607,M,287804845250300,1.8884265,-8.5060005,7.050924
1623,M,2914742755131,0.22210693,-9.687088,-1.7384491
1645,M,1132222699480000,-1.2286451,-9.256751,2.0573218
1635,M,677143609227931,4.7924194,-4.2723694,-1.3362732
1621,M,167836451038734,0.2208651,9.491214,-0.25198972
1609,M,38974188435925,6.9872437,-6.755417,-1.5827789
1616,M,193162580129199,-1.9567871,-5.725174,-1.2384338
1607,M,287759516647399,2.5917234,-9.401431,-0.99658644
1635,M,677102943347703,-3.359146,-6.0867004,0.13375854
1643,M,711090479189000,1.7483643,-8.828042,-2.440525
1611,M,709393998972,5.8284607,-12.058533,-5.5010223
1620,M,939053451236180,6.4722595,-7.6437225,1.5143585
1620,M,939126212764600,4.502838,-7.4993134,-1.1035309
1611,M,801038305638,5.7026215,-8.646606,-1.0431976
1632,M,6345909800821,-0.13568115,-9.611725,-0.44004822
1616,M,193211524230322,-1.5464172,-8.888489,-0.2760315
1635,M,677143367528712,-1.4449463,-10.597153,-3.5520477
1635,M,677028943104771,-2.4337463,-9.157761,-1.7926636
1607,M,287781581325099,3.9390604,-8.301296,2.207454
1616,M,193241696349966,-1.8965912,-5.352783,-0.80555725
1615,M,169518560868204,-1.7801971,-9.0733795,-0.94866943
1616,M,193243529235708,0.10624695,-11.353027,-0.9037781
1614,M,82146815347000,-0.5292993,8.847202,4.493057
1624,M,518932677295815,3.8373718,-7.4364166,0.22599792
1601,M,265958746655836,0.3716998,9.65821,0.997185
1621,M,167828191068582,-5.740697,11.082161,-0.7350199
1615,M,169548521510020,-3.846695,-13.121033,4.3681335
1647,M,1218981918135569,-3.433884,-12.172121,-6.229713
1617,M,269741255549552,-5.4244385,-8.227814,-0.15594482
1613,M,177726250552046,2.6743233,16.715118,8.308478
1608,M,110790957343931,0.732193,9.646576,1.100296
1605,M,183517169265920,0.5141548,10.028712,-0.8110358
1614,M,82185173082000,1.0250684,9.817185,1.1735597
1646,M,1467610896202000,-8.746612,1.0562036,-3.295547
1645,M,1132320421960000,0.79993653,-9.333391,-1.5112574
1650,M,360343118456000,2.2177882,-9.307046,1.343606
1609,M,38960240383529,7.03627,-6.101074,-0.81359863
1645,M,1132324129404000,2.1650977,-9.3309965,1.1280543
1650,M,360369517851000,0.8310718,-9.031619,2.5267458
1631,M,1554573397529535,1.826416,6.279175,1.2069092
1645,M,1132380206027000,2.5027955,-9.2328005,-2.335144
1602,M,99664360959564,0.43884277,-13.810318,8.43866
1616,M,193315958424830,-1.180481,-8.657623,-3.9274902
1627,M,443157025560172,-2.438568,-8.110123,-1.3199768
1620,M,939121680904248,3.31839,-8.859955,0.75709534
1606,M,123113292307136,-9.060959,-5.7169952,-1.0239868
1618,M,776148936365730,-2.8834076,-9.909958,-1.5422668
1636,M,505557215767983,4.750061,-12.243271,-1.1307068
1645,M,1132317621316000,-6.3803325,-6.67971,-1.4897022
1620,M,938997860400159,3.5348663,-8.456009,1.3175049
1614,M,82163056658000,-2.7159522,9.239985,0.41194338
1615,M,169586941619527,-4.93631,-5.1443024,-2.9526062
1632,M,6399536826536,0.11778259,-5.4929504,-0.019683838
1607,M,287662947809623,4.1120415,-9.376891,-0.011372458
1644,P,1818782180700000,-7.668853,10.109378,12.504397
1602,P,99967995601032,1.3684387,-9.95813,0.46940613
1625,P,708121439375678,-9.079788,-4.332901,0.59672546
1645,P,1132809591356000,-0.5891748,-9.321417,-1.2741505
1600,P,253033731069522,-4.141403,10.724609,-1.0062256
1610,P,19634811872074,-0.81481934,10.639801,-2.294754
1650,P,360571738907000,-0.3424878,-8.863968,3.0608351
1624,P,519282687959186,5.369522,-7.8262024,-1.547821
1608,P,111308495800435,2.9560852,9.248581,-1.1407013
1645,P,1132797218921000,-0.88376224,-9.273516,-1.092129
1633,P,694167515852339,-3.6355286,-9.379089,-0.5799408
1632,P,6482109966385,-4.718521,-9.6210785,-1.4271088
1643,P,710655558524000,-0.5340894,-9.263936,-0.3520679
1624,P,519239786365387,5.054596,-8.020142,-1.4190063
1646,P,1467291125217000,-9.388477,0.8669971,-1.3819263
1643,P,710586289685000,-1.9782863,-9.204061,-0.9987232
1602,P,100020414116918,1.4288025,-9.357162,0.6494751
1616,P,193491230649663,5.596451,-10.098236,-5.183258
1619,P,173933761629338,-6.055535,-7.7081323,0.10235212
1628,P,1138965755448607,2.0957947,-8.917374,1.8372345
1608,P,111397501528747,1.1386566,7.001297,-4.2537994
1601,P,265709176766204,7.2448545,7.6464815,0.66139823
1644,P,1818917825869000,0.7951465,-9.06994,-0.4742139
1643,P,710622324776000,-2.3614893,-7.199429,-0.97237796
1631,P,1554816456324902,5.063095,8.6358185,1.0319672
1600,P,253166061367958,-3.5079193,10.159363,-0.6919861
1647,P,1219458781538144,3.566762,-9.25359,-1.0666169
1627,P,443445211596652,9.891602,0.71698,-2.1396332
1625,P,708182015227331,-9.140396,-2.714981,-0.60643005
1626,P,599181818832931,2.5450134,-8.044876,2.0498657
1617,P,269865821424977,0.65534973,4.804001,5.8666534
1649,P,1166314530207656,-0.86610246,-9.913791,-4.665102
1621,P,167451216251756,0.18974048,7.6093717,-2.973
1627,P,443428312775937,8.48262,-6.1211853,-5.5141296
1638,P,1140035563614149,-5.299865,-5.463269,-2.087295
1607,P,288470444085983,4.061165,-9.108142,-1.0690111
1607,P,288583490926666,3.482965,-9.391854,0.089184016
1607,P,288471481054523,4.818331,-8.368334,-1.4610616
1650,P,360697875602000,-0.43110353,-9.0891,2.6584718
1616,P,193496608457280,6.1562805,-4.562088,3.5802002
1616,P,193453042169582,9.834885,-6.879547,-2.2005768
1618,P,775947218230564,-6.352936,-6.9936523,-3.9071808
1607,P,288523834748772,4.1186256,-8.992023,0.17537527
1633,P,694143849494336,-3.7052307,-10.131332,0.7004852
1614,P,82010137451000,-0.8262818,10.195599,-0.7232959
1627,P,443323898732127,7.2974243,-0.5900879,-7.606369
1618,P,775933924783113,-6.409256,-7.4782257,-0.17385864
1642,P,1471754659070000,1.3986914,9.671089,0.21315674
1648,P,460269679209000,-2.560276,-9.09868,-0.06706055
1635,P,676892201758791,-3.5828857,-10.679718,9.285736
1617,P,269865670362966,0.83721924,2.8596954,4.3689575
1604,P,19319291734671,-2.3998108,9.996536,-1.8655243
1647,P,1219449361995754,4.033033,-8.981249,-2.343325
1645,P,1132814911059000,-0.852627,-9.17053,-0.7161109
1645,P,1132798427933000,-1.4825171,-9.263936,-1.1112891
1600,P,253176383936498,-6.663788,8.382751,-1.9971619
1647,P,1219450601256631,2.984971,-9.14226,-1.7058687
1635,P,676836913087078,-5.902954,-7.6174316,0.35655212
1644,P,1818886353303000,-2.047742,-8.959768,2.2129982
1646,P,1467420455095000,-9.235196,1.4394068,-1.6908839
1614,P,81969050174000,0.4263135,9.268726,-0.34727785
1618,P,776007592673890,-6.7971344,-6.198944,-0.15370178
1613,P,178091790599449,-2.4881742,6.805518,6.5936313
1614,P,81897596947000,0.32332766,12.269686,-0.30416748
1643,P,710662350367000,-2.4261549,-9.582474,-0.57001466
1605,P,183970458544341,-1.417966,6.339846,4.481347
1613,P,178134447204487,-0.15682021,10.193314,2.5187001
1619,P,174107740267606,-5.310938,-9.534908,2.5498247
1628,P,1138931967921775,2.1193695,-9.176559,2.34906
1610,P,19735922712682,3.509079,10.121445,0.9310913
1614,P,81958011748000,-2.8452833,10.636282,0.51971924
1603,P,9585432831181,2.971803,7.9834657,2.0655975
1634,P,78788486818379,3.182724,-9.593765,-0.78622437
1627,P,443357958182344,8.462631,-2.5986786,0.24937439
1605,P,183947796874975,0.8607155,7.800309,2.8137856
1649,P,1166416241638347,-4.124611,-7.668628,-1.5586253
1611,P,984628992939,2.968277,-9.321762,1.5098419
1616,P,193533729435656,8.710281,-6.9537964,3.0885315
1646,P,1467302428619000,-7.661668,1.0873389,-4.239185
1628,P,1138849782339937,3.624527,-9.650909,1.1666107
1643,P,710580283789000,-3.2284865,-9.216036,-0.6682105
1609,P,43825164503403,5.9238586,-5.278137,0.56056213
1643,P,710590904877000,-0.87897223,-9.580078,-0.87418216
1632,P,6583976109610,3.5950928,-8.625092,-5.154907
1642,P,1471813201471000,1.6046631,10.059082,0.035925295
1610,P,19626473255128,-0.8790283,10.895004,-0.85369873
1635,P,676898586646487,-6.5259705,-6.4056244,0.8983002
1602,P,99948458256691,2.3484344,-10.142838,1.1649933
1647,P,1219416562087537,6.941988,-6.782175,0.18255788
1643,P,710691392522000,0.16525635,-9.05557,-0.5221143
1610,P,19646534265588,0.7949066,9.605087,-0.6224518
1627,P,443390527140842,11.088898,-1.4703674,-3.0104523
1625,P,708089212808785,-9.367569,-3.7703705,-1.2613678
1627,P,443336849766507,10.012268,-1.841507,-2.2228851
1646,P,1467397386484000,-8.533455,0.07185059,-3.8416114
1629,P,1128311424497578,-4.668213,8.833664,-1.5540924
1614,P,82007308746000,0.36164796,11.795472,-2.1627028
1608,P,111409707340749,4.351639,8.953918,-3.2247162
1600,P,253109211717905,-4.9583435,9.067825,-1.3880463
1626,P,599081815761536,1.9481659,-8.7434845,2.542511
1620,P,938816616189878,5.627365,-10.019089,3.6296844
1624,P,519232887866852,5.038788,-8.087112,-1.4385986
1645,P,1132757965848000,-0.46463382,-9.319021,-1.3148658
1639,P,184484067260542,4.931756,-7.1531267,4.4699745
1650,P,360679838325000,1.8489552,-9.903406,2.8452833
1606,P,123594726935313,-10.633301,1.9739532,4.941986
1624,P,519186411112932,4.953308,-8.100723,-1.3632355
1627,P,443389902751193,10.120819,-1.3652802,-2.8540802
1608,P,111387893991443,6.191025,8.377426,-2.1399078
1650,P,360590601840000,-1.2621753,-8.382568,3.5134938
1637,P,15982742223957,-0.7520786,-1.7592894,-2.6445453
1643,P,710649290954000,-0.51013917,-9.005274,0.028740235
1620,P,938803886707752,3.1752472,-7.951126,2.3414612
1606,P,123687327987543,-7.057022,-0.21987915,4.675537
1614,P,81844995770000,0.5843848,11.165582,-1.6357985
1634,P,78886375002547,-8.960892,-10.00882,-5.641739
1609,P,43860160525694,3.3903046,-8.544983,-1.0139923
1623,P,3281457166741,0.36512756,-9.942841,-1.3831329
1639,P,184507756116892,5.8894367,-1.2107179,19.515139
1640,P,173234260189835,-9.112331,-7.435792,8.792855
1609,P,43774508350499,4.7948456,-9.099686,-2.1809692
1609,P,43722442318217,3.1918793,-8.596573,-1.4875793
1608,P,111464049398564,6.0717773,7.8472443,0.29055786
1621,P,167284098493643,2.3870192,9.321226,4.50888
1610,P,19603129120526,0.28131104,10.609802,-0.107177734
1646,P,1467433792436000,-9.455538,1.1184741,-2.2201831
1620,P,938773070060691,4.384735,-9.066116,4.536545
1632,P,6565647265211,-2.0042572,-9.434479,0.43400574
1621,P,167324521518731,3.268684,10.229227,0.84575176
1629,P,1128343600685521,-2.5304718,9.864471,-3.2717133
1643,P,710718720927000,-0.2921924,-8.576566,-0.5125342
1643,P,710696914516000,-0.8143067,-9.244776,-1.7794995
1641,P,1218562825325000,10.245894,-2.0094216,-9.606423
1650,P,360621939338000,2.5387208,-8.840017,2.3255641
1645,P,1132765280357000,0.23950197,-9.656719,-0.8262818
1635,P,676849562005201,-7.8200836,-6.317871,-0.3047943
1646,P,1467377581412000,-9.376502,1.8753004,-3.6979103
1632,P,6481707134354,-3.270401,-9.319519,-2.1481323
1627,P,443272034095546,9.530182,-8.749954,-2.2429352
1640,P,173335118449145,17.987637,-15.547347,3.3197103
1615,P,179306916672252,3.0841522,-9.36676,2.577591
1616,P,193512802311907,7.2811737,-6.917511,-0.57032776
1635,P,676938467030320,-6.4473877,-5.381195,-2.9115753
1604,P,19454039024813,0.1855011,9.642166,-1.6685333
1635,P,676928919922608,-6.8997498,-6.84964,1.5805664
1642,P,1471777101008000,1.5471827,10.032737,1.1735597
1644,P,1818773899308000,-0.3424878,8.684341,9.572893
1640,P,173274342578145,1.1683705,4.049194,-0.16385318
1616,P,193376765917257,7.9795227,-9.397842,3.612152
1627,P,443360858572969,5.622818,-5.599533,2.1130981
1609,P,43841579892271,9.565796,-7.0543976,-2.646164
1642,P,1471890700963000,1.7028589,10.260264,1.4082716
1604,P,19472821101723,-2.3746185,9.752136,0.31698608
1641,P,1218622790947000,10.487791,0.1939966,-0.05269043
1650,P,360618674782000,-0.22273682,-8.890313,2.9171338
1642,P,1471742672462000,0.17483643,8.442444,-8.938213
1643,P,710634531907000,-0.2945874,-9.19927,-1.5974782
1608,P,111305454418599,1.6854706,10.245346,-2.1124878
1639,P,184574723031232,2.9134443,-9.042151,4.0653543
1638,P,1140118301057219,8.754099,-11.38413,14.772674
1626,P,599098533308458,2.0404053,-8.825943,2.3556213
1625,P,708157341768304,-10.05806,-1.8135529,-0.25001526
1633,P,694101652835213,-1.4951935,-10.866745,-11.589859
1643,P,710653462454000,0.22752686,-9.342972,-0.244292
1629,P,1128334536980034,-3.46727,8.824997,-1.988617
1646,P,1467281131170000,-8.440049,-2.1004322,0.2083667
1643,P,710724343797000,-0.45984375,-8.799302,-1.3627661
1626,P,599066709576898,1.8280334,-8.821533,2.6116486
1600,P,253123361181068,-3.23172,9.024246,-1.3034058
1645,P,1132760041283000,-2.7399025,-9.524993,-0.728086
1645,P,1132778841604000,-1.8633252,-9.16095,-0.45744875
1618,P,775923551868719,-7.1059265,-7.3128204,-2.3313751
1642,P,1471861671432000,0.4622388,9.862691,1.6597486
1643,P,710628673283000,0.083825685,-9.10347,-1.0083033
1640,P,173185837348145,-4.7860093,9.924564,-5.3137813
1647,P,1219379372129271,3.6140475,-9.205706,-1.5370775
1617,P,269794520163451,0.8745117,5.306381,1.8265839
1603,P,9693451985306,2.3876176,9.277532,2.2559366
1646,P,1467313248552000,-6.856941,1.4729371,-5.839058
1636,P,505081672536250,2.8466797,-9.035492,0.22982788
1641,P,1218573863774000,9.77647,-0.09101075,-1.0322535
1641,P,1218534242036000,10.37283,-1.5567628,-5.087022
1613,P,177997097662142,-4.875193,12.908339,4.919486
1620,P,938764469589921,6.3808746,-10.902039,-1.7037048
1650,P,360568977949000,-0.24189699,-8.940608,2.9410841
1600,P,253174420130346,-4.7009277,8.285889,-1.2523956
1627,P,443305751135117,9.532639,0.36201477,-2.8812714
1633,P,694144000556348,-1.7228699,-8.095551,-0.22328186
1632,P,6591730626212,-4.8533936,-9.091187,-1.166565
1639,P,184487600643782,19.511847,-19.926193,19.462465
1607,P,288622476703892,4.2419267,-8.923788,0.24959552
1625,P,708057187669216,-10.730057,-3.925888,3.8403168
1627,P,443395260420994,9.5863495,0.5163727,0.6083832
1646,P,1467386889308000,-9.498648,1.1520045,-1.3627661
1645,P,1132645830142000,0.4167334,-8.614885,-2.6441016
1622,P,1149140789607511,-2.9102478,-9.269043,0.15586853
1601,P,265796247377680,6.181829,7.2951326,2.0254946
1645,P,1132693545417000,3.0919704,-8.749006,-1.0418335
1608,P,111317237253039,4.31221,10.136993,-1.1247406
1603,P,9582878914256,2.5635915,8.813655,2.2876596
1634,P,78890755800887,2.3461761,-10.196747,-1.9976654
1607,P,288537201456997,3.7217865,-9.110536,-0.729633
1645,P,1132785874150000,-0.22992188,-9.239985,-1.4010864
1604,P,19391801493606,1.234314,9.420898,-1.8560638
1627,P,443284219767107,6.090088,-4.42453,-10.95401
1608,P,111301969920675,2.2604218,9.1805725,-2.157486
1616,P,193488994941506,6.1436768,-7.222275,1.6099548
1616,P,193460132033768,-0.83444214,-7.994934,-1.5531464
1630,P,1561068862622211,8.842728,1.7894745,2.0912628
1650,P,360611116187000,0.7951465,-9.005274,3.04407
1637,P,16012334282327,8.65474,-9.131037,-0.020500353
1648,P,460192376167000,-0.87178713,-9.560919,-0.1939966
1647,P,1219453833399243,3.4398694,-9.065644,-1.2958617
1633,P,694095862124764,-4.025009,-9.176422,-0.30636597
1649,P,1166423584257511,-1.4514848,-6.2380924,-8.722076
1641,P,1218473408668000,9.057964,-1.0059083,-1.2717555
1610,P,19704421245859,-1.2816315,9.943146,-1.7334137
1616,P,193367218826011,4.353012,-2.9790802,-3.8787231
1617,P,269868037001149,1.7385864,5.2967377,5.791336
1627,P,443410789589910,7.7984924,-4.8644257,-1.8061981
1627,P,443297130537094,9.0569,-2.0350342,-1.6316833
1637,P,16024282070897,0.48093528,0.10339958,-5.417031
1602,P,100034513237221,0.5800934,-9.558975,-0.016906738
1650,P,360676231211000,0.09580079,-8.935819,2.9410841
1635,P,676864507059807,-6.167465,-7.272156,1.0313263
1600,P,253161227383583,-4.4925995,8.394684,-0.5333252
1606,P,123694528581951,-8.112122,0.8252716,5.2081757
1641,P,1218582585608000,8.856783,-1.8226099,-1.7675245
1621,P,167397824761725,0.45250413,9.478644,1.2695254
1637,P,16012784191427,-7.249942,-5.829432,0.14948797
1626,P,599110718967041,2.349228,-9.678467,3.2542267
1641,P,1218605729940000,9.570498,-0.75203615,-0.96758795
1643,P,710696067903000,-1.0585986,-9.249566,-1.2717555
1603,P,9722303366126,2.2655134,9.711481,3.366846
1629,P,1128335846184135,-2.9332275,9.859665,-0.7335663
1624,P,519296031773842,5.2352753,-7.9555664,-1.4593964
1629,P,1128367871322919,-4.5863647,8.271057,-3.1508942
1633,P,694225271907420,-0.65063477,-10.612091,-3.859253
1621,P,167285056363748,1.3670892,11.328165,0.26276365
1619,P,174067796458246,-2.321777,-9.913791,-0.034715924
1614,P,82002442382000,-0.9364527,9.484278,-0.9196875
1645,P,1132644399518000,-2.2465284,-9.172925,-0.6825806
1649,P,1166426816128343,0.37708676,-4.4436383,-8.86932
1635,P,676807506333655,-5.702408,-7.4196625,2.2525482
1619,P,173995173946245,-2.7162218,-9.932345,0.05566519
1604,P,19324327135061,0.26834106,9.576355,-2.4640808
1635,P,676830246216961,-7.722641,-6.0768585,-0.3213501
1644,P,1818789938532000,-1.5519727,9.920172,11.984678
1644,P,1818880731653000,1.1783496,-9.08431,0.74724615
1635,P,676891980201174,2.2928162,-11.793259,-0.119384766
1650,P,360609807416000,-0.16286133,-9.153765,2.6369166
1624,P,519232333972809,5.1524506,-7.988678,-1.5798798
1647,P,1219374107297344,5.2522798,-8.18398,-1.905186
1609,P,43731506028117,2.909195,-9.959686,-0.97950745
1629,P,1128280053941163,-4.7734833,8.668777,-2.3512115
1627,P,443334533482327,10.422089,-0.022628784,-3.531067
1633,P,694172853376753,5.596344,-8.01178,-0.05911255
1603,P,9581083238214,2.7814639,8.814254,2.9083564
1624,P,519315871256610,5.449295,-8.244034,-2.3669586
1644,P,1818766685334000,0.5939649,7.541917,6.7491655
1610,P,19695820772942,1.1236115,9.830612,-0.3250885
1623,P,3384078633789,-2.1405487,-9.641937,-0.99183655
1642,P,1471850933717000,0.8286768,10.059082,0.5628296
1638,P,1140171627409879,-5.8529253,2.820669,-10.349685
1616,P,193415679508652,8.176819,-3.864746,-1.340622
1619,P,174094013414903,-1.7136499,-10.072407,-0.85173726
1608,P,111320500192492,4.557419,9.597778,-3.0096283
1633,P,694208755807537,-0.39440918,-10.323059,-1.1746674
1642,P,1471755867754000,-0.0071850587,10.4638405,0.7113208
1629,P,1128316711655610,-5.6943207,8.172699,-5.6158447
1642,P,1471892010457000,0.65384036,10.037527,0.51492923
1629,P,1128346420509740,-2.4964142,9.334869,-3.0474548
1615,P,179366485453647,1.3713226,-9.327957,-2.4757385
1613,P,178028342475620,-3.2728736,9.148843,6.76781
1648,P,460139511724000,-2.1722827,-9.110655,0.5292993
1629,P,1128417218256355,-3.704956,9.114853,-0.89138794
1636,P,505184193303706,3.0484772,-9.194763,0.3742981
1644,P,1818896609040000,0.728086,-8.6627865,1.0226734
1640,P,173234809823205,-5.9998693,4.595072,-2.8381765
1640,P,173336168104665,15.423448,-8.664018,7.7394066
1606,P,123730531699507,-8.050537,-0.17233276,3.0787964
1612,P,6166053167392,-9.643524,-2.486618,0.31655884
1650,P,360639492991000,-2.203418,-8.641231,3.173401
1600,P,253060972575658,-2.5271149,10.435883,0.5609436
1641,P,1218606173067000,14.190492,-2.699187,-0.7664063
1645,P,1132761915307000,-1.219065,-9.692644,-2.5267458
1637,P,16067823508107,-4.8365865,1.3890859,-2.745102
1607,P,288477226408114,4.3382936,-8.70831,-1.7280151
1627,P,443375340362916,7.7624817,-1.1485901,-6.0727386
1614,P,81920999308000,3.0799952,10.068663,-0.62749517
1601,P,265806622344239,4.9440265,8.8088665,0.3669114
1606,P,123713864539394,-8.470963,0.33081055,4.751129
1612,P,6207041352105,-9.488373,-2.9408264,0.45768738
1610,P,19725972749463,-0.71125793,9.57283,-1.4562683
1621,P,167294114763275,-1.6621746,8.564059,3.3734303
1617,P,269815517768582,-0.22523499,3.8508148,10.41481
1610,P,19667844096953,1.0281677,10.412811,-0.47138977
1610,P,19590621176474,-0.22492981,11.161392,-1.6309204
1600,P,253143855282595,-4.86792,7.978836,-4.031021
1621,P,167322007283420,1.7597382,8.996812,0.7344214
1619,P,173962332915629,-4.4328647,-10.803835,1.316811
1636,P,505063595467625,5.4073486,-7.9209137,2.8345337
1629,P,1128381215138609,-4.0036926,9.07132,-1.5668335
1650,P,360607852679000,1.1975098,-9.14179,2.1603076
1634,P,78794781068867,1.0475311,-7.2306824,-4.0061035
1616,P,193398478586086,5.3487396,-5.937042,-0.45187378
1620,P,938816575906674,-0.14845276,-9.056473,-0.2610016
1644,P,1818788447563000,-1.3747413,5.4606447,2.5219557
1648,P,460152969557000,-3.0129347,-8.904683,0.17004639
1616,P,193504362966514,6.618225,-11.333038,6.478668
1633,P,694254376519448,-3.328125,-9.616684,0.63475037
1621,P,167444033512123,1.158195,9.419987,-1.091756
1647,P,1219493137878346,4.213795,-9.97604,-0.6218939
1630,P,1561056878369401,8.881271,0.8278961,2.5750122
1620,P,938784329214867,4.7228394,-13.635651,4.1027985
1645,P,1132768544734000,-0.8813672,-9.4435625,-0.9148975
1616,P,193516891057024,14.80838,-0.5874176,0.074661255
1650,P,360641004083000,-1.0250684,-9.501043,2.323169
1628,P,1138998787688709,2.271515,-9.451294,0.07409668
1604,P,19440443470653,-1.7701416,9.405579,0.48999023
1603,P,9669709410523,2.332551,9.598953,2.1003134
1641,P,1218569190534000,9.75731,0.07664063,-1.7986598
1614,P,81839931827000,-0.3281177,10.209969,-0.7807764
1608,P,111391700754139,1.5381012,8.594177,-2.9682922
1646,P,1467445518015000,-7.8700347,2.8093581,-3.4584084
1645,P,1132706582633000,-1.6765138,-9.096285,-0.6466553
1632,P,6619727473245,-0.78764343,-10.072418,-2.8321686
1616,P,193512923161517,6.6263733,-6.350464,0.4106598
1605,P,183912914919364,0.5506664,8.334216,1.1210849
1608,P,111358769241086,2.8272705,9.075928,-2.3543243
1644,P,1818794835100000,1.0346485,6.9719024,6.2677665
1628,P,1138926428967359,0.9354248,-9.743546,1.8562927
1631,P,1554882973943494,3.319809,9.673508,2.8277283
1618,P,776029144199851,-3.5394897,-7.975281,-0.59884644
1616,P,193480716743264,5.495941,-7.046112,-0.59902954
1608,P,111303641674459,1.1947021,9.98082,-2.15773
1642,P,1471846683175000,1.3627661,9.807606,0.81191164
1606,P,123569751362380,-7.6933746,-3.558487,0.6693115
1602,P,100018853137724,0.7485199,-9.61673,-1.3686981
1610,P,19702104961679,0.50746155,9.529388,-1.2201691
1635,P,676919815918702,-7.6307526,-5.6217194,-1.3158875
1606,P,123567384734171,-9.250351,-0.8293457,1.7010651
1627,P,443376025177369,8.914093,-2.2391663,-4.169861
1642,P,1471827807351000,0.2083667,10.277029,0.87418216
1632,P,6562474962933,-2.2210083,-9.503555,1.5426483
1615,P,179344984286146,1.6257019,-9.517349,0.047058105
1641,P,1218606334182000,9.702225,-0.7759864,-0.38080812
1649,P,1166384917025442,-4.5352163,-6.1860185,-3.5075054
1633,P,694128239748501,-0.10334778,-8.281128,0.5090027
1641,P,1218515730479000,8.693921,-0.8765772,-1.0705738
1614,P,81918981478000,1.7938697,8.890313,-0.5292993
1608,P,111361347366086,3.0942535,10.600449,-3.8685608
1618,P,776028590305808,-6.217285,-8.289749,-0.47227478
1608,P,111310127270162,4.4448395,7.635025,-1.4364014
1616,P,193455439020168,4.895279,-7.577606,0.8086548
1628,P,1138936399074119,2.1076202,-8.588593,2.046341
1644,P,1818892821082000,-0.30177248,-9.285491,0.5221143
1650,P,360531372719000,-8.054451,-11.338023,0.25866213
1634,P,78902286869008,1.2774658,-9.293076,-1.984436
1609,P,43774407642492,3.9359741,-8.953339,-2.5188599
1618,P,775900036546628,-7.669403,-6.7834015,1.0188141
1634,P,78871923410980,-0.9017792,-8.714752,-5.245117
1620,P,938913696495923,3.7952423,-9.9626465,3.3504639
1637,P,15969748683767,-2.0114286,-3.490297,-0.29822776
1615,P,179379728555969,3.6408691,-8.9487915,-1.5085602
1610,P,19625909290284,0.16349792,9.383408,-1.6112823
1643,P,710610172035000,-2.4022048,-8.195757,-1.3555812
1642,P,1471812033149000,1.5783179,10.078242,0.6849756
1644,P,1818919719897000,1.5160475,-8.978929,1.2645704
1613,P,178015254231926,-1.4425066,7.3190746,6.250662
1642,P,1471774643327000,-0.8382569,10.269844,3.1494508
1610,P,19602988129315,-0.7588501,10.142471,-0.9742737
1604,P,19403131148799,3.5940094,9.23967,-0.92723083
1647,P,1219403994766448,3.6014779,-9.090185,-1.3994108
1640,P,173339017146615,19.500174,-19.931131,19.557186
1640,P,173194357222435,7.395689,0.7308301,-11.775731
1646,P,1467408306396000,-9.050779,2.047742,-1.5040723
1601,P,265802352655335,-3.0759506,9.135675,5.445013
1620,P,938805719593494,4.7650146,-7.588135,-0.58992004
1602,P,99991863379628,0.8179474,-11.215942,7.872818
1629,P,1128399191514469,-4.4960175,8.741074,-2.2127838
1628,P,1138861875146362,3.9493408,-8.168747,-0.21931458
1633,P,694243550419979,-0.69696045,-9.316513,-1.6618195
1619,P,174016640222746,-3.228581,-9.643246,0.75956047
1616,P,193499669980717,16.454666,-1.0359039,-0.81159973
1645,P,1132778781101000,2.7207422,-9.460327,-4.7014236
1638,P,1140197765402749,-19.334675,-19.909882,19.527557
1644,P,1818797313611000,-0.7592212,5.872588,5.1612673
1641,P,1218642410153000,8.705896,-5.4223247,-0.122146
1625,P,708204322041847,-7.685669,-4.904373,3.513504
1649,P,1166308063640212,5.593454,-12.537237,-5.3259015
1646,P,1467408971136000,-7.1132083,0.73048097,-5.4055595
1648,P,460091361611000,-1.7986598,-4.897815,-2.703977
1603,P,9628928120591,1.7328035,9.175778,2.054225
1630,P,1561018206480520,8.399139,0.70796204,1.9947662
1638,P,1140165230715109,19.510649,-16.323368,19.527557
1603,P,9620588194034,2.3092074,9.385869,2.204461
1639,P,184600066245942,1.6588825,-9.973496,0.48841715
1635,P,676982295157519,-7.6992645,-6.3943024,-0.58638
1649,P,1166392419361222,-1.477821,-6.8731546,-11.640609
1629,P,1128410420463249,-5.2190247,8.20816,-2.8294525
1640,P,173265395829875,9.210494,-19.931131,19.557186
1649,P,1166411732587984,-2.3056161,-9.08001,-3.074155
1600,P,253111628710093,-3.3902283,8.621521,-0.92497253
1628,P,1138864392846557,3.6817932,-8.81369,-0.17474365
1631,P,1554807593994686,2.0970154,9.63768,0.8374634
1618,P,776045861737898,-7.512497,-7.2671967,-2.249405
1648,P,460224469786000,-3.04886,-8.717872,-0.0023950196
1644,P,1818799731741000,6.4138627,4.773274,2.924319
1642,P,1471839692791000,1.2621753,10.061478,0.9532178
1613,P,178101168071685,-0.4770447,9.460688,0.30047232
1630,P,1560988699040952,8.08403,1.7305756,3.8252563
1631,P,1554886901581453,-2.4965057,11.308105,2.7686462
1621,P,167422365418694,1.1198878,10.196905,0.046088383
1630,P,1561040563666036,9.194611,1.8040009,1.1260223
1607,P,288528261844552,4.820725,-8.563461,-0.40940848
1606,P,123637880331772,-7.820923,0.11418152,4.556717
1622,P,1149144817927823,-2.661911,-9.297226,0.2858734
1635,P,676979898306934,-7.974594,-6.3004303,-0.08018494
1624,P,519276343365101,5.3721924,-7.858795,-1.5666656
1630,P,1561047512525299,8.937897,1.627594,2.466629
1650,P,360611391578000,1.839375,-8.840017,2.2513185
1624,P,519337976675502,5.3753204,-7.847107,-1.4802094
1615,P,179277358858361,1.9371338,-7.3529663,-0.35043335
1618,P,775994702056929,-7.556793,-6.642456,-3.5803375
1640,P,173212725591705,2.0853498,-3.7104142,1.392378
1613,P,178057551114254,0.96785605,9.919776,2.043451
1649,P,1166385555599661,-3.8899791,-7.5812397,-3.965995
1642,P,1471874383128000,1.4394068,9.841136,1.104104
1641,P,1218525681190000,10.684182,0.9196875,-0.4406836
1639,P,184617061307242,0.3540426,-13.983784,14.164097
1621,P,167450498241287,-0.05267244,9.021951,1.3688848
1610,P,19745187835097,-2.6645203,9.949188,-0.8655548
1617,P,269793412375365,-0.10491943,3.1605225,6.1146545
1620,P,938856544707942,5.002487,-8.648071,1.920105
1648,P,460124885443000,-2.3519094,-9.12263,-1.0538087
1636,P,505067069893894,1.7342377,-9.982422,0.13096619
1623,P,3372144711927,-2.3036804,-9.731644,-0.44874573
1614,P,81866716948000,-0.09580079,10.590776,-0.9148975
1642,P,1471730463676000,0.7879615,7.422166,4.8594947
1608,P,111367248864374,2.308548,9.485657,-1.2975769
1630,P,1561072588818500,9.324921,0.9348297,1.4389801
1646,P,1467302771228000,-7.391031,0.18441652,-4.8091993
1614,P,81869605250000,-1.6238233,10.296189,0.6825806
1606,P,123719302749426,-6.885681,0.93899536,5.7598877
1628,P,1138995816801208,1.9087677,-9.059006,1.0101013
1633,P,694139267279981,-2.3219604,-8.9328,-1.6449432
1602,P,99908930363530,0.6914673,-8.095123,0.7257538
1637,P,15955712306467,7.2517376,-1.9771616,1.7129017
1623,P,3291125132358,-0.9785919,-9.689163,-0.94467163
1620,P,938764630722734,2.360382,-8.1887665,3.1227875
1644,P,1818855263249000,0.33769777,-8.772957,0.87418216
1646,P,1467442717582000,-9.2328005,0.8167017,-1.2957057
1640,P,173313876548805,-4.381389,-6.5523314,3.7147536
1634,P,78861651198180,-1.1272583,-9.261581,-2.0164795
1650,P,360677561390000,1.3627661,-9.0891,2.6536818
1648,P,460174083271000,-0.5029541,-9.64714,-1.2573853
1614,P,81852018820000,0.37601808,9.623189,-0.17723145
1650,P,360613435210000,0.102985844,-10.813514,2.7422974
1607,P,288468884928012,3.1848867,-9.556456,-0.17058687
1612,P,6178540966211,-9.694626,-2.2795715,0.17948914
1616,P,193496326474858,5.046463,-5.165558,-1.1385956
1622,P,1149158463874483,-2.1705322,-9.469711,0.5448761
1631,P,1554764440610083,4.034546,9.007111,-0.04307556
1627,P,443332035923733,10.581207,-2.212265,-6.7519836
1612,P,6076322358336,-9.36145,-3.3098755,0.21574402
1645,P,1132646958588000,0.30177248,-9.374106,-1.6022681
1632,P,6564186999097,-2.826004,-9.091766,0.17521667
1643,P,710648625557000,-0.25866213,-8.768167,-1.3747413
1622,P,1149080113025055,-2.5603638,-9.42804,0.24690247
1613,P,178057353490245,-2.4331074,8.707711,2.783858
1620,P,938903927802129,3.7700958,-8.378403,1.9721375
1641,P,1218525620739000,13.723462,-0.7496411,-0.43349856
1613,P,178068127606026,-0.4441244,7.763199,2.087744
1615,P,179345185702162,1.6509857,-9.367523,-0.98609924
1615,P,179397906354262,2.198471,-8.554184,2.1414337
1636,P,505119790523194,2.94104,-8.449921,-0.99749756
1628,P,1139002312468982,2.1967926,-9.380753,0.72592163
1648,P,460131956840000,-3.5949244,-8.528665,-1.5807129
1642,P,1471846340687000,0.4622388,9.862691,0.68976563
1648,P,460238471705000,-2.2656887,-8.988508,-0.1939966
1621,P,167293116956243,0.7823054,8.84478,-2.391209
1645,P,1132764595265000,-0.56522465,-9.038804,-0.5556446
1648,P,460136107060000,-3.2045362,-8.988508,-1.1711646
1638,P,1140070427301959,9.295189,-19.613,3.2350154
1642,P,1471865962382000,1.5423926,10.248289,1.334026
1615,P,179306967026256,-2.0037537,-10.515442,0.30148315
1604,P,19415417527130,1.3803864,9.626404,-1.8418121
1616,P,193380854689938,15.277206,-7.008133,2.2976685
1639,P,184652699767742,0.4091092,6.893655,-12.401965
1648,P,460251023135000,-2.4525,-8.988508,-0.57959473
1607,P,288564137358186,3.6750996,-8.922591,1.6729485
1644,P,1818762220330000,1.9447559,5.858218,8.056846
1633,P,694147374256944,-4.4641876,-9.102432,0.3296051
1631,P,1554825217920456,13.079941,12.468079,10.563812
1642,P,1471855627692000,1.3579761,10.078242,0.19160157
1646,P,1467312845643000,-7.074888,3.2165112,-5.724097
1635,P,676982919547168,-8.90242,-4.7766266,-1.2894592
1604,P,19394722025832,1.5106201,9.345917,-1.0101776
1627,P,443445050463840,9.460693,-0.952301,-5.1128387
1615,P,179245535152231,-4.5850677,7.1752625,-13.500595
1645,P,1132712929902000,-2.0213966,-9.529783,-1.343606
1637,P,16108167026947,-2.739266,-8.384046,18.16825
1623,P,3409708817082,-2.1343842,-9.477905,-1.7166595
1634,P,78907674743009,-2.7419739,-10.008255,-1.2720947
1628,P,1139005786895252,2.690979,-9.239731,0.59072876
1634,P,78787932924336,-2.6099854,-8.22348,-1.0967102
1633,P,694178644093066,-1.2742767,-9.530624,0.86624146
1619,P,173937711966421,-4.687847,-8.458116,0.6218939
1600,P,253142092892458,-7.397415,6.2221985,-4.840683
1628,P,1138929903407615,1.8567963,-9.204895,2.0952454
1607,P,288463179255463,3.7229836,-9.048286,-1.3084313
1648,P,460182846897000,-0.9148975,-9.366921,0.0047900393
1607,P,288458789623433,4.8428717,-8.613141,1.6496049
1634,P,78818094964108,-1.1277161,-9.089737,-1.7755432
1632,P,6498777166773,-1.9822388,-9.283081,0.044906616
1608,P,111449950271489,7.2926025,8.453247,-1.6703339
1646,P,1467308413009000,-8.083191,1.3244458,-4.409231
1644,P,1818910411000000,-0.44307864,-8.648416,2.943479
1617,P,269802022918884,-3.6728363,1.7688904,7.1481476
1632,P,6590119298087,-0.55477905,-9.696915,0.6980896
1610,P,19620189075440,-2.2133331,10.16629,-1.611618
1646,P,1467439030600000,-9.553733,-0.25866213,-1.9687061
1635,P,676914337400400,-6.969116,-6.959488,1.1104889
1616,P,193508069021201,4.418228,-5.18515,-0.8420563
1630,P,1560929583438526,9.934967,1.4780426,0.65870667
1616,P,193481723823342,9.944305,-6.9057007,-2.6007538
1639,P,184577822348572,-6.426337,-7.38297,19.515139
1638,P,1140130445264459,2.0239983,-19.909882,9.627534
1641,P,1218567075481000,7.92991,-1.9399658,-2.0525317
1614,P,81994331722000,1.5304176,7.1491337,1.096919
1643,P,710606343252000,-1.8992506,-9.529783,-2.083667
1641,P,1218522679883000,8.969349,-0.83586186,-0.51492923
1614,P,82008297847000,1.9998415,10.950029,-1.0777588
1641,P,1218590360826000,9.182506,-3.0919704,-1.0106983
1639,P,184618710551932,0.9837176,3.1060278,-15.7323
1633,P,694159358529882,2.1489716,-8.700867,0.08203125
1641,P,1218637414703000,10.708133,-0.06227051,-0.19639161
1645,P,1132801772979000,-0.79754156,-9.4507475,-1.5136524
1621,P,167306125511812,-1.6843209,7.052121,-3.945046
1615,P,179231838861089,0.9867859,-10.326233,1.0688324
1625,P,708136696641923,-8.365326,-4.5148315,0.95957947
1600,P,253154379240999,-5.6743164,7.763275,-1.9474182
1641,P,1218499333765000,3.0129347,-0.1939966,-2.0453467
1616,P,193503517019248,15.22876,-7.412857,-4.6460724
1637,P,15971147789857,7.6395984,-6.7009215,9.711929
1610,P,19632072614261,0.11680603,10.156387,-1.6983948
1641,P,1218534987450000,9.620794,-2.787803,-0.13651612
1637,P,16021282457227,-1.254861,-0.11207857,-0.5376479
1614,P,81848477736000,-2.668052,9.860296,0.70174074
1640,P,173300231631895,-12.880805,1.6502035,-1.7655741
1628,P,1138942391197953,2.142868,-8.681305,1.6921082
1649,P,1166338589845617,-3.6661212,-8.124723,-4.791396
1607,P,288579500419273,4.407127,-8.956709,0.35075054
1603,P,9679125051146,2.7419596,9.454104,2.3876176
1617,P,269871007887380,3.3938751,5.5718994,4.2032623
1648,P,460252614660000,-2.8500733,-8.952583,-0.7113208
1645,P,1132716193801000,0.5388794,-9.086704,-1.0250684
1645,P,1132680508452000,-1.6501685,-9.237591,2.299219
1647,P,1219515082092343,4.9416323,-8.411429,-1.1055226
1645,P,1132706703546000,3.5925295,-9.05557,-1.4154567
1634,P,78899567752797,1.2177429,-9.32402,-1.3547363
1613,P,178019083395207,-2.48578,8.925584,3.0142999
1643,P,710667731442000,-0.57719976,-9.656719,-0.23471193
1648,P,460121480763000,-2.2920337,-8.964559,-0.122146
1605,P,183967864973091,1.2198458,11.562798,2.1637597
1616,P,193517475163470,6.3307495,-9.579056,0.54241943
1627,P,443384565226779,9.435577,-0.9423523,0.676239
1643,P,710687079170000,-0.35925296,-10.128538,-1.6453785
1620,P,938831561262760,6.017975,-8.307022,4.341812
1644,P,1818920203346000,0.23231691,-9.347761,1.22625
1628,P,1138962129960326,2.5751953,-8.717331,2.5333862
1646,P,1467325942119000,-9.64714,0.79754156,-1.3627661
1626,P,599228899797654,0.09840393,-7.6319885,4.3632813
1605,P,184032946393484,-1.1025299,9.337985,0.58897364
1640,P,173280490225575,-1.934515,-4.7901993,-0.19018939
1612,P,6157593726252,-9.603638,-2.880005,-0.14231873
1647,P,1219465205746736,3.7002387,-9.041702,-1.3377602
1607,P,288451606916248,3.3279405,-9.760562,-0.7344214
1605,P,184052620584467,-3.5769374,8.940548,1.7537527
1646,P,1467381066900000,-10.044712,1.1903248,-0.5724097
1646,P,1467312402375000,-9.153765,2.1243825,-5.8198977
1611,P,916701442399,3.4831848,-8.8280945,1.0243988
1613,P,178080098584922,0.64583594,9.021352,1.9339164
1627,P,443271671550448,6.451416,-5.635605,-1.5012665
1644,P,1818789394552000,-2.6584718,5.9252787,0.5364844
1610,P,19727563935987,-0.48944092,9.617218,-1.770462
1643,P,710709268315000,-0.19160157,-9.1202345,-1.5735279
1635,P,676961871575402,-7.815811,-6.149597,-0.30743408
1642,P,1471872791648000,1.3915064,9.977652,0.9963282
1617,P,269942359519843,9.193634,-4.369049,4.46846
1620,P,938777017814598,3.72406,-7.45253,-1.745575
1646,P,1467380684039000,-9.297466,1.468147,-0.8310718
1644,P,1818766342775000,1.2573853,5.6666164,5.1636624
1650,P,360524983598000,-4.488267,-3.4512234,8.155042
1645,P,1132712728399000,-1.8753004,-9.551338,-1.1184741
1635,P,676867629008049,-7.251541,-6.279663,-1.7747955
1612,P,6219730556596,-9.781143,-2.0177612,0.07872009
1613,P,178133929160944,-2.6701334,9.111733,1.9566613
1608,P,111427170114087,2.0204773,7.833603,-4.735382
1639,P,184603765337722,5.360318,-8.211364,6.4284315
1630,P,1561050886243561,9.325104,0.87994385,1.6001129
1610,P,19745993499160,0.6429138,9.098419,0.24676514
1613,P,177996577153914,-6.0172276,8.909423,5.8454432
1627,P,443395985518650,7.833954,-3.8441925,-2.0726776
1610,P,19710947121336,-1.1879883,9.927597,-2.0672302
1641,P,1218563268473000,10.97398,0.29937744,-1.3148658
1644,P,1818872490799000,1.099314,-9.081915,0.71371585
1642,P,1471821763158000,1.4609619,9.968072,0.1341211
1616,P,193397934762844,11.113953,-1.5042877,0.9985504
1603,P,9676573508335,1.2623428,8.688558,1.8273745
1650,P,360558155926000,1.4897022,-9.189691,2.5578809
1622,P,1149069135868752,-1.8256531,-9.552719,0.14471436
1620,P,938782073355492,8.181534,-7.51239,0.60910034
1635,P,676979394766894,-8.818054,-5.1984406,-1.158783
1640,P,173333868853865,12.196063,9.7641535,-10.267385
1643,P,710614551471000,-2.1818628,-8.641231,-0.44547364
1643,P,710747379975000,-0.14370118,-9.422008,0.3281177
1648,P,460160645413000,-1.9327809,-9.144185,-0.80712163
1648,P,460145152579000,-0.14130616,-9.029224,-0.42870852
1644,P,1818809040658000,-2.1746778,-8.612491,4.382886
1634,P,78847602433280,-0.99290466,-9.609726,0.64627075
1635,P,676854859246412,-10.076981,-4.248703,2.5742035
1627,P,443442069506808,9.084473,-1.6734619,-2.1359253
1621,P,167342797219350,-3.3476925,9.773131,0.7757214
1642,P,1471741806214000,1.7747096,9.697434,0.96040285
1642,P,1471877566158000,1.4801221,9.951306,0.8095166
1600,P,253075675954600,-5.4930573,8.901306,-2.9281921
1629,P,1128264242776859,-3.754181,8.985138,-1.6448364
1638,P,1140133344186849,19.510649,-19.909882,19.527557
1630,P,1560949624339828,8.677383,2.028839,1.9651184
1616,P,193393664743313,4.46402,-5.8123627,0.2956543
1611,P,1026221411692,3.92305,-8.66684,1.0951843
1645,P,1132678029937000,-0.5939649,-9.11784,2.090852
1650,P,360700434448000,0.23471193,-9.048384,2.804568
1616,P,193527002131110,11.358276,-9.179825,-7.5362854
1644,P,1818803882337000,1.2669654,-5.213958,-3.791316
1643,P,710643970334000,-0.7951465,-9.278306,-0.62989014
1627,P,443443137011691,10.070084,0.892395,1.773941
1609,P,43750137019314,1.1265717,-6.263748,-13.034088
1618,P,775867860309409,-3.224762,-6.6215973,0.23147583
1601,P,265709695827401,12.340314,15.954362,8.214506
1615,P,179272776644006,3.0444794,-9.43251,-0.8973236
1648,P,460264924503000,-1.9567311,-9.081915,-0.09580079
1635,P,676979294058887,-8.293243,-5.590744,-0.55796814
1643,P,710636573851000,-1.9279908,-8.916658,0.050295413
1650,P,360567506843000,0.25147706,-9.08431,2.6105714
1644,P,1818909403682000,0.61552006,-9.182506,1.1280543
1613,P,177993507184955,-2.4905684,9.261371,1.3521254
1638,P,1140146637877089,-2.5561097,2.7201123,-1.8550574
1632,P,6597017823052,0.9833374,-8.898102,-4.2093964
1642,P,1471728932940000,1.092129,10.346485,-0.16765137
1619,P,173973625596720,-3.478775,-9.418191,0.44891283
1649,P,1166346051702593,-7.253234,-6.646304,1.7112557
1620,P,938817683694760,2.0894623,-6.5188446,1.4476929
1605,P,184017784568855,1.8662802,8.81964,5.8466406
1645,P,1132639422252000,-0.7951465,-8.880733,-2.3950195
1626,P,599132371186361,2.9427185,-9.761627,3.7411041
1610,P,19738601545690,1.6001129,8.366394,1.9158325
1613,P,178035526040200,-2.417545,4.7560816,2.5516205
1643,P,710629721150000,-1.1855347,-10.023157,-1.1208692
1641,P,1218477397470000,8.667576,-3.178191,-1.1759547
1630,P,1561048569959381,8.91185,1.0076447,2.3090973
1632,P,6489411292375,-0.69859314,-9.843414,0.32432556
1649,P,1166303115895473,-4.4322658,-7.9170265,-4.1186256
1619,P,173953832210894,-3.8833952,-8.656835,0.1364695
1647,P,1219522067712548,2.8431146,-9.340978,-1.4490906
1640,P,173350412219765,0.9504981,3.127426,-2.0552726
1638,P,1140087815897409,-19.715353,15.586553,19.527557
1640,P,173282439408795,2.6360161,-2.9370868,2.2566848
1620,P,938782315054711,4.9842224,-8.875275,1.2064972
1625,P,708127179732124,-8.743927,-4.5643616,0.04286194
1620,P,938807270496815,4.0350037,-8.455811,2.1618042
1631,P,1554746615302676,4.7076874,8.184311,-1.3932343
1618,P,776028137119773,-6.9792023,-7.031357,-0.7816925
1648,P,460142916457000,-1.9687061,-9.175321,0.1939966
1616,P,193431128114106,7.822464,-7.812027,4.1164703
1622,P,1149126640133198,-2.0190582,-9.642731,0.68496704
1613,P,177965651708404,-1.151611,9.101558,0.17118542
1624,P,519343565964918,5.170944,-7.9488373,-1.6295319
1627,P,443440478320700,9.860489,-2.428833,0.31393433
1645,P,1132772615215000,-0.7879615,-9.093889,-1.6238233
1622,P,1149041843997360,-2.074234,-9.487106,0.09286499
1633,P,694172752668746,2.8174744,-9.044693,-0.5993805
1619,P,173935873959443,-6.2219315,-7.9074497,1.0319009
1619,P,173980685776978,-5.0092683,-10.267534,1.1390414
1610,P,19694894259271,-1.7410889,9.241821,-2.1420288
1638,P,1140076872142309,16.291046,-12.949938,2.9716532
1612,P,6155025672052,-9.53714,-2.8079224,-0.046295166
1643,P,710648282999000,-1.7890797,-8.672366,-1.4178516
1641,P,1218614471928000,8.966953,-1.2909156,-3.3650026
1636,P,505219944645080,-0.38432312,-9.782196,-0.3947754
1640,P,173284838055165,-4.1802764,2.6964695,-2.1223102
1600,P,253127893041420,-4.1563416,8.444,-0.49279785
1639,P,184622409459502,1.6493057,-5.4532433,0.90979666
1643,P,710705865988000,-0.9148975,-9.12263,-1.4394068
1644,P,1818807751087000,-5.728887,-6.957532,4.5577226
1616,P,193395255929836,6.036682,-8.517227,-1.2631073
1648,P,460144487948000,-1.7459693,-9.263936,-1.4106666
1629,P,1128404831168816,-2.4036102,9.712677,-5.3051453
1640,P,173346563723685,18.06425,-19.931131,19.557186
1606,P,123663208392753,-8.777679,0.32470703,4.337677
1650,P,360647775273000,-0.7544312,-9.079519,2.42855
1636,P,505146578872262,5.439438,-7.387329,1.3329773
1632,P,6593241272759,1.3790436,-8.817093,-2.7226868
1647,P,1219456107863407,3.5236664,-9.126099,-1.2623428
1631,P,1554835540478912,9.305298,9.338806,1.0366821
1635,P,676840196147884,-5.9420776,-8.251038,0.63790894
1648,P,460233434825000,-1.3148658,-7.4030056,-0.17244141
1629,P,1128375776906187,-4.497879,8.633743,-2.470993
1644,P,1818847566281000,2.179468,-9.129815,1.0609937
1646,P,1467447190281000,-8.847202,1.81782,-3.3051271
1610,P,19764523778192,-2.3498688,9.410645,-1.6708984
1650,P,360620367922000,0.1341211,-8.851993,2.703977
1643,P,710721864925000,-0.30895755,-8.856783,-1.336421
1608,P,111359736037961,2.7988586,9.173691,-2.6437225
1610,P,19710020607664,2.243042,10.11676,-0.06422424
1637,P,15951619315437,19.552547,1.2047324,19.57604
1650,P,360614019646000,1.3795313,-8.8879175,2.9937747
1635,P,676972768189188,-7.63179,-5.073349,-0.3944702
1648,P,460206055717000,-1.7771046,-9.17053,0.07664063
1628,P,1138944052880082,1.4497681,-9.027206,1.9442902
1600,P,253119786046791,-4.335373,8.499176,-2.5578156
1649,P,1166352117525195,-7.0209966,-7.8972745,-1.4305356
1628,P,1138906085960505,2.433487,-9.040588,0.7942047
1633,P,694127383730435,-3.0615845,-9.837723,-1.6040802
1640,P,173225965244055,-9.694122,-0.57161564,11.10326
1649,P,1166392937633149,0.6745663,-1.9416976,-11.622652
1607,P,288537042108925,3.8732197,-8.965088,-0.60094464
1650,P,360674618672000,0.244292,-8.981323,2.694397
1610,P,19698358614739,-0.19026184,9.080139,-1.3112946
1647,P,1219430968983000,3.4452562,-8.992621,-1.6591818
1633,P,694192390763228,-4.4051514,-10.16391,-0.25395203
1629,P,1128358102667172,-4.398819,8.669479,-2.378891
1639,P,184580821602462,12.528558,8.550443,19.515139
1629,P,1128296066511969,-2.936676,9.442795,-1.8273773
1644,P,1818905474579000,0.7927515,-9.062755,1.0633887
1641,P,1218542561319000,10.255474,-1.1256592,-2.2537134
1626,P,599183279099044,1.6588135,-8.821548,2.419632
1610,P,19709960182859,-0.13987732,9.204376,-1.0291138
1645,P,1132649900517000,-1.7220191,-8.8879175,-2.2321582
1620,P,938878096191262,1.4795532,-7.694641,2.289505
1625,P,708105728896844,-9.512894,-3.0371246,-1.002594
1641,P,1218509123459000,7.6520877,-2.1722827,-0.84065187
1608,P,111373593462094,3.7349396,7.8083344,-3.3029175
1606,P,123734660727827,-9.173553,-0.1541748,3.4428864
1650,P,360579457281000,-6.4210477,-9.932146,1.0106983
1643,P,710673824889000,0.24668702,-9.359736,0.32332766
1629,P,1128307950071308,-7.917862,9.343903,-3.4062042
1650,P,360645659941000,-0.97237796,-8.6077,0.8382569
1623,P,3333674261360,-0.96380615,-9.602341,-1.0566101
1648,P,460154500651000,-1.0609937,-9.259146,0.25866213
1610,P,19711390236570,-0.6871948,9.6119995,-1.1955719
1648,P,460113744604000,-1.9112257,-9.223221,-0.5388794
1629,P,1128368475570965,-3.9580078,8.322189,-3.041809
1623,P,3404371292668,-1.4367676,-9.573059,-1.0505829
1641,P,1218601540213000,10.073453,-0.79993653,-1.4825171
1607,P,288575788593285,4.3209357,-8.789713,0.31064767
1649,P,1166270754352205,-4.646547,-7.6931686,-2.1739352
1650,P,360524238545000,0.8669971,1.5495777,8.978929
1621,P,167368694892621,3.233968,8.8567505,0.8182184
1607,P,288481774759519,3.2142158,-10.451887,-0.14664486
1621,P,167400817538025,4.06715,9.87668,2.4073699
1612,P,6084429352435,-9.353775,-3.3064423,0.25579834
1647,P,1219451718600238,3.8726213,-9.444528,-1.3670892
1648,P,460195861558000,-2.2704787,-8.940608,-0.49576905
1647,P,1219439026829878,3.2441432,-9.116522,-1.6017209
1610,P,19723958589307,0.25097656,9.688751,-1.0772858
1610,P,19637692121097,0.38327026,8.628372,-1.0931854
1649,P,1166327496427444,-0.31663316,-11.079767,-0.7410054
1611,P,1030602212182,3.3650208,-8.826233,0.6435547
1645,P,1132739145396000,-1.092129,-9.1130495,-0.48139894
1627,P,443370184118994,6.347122,1.8733368,-1.0341187
1627,P,443394575606541,10.290985,-0.12434387,-0.5445862
1611,P,998828829158,3.5432434,-8.902588,0.58662415
1600,P,253151458708773,-4.7699585,7.8034363,-2.2366028
1610,P,19710604714109,-0.078048706,9.930206,0.12968445
1620,P,938759091799926,4.0582886,-10.217545,2.4593048
1638,P,1140041479526509,0.84126264,16.379034,-9.202863
1633,P,694185995804732,-3.3818207,-9.713028,-1.4943085
1601,P,265711411467295,1.3904326,10.770915,0.4345476
1603,P,9712806223374,2.4468741,9.27394,3.032855
1620,P,938796353750769,2.9310455,-6.0096893,4.545807
1621,P,167366978987727,0.43514615,10.679935,-1.2533646
1607,P,288528101887156,4.3287168,-8.531139,0.5009867
1612,P,6104973782827,-9.668182,-2.5377197,0.15220642
1601,P,265674460666685,5.4168816,8.6813755,-0.45190558
1600,P,253175376856420,-5.309311,8.076813,-1.3657379
1605,P,183929395220241,-0.12090719,10.301651,-0.11971009
1635,P,676925133301514,-6.867752,-6.1320496,0.84643555
1615,P,179333050383262,2.852127,-9.50618,0.009155273
1641,P,1218642732451000,8.892708,0.028740235,-0.7807764
1613,P,177976827313868,-2.123657,8.945336,2.8353333
1650,P,360692494551000,0.36164796,-8.859178,2.8644435
1601,P,265712449099588,4.1156325,8.670003,2.219425
1633,P,694182672413378,-4.2948456,-9.892014,-1.9682007
1647,P,1219393859221712,4.0922894,-9.026739,-0.9235633
1640,P,173208680449225,-1.8435353,-2.5492263,4.148104
1647,P,1219509338489480,2.328361,-9.524733,-1.8441339
1645,P,1132786136109000,0.033530276,-9.002879,-1.0394385
1620,P,938784288931664,3.0394897,-8.470123,1.049057
1610,P,19740756682753,-1.0265045,10.118332,-1.278122
1650,P,360650616989000,1.0035132,-9.024434,2.4453151
1650,P,360640218073000,-2.2345533,-8.971744,2.3566992
1624,P,519204135692690,5.2969513,-7.921341,-1.5180206
1626,P,599149340482706,2.5151215,-8.455399,3.0501099
1650,P,360563093361000,-6.488108,-4.9313455,3.178191
1635,P,676979354483691,-9.6091,-2.5846863,-2.09198
1643,P,710594260847000,-0.13891114,-8.995694,-1.6789087
1626,P,599234338030076,1.8766937,-13.249741,2.1868591
1622,P,1149157406440401,-2.4734802,-9.272919,0.5843048
1608,P,111433172312000,1.7603607,7.760208,-2.2666473
1622,P,1149173620431988,-2.9877777,-9.252594,0.45388794
1610,P,19657249619276,-0.47987366,10.33223,-1.2019806
1600,P,253118275438608,-5.355057,7.6760864,-2.0803528
1608,P,111366000085077,3.381134,8.62793,-2.1702576
1643,P,710688449650000,-0.0071850587,-9.891431,1.3244458
1606,P,123637729269761,-8.337662,-0.39657593,4.797348
1636,P,505135702387598,0.7395477,-8.012848,-0.40483093
1644,P,1818821130392000,0.8669971,-9.3453665,1.1855347
1614,P,81859911841000,-2.1459377,10.739268,0.36164796
1641,P,1218537465052000,9.589659,-2.0022364,-0.086220704
1633,P,694135641787076,-0.18045044,-8.287689,0.0069122314
1616,P,193413645206894,9.889389,-9.099472,2.612671
1648,P,460221085080000,-1.3723463,-9.295072,-0.29698244
1622,P,1149055640988790,-2.6297455,-9.3771515,0.19752502
1635,P,676931437611375,-7.2212677,-6.707733,1.1523132
1635,P,676877377554454,-14.398544,-4.3973236,-2.7736359
1650,P,360594048190000,-0.3544629,-8.993299,2.5459058
1618,P,775891023167719,-6.8919983,-7.3391724,-1.199295
1605,P,184047951969156,0.08738836,9.703101,-1.536479
1620,P,938761387924882,2.908371,-8.366898,-1.1596069
1644,P,1818827759709000,1.4944923,-9.381292,0.30895755
1645,P,1132658786693000,0.34488282,-4.5601172,-0.9196875
1624,P,519249706077854,5.4067993,-7.870987,-1.5261993
1627,P,443372520538697,7.7383575,-0.42114258,-2.0312042
1603,P,9617595459658,2.4522612,9.072228,2.088941
1635,P,676963845452355,-8.189148,-5.8297577,-2.2917786
1638,P,1140063584344459,11.368567,-12.588413,-8.348132
1645,P,1132707993133000,-1.1256592,-9.266331,-1.0777588
1629,P,1128330055458877,-3.9695435,8.907639,-2.5993195
1635,P,676840860820736,-15.793213,-11.363754,3.5655975
1600,P,253095011875404,-4.7961884,8.084747,-0.4340515
1625,P,708147220609517,-9.3124695,-4.204315,0.82362366
1648,P,460223764545000,-2.3806496,-9.110655,-0.48139894
1600,P,253130511453844,-4.2154694,7.692749,-1.9950867
1650,P,360552553176000,-2.703977,-8.032896,3.9589674
1608,P,111356291824094,3.0688782,10.421112,-3.753006
1640,P,173338867198035,-2.099715,1.774702,-9.269002
1639,P,184647001212852,3.0618846,7.868095,-5.142745
1639,P,184651300105772,19.511847,-18.901474,3.1052797
1618,P,775972647021470,-5.9306335,-7.7033386,-0.41192627
1602,O,100128977360724,-1.7068634,-9.624817,-1.0719299
1611,O,290208121480,4.7040253,-6.3410187,-2.2166443
1642,O,1472195075594000,2.2896388,9.740545,0.43110353
1619,O,174386672047497,-3.3704374,-9.149442,1.1234791
1610,O,19348619846771,0.33102417,9.978226,-3.220993
1614,O,82384984183000,-1.6813037,10.602752,-1.5615528
1650,O,360249038000000,-1.3603711,-9.005274,2.2680836
1604,O,19066564968920,0.7120209,9.640427,2.2786407
1624,O,518746468182642,3.3108826,-9.0399475,-0.56159973
1604,O,19208865396935,1.2022095,10.650894,-0.99005127
1614,O,82318634351000,0.18681154,10.114168,-3.0871804
1623,O,3098484511866,-0.3603363,-9.703995,-1.5671387
1643,O,710917515862000,1.3579761,-9.153765,-0.55324954
1627,O,443680481251837,-1.9198151,-9.151413,-2.616272
1642,O,1472287197726000,2.7614577,9.77168,-0.15088624
1636,O,505322817864433,1.4368591,-9.55397,-0.36634827
1645,O,1132478968975000,-3.5997145,-9.043594,-0.40715334
1623,O,3018723771869,-1.8966522,-9.753799,-0.19226074
1607,O,287914122009683,-0.7044938,-8.950125,2.2523453
1619,O,174383239780832,-3.2429461,-9.303867,0.9008184
1611,O,312665999969,0.938324,-10.41629,1.8111572
1607,O,288048998960778,0.81642276,-9.86471,-0.40701428
1613,O,178258267799281,2.0721815,18.499996,4.836886
1621,O,167540802581244,-0.3321955,9.757569,0.31902736
1641,O,1218410348826000,8.636441,-1.0178833,-3.0919704
1624,O,518851355568878,2.8049622,-9.161697,-0.38720703
1629,O,1127607576223308,-1.3997345,9.676865,-2.0743103
1644,O,1819054252829000,-0.27303225,-9.82437,2.3662794
1642,O,1472175594437000,1.5160475,9.915381,1.7675245
1620,O,938607012605771,-3.1687622,9.165817,1.3966064
1610,O,19421492163799,1.0087585,8.475586,0.58706665
1648,O,460359798665000,-3.2284865,-8.686736,-0.35925296
1611,O,422890922039,5.3338165,-6.9352875,2.0556335
1615,O,169396049586428,-0.1646576,-11.202255,5.0077057
1645,O,1132548325928000,5.3025737,-5.137317,-10.435101
1601,O,268518028863416,-0.37708676,9.366715,-0.46926352
1641,O,1218273637494000,9.951306,0.46463382,-2.8524685
1635,O,676623633667879,-7.6540375,-7.999588,-7.6438293
1617,O,269522951128903,-5.453583,-7.883301,-1.3540192
1610,O,19472671963610,-2.175064,9.089554,-1.8287354
1610,O,19486408547780,0.6481323,10.062225,-0.586853
1642,O,1472304642865000,2.0429518,9.948912,0.37601808
1630,O,1560778622141599,5.434387,-1.7854004,5.395752
1627,O,443655989053180,-3.071869,-7.587326,-8.886093
1614,O,82319524519000,-0.81909674,9.604029,-0.46942386
1637,O,16399302038645,-6.344934,-8.913164,-2.508076
1643,O,710906349541000,2.5962012,-8.686736,-3.3171022
1643,O,710909957395000,2.9770093,-10.2315235,0.49576905
1629,O,1127601684797138,-1.2642059,9.21051,-3.1848755
1614,O,82362412820000,-1.465752,10.015972,-1.3699512
1626,O,599445069540540,2.0793457,-8.575119,3.2108612
1643,O,710902761934000,2.955454,-6.8928666,-1.4394068
1607,O,288065277367542,0.7823054,-10.080787,-1.0073603
1643,O,710962943673000,-0.19639161,-9.764495,-0.6179151
1631,O,1554463625795902,3.8340912,8.32164,-0.90704346
1637,O,16473882664545,-5.090372,-6.406435,4.212448
1635,O,676700574581680,-6.8720856,-6.752289,-1.3611145
1622,O,1149463810536577,-1.9215698,-9.223465,1.8748169
1627,O,443690471479666,-4.664444,-7.672592,-4.2252197
1603,O,9355665475177,0.9187749,8.680179,1.905186
1600,O,252785838310020,-0.9812012,9.879105,0.9392395
1604,O,19138218730040,0.83677673,9.657501,-0.05406189
1643,O,710886054071000,1.0418335,-8.921448,-3.9948928
1648,O,460400656758000,-1.8657203,-9.144185,-0.30895755
1632,O,6174764128257,3.127655,-9.3385315,-0.018432617
1624,O,518760466581958,3.6447906,-8.8910675,-0.70983887
1636,O,505380674608088,1.4301147,-10.556183,0.21929932
1644,O,1819135411160000,1.2789404,-9.6615095,3.903882
1602,O,100103447884143,1.3492737,-10.337143,0.42240906
1617,O,269496918104417,-5.8178864,-7.779312,-0.22857666
1646,O,1467743045195000,-9.6758795,-0.35925296,-4.524192
1633,O,694451364131182,8.649231,3.611908,-3.4365997
1605,O,183660106158208,-0.7170634,9.985018,1.5472529
1632,O,6087903497150,5.1624756,-6.9587555,-0.9735718
1629,O,1127539900454329,-1.3072662,9.490829,-2.9451294
1602,O,100227167653451,0.67004395,-9.395813,-0.74508667
1635,O,676599886696764,-7.8075867,-5.884842,-1.6312103
1643,O,710958288095000,1.3986914,-9.316627,0.25147706
1605,O,183668766482321,8.093,0.39205053,16.86296
1641,O,1218359769955000,8.3250885,-3.307522,3.3721876
1633,O,694334844981487,4.5063324,-7.6573486,1.1562653
1638,O,1139987392290049,19.510649,-4.3356,-0.5933131
1624,O,518763286406177,3.5482178,-8.991852,-0.6036072
1633,O,694503349591713,1.7245636,-10.291733,0.0896759
1608,O,111039504710877,0.17337036,9.531479,0.5334015
1647,O,1219293981234095,0.06943185,-7.3442135,-2.0536265
1648,O,460331109218000,-3.4464333,-8.370594,-0.33290774
1646,O,1467772214356000,-5.8677983,-0.4981641,-8.52148
1615,O,169322583098577,1.1105347,-9.678741,-0.2593689
1601,O,268391892551120,2.2816741,9.403227,1.7537527
1641,O,1218239594614000,9.479487,-0.9412427,-3.032095
1609,O,39196372678224,1.131607,-9.73053,-1.4836578
1636,O,505371661255486,1.9348145,-9.269806,0.18647766
1630,O,1560746546655829,8.27211,2.416031,3.302414
1603,O,9363444934705,-1.2330139,9.321226,1.6089035
1635,O,676598738635353,-6.7349243,-7.7186127,-2.808838
1627,O,443671518247137,-2.1042175,-9.045914,-3.5007324
1619,O,174468871991112,-3.6415808,-9.044097,1.086369
1603,O,9443691583528,-0.8858546,9.376891,2.8844144
1633,O,694349064951375,3.0973969,-10.750504,3.8514557
1650,O,360097268197000,-3.3266823,-9.235196,3.1494508
1614,O,82385676789000,-0.9388477,10.209969,-0.9412427
1641,O,1218308263856000,9.137,-0.035925295,-2.672842
1641,O,1218404708889000,10.265054,-0.6466553,-1.9375709
1648,O,460424772773000,-3.178191,-9.14179,-0.76161623
1626,O,599427093161024,0.55532837,-9.197998,1.9141846
1645,O,1132431616420000,-0.21555176,-9.290281,-1.0370435
1607,O,287950555515400,0.7062895,-10.305841,1.3395559
1614,O,82383876368000,-2.0381618,11.62782,0.7951465
1644,O,1819047120115000,-0.3281177,-9.316627,1.5160475
1622,O,1149629022019209,-1.037384,-9.174759,1.3937683
1641,O,1218345146045000,9.2328005,-5.985154,-1.5184424
1644,O,1818994451838000,0.12933107,-10.574012,2.7470875
1623,O,2977836322518,-0.61894226,-9.360825,-0.6730194
1624,O,518852010170928,3.042572,-9.185303,-0.7760925
1650,O,360228078942000,-1.6142433,-8.820857,2.2106032
1627,O,443588756381377,-2.4592743,-10.623047,-2.5583954
1616,O,193052627118791,6.5581665,-6.995529,0.48207092
1602,O,100214176318638,1.5147858,-8.178589,0.4195099
1648,O,460397856378000,-0.6490503,-9.371712,-0.6394702
1641,O,1218401989434000,9.505833,-0.9651929,-1.0035132
1621,O,167701735479307,-1.6968905,9.696517,-0.3854665
1605,O,183791988521807,-0.1388637,8.278551,-1.2868834
1634,O,78593163630236,0.18640137,-9.713455,-0.4731903
1648,O,460373579183000,-4.720584,-7.9897857,0.117355965
1641,O,1218321759745000,9.960887,-0.859812,-0.87178713
1607,O,288056418766348,0.090979666,-9.436746,-1.2533646
1643,O,710861562587000,0.76161623,-8.772957,-0.17004639
1629,O,1127586024720312,-2.0482178,9.543335,-3.1807556
1633,O,694474667962665,3.730484,-7.327545,-1.6608582
1611,O,368861068006,9.13739,-4.710678,-1.9084167
1639,O,184904010048060,8.238149,-4.383035,2.0278888
1617,O,269460411452839,-7.022293,-7.739441,-7.200882
1645,O,1132430185758000,-0.100590825,-9.448353,1.3986914
1642,O,1472300432692000,1.8465601,10.011182,0.25866213
1633,O,694407979137118,2.548172,-13.968979,0.51065063
1610,O,19389164871554,-0.6255646,9.741943,-2.6979828
1617,O,269440723018990,-6.1169434,-7.813736,-1.3788147
1603,O,9417077890152,-0.6368576,10.101735,1.5089456
1617,O,269478236764601,-6.278183,-7.544281,-1.0507965
1616,O,193037843199474,7.401596,-6.8681793,-0.9237976
1614,O,82430621964000,-1.7818946,10.281819,-1.22625
1641,O,1218323673466000,10.35367,-4.3182206,-0.43110353
1638,O,1139931116182529,1.652897,-2.9996355,-0.75851303
1643,O,710871724051000,1.4825171,-7.1132083,-2.6464968
1633,O,694352207041219,0.0736084,-9.787964,-0.57992554
1616,O,192894394718079,6.9679565,-5.9898224,0.22480774
1639,O,184768204169750,-7.628226,1.2505214,-1.1109096
1648,O,460457834101000,-2.203418,-9.16574,-0.62989014
1616,O,192999634587389,8.504517,-4.596298,-0.20820618
1644,O,1819004566281000,0.84544194,-9.508228,2.1627028
1622,O,1149462048146441,-1.113678,-9.404144,1.1332092
1641,O,1218408092890000,7.31918,-1.4944923,-3.5661843
1613,O,178269044301101,-2.926313,3.5924997,5.4982843
1644,O,1819099728143000,0.019160157,-9.22801,1.8561403
1637,O,16540272236595,-3.9339726,-6.696133,-4.9597383
1632,O,6031355952122,1.7735138,-9.307404,0.83514404
1617,O,269506435001206,-5.074707,-7.886551,0.12205505
1645,O,1132485316372000,0.043110352,-9.182506,-1.1184741
1614,O,82332877460000,0.07185059,9.589659,-0.48139894
1649,O,1166083690281445,-1.4784195,-7.406463,-12.091916
1609,O,39101304333877,1.3562164,-8.257782,-0.07774353
1641,O,1218380899900000,9.850716,-0.9963282,-0.6945557
1649,O,1166060865655201,-2.2182279,-8.290522,-0.59256494
1623,O,2998733234609,-1.2125854,-9.512817,-0.59477234
1647,O,1219244222972292,-2.083554,-8.070854,0.094570965
1614,O,82429296570000,0.9268726,11.335628,-0.18920656
1614,O,82381245565000,-3.4823585,10.011182,-1.7315992
1636,O,505328507866875,2.5685272,-8.82518,-0.10472107
1621,O,167532782174529,3.857059,8.768764,2.5480292
1637,O,16533222880275,-13.077429,-1.103278,-8.172757
1645,O,1132475926638000,-0.45505372,-9.326206,0.37601808
1608,O,111046755702200,-0.83058167,10.082382,-0.68026733
1621,O,167568296710243,-1.5999253,9.661801,0.33638534
1644,O,1819100916872000,0.06466553,-12.149935,4.3445654
1633,O,694369569093668,-0.33476257,-9.125763,-0.7157898
1650,O,360238981640000,-1.2621753,-8.959768,2.2800586
1617,O,269475517648390,-7.157257,-7.062866,-0.16108704
1630,O,1560765076914210,9.783066,-0.37654114,2.1152802
1610,O,19446749719693,-1.575882,9.830521,-1.6220093
1633,O,694474647821063,3.6372375,-6.8403015,-1.9109192
1648,O,460405048784000,-1.2909156,-9.410032,-0.8310718
1616,O,193037359801036,7.2629395,-5.2232666,0.08731079
1627,O,443677540578009,-3.099945,-8.744385,-4.252884
1611,O,325556626304,6.922821,-7.030182,-0.2914734
1626,O,599468333110456,0.61909485,-9.509293,2.2146454
1635,O,676675901107366,-7.010895,-8.563705,-1.4232788
1646,O,1467749511681000,-9.386082,-0.117355965,-3.4775686
1627,O,443645394581940,-0.26608276,-8.579468,-3.7137299
1629,O,1127601433027119,-1.3978271,9.576965,-3.2969055
1649,O,1166082173946235,-1.9255368,-9.160215,-1.1522095
1642,O,1472319086564000,2.1722827,9.788445,0.32093263
1602,O,100185071723961,-0.10545349,-9.695175,-1.3883362
1639,O,184800090957610,-6.301838,-1.6680104,2.0757728
1647,O,1219176548108567,0.027533319,-9.833585,-1.2401965
1636,O,505406556588591,1.2368927,-9.480377,-0.24580383
1645,O,1132585523816000,0.8382569,-9.5633135,-0.06466553
1641,O,1218336927661000,8.631651,-1.0657837,-0.732876
1629,O,1127619006602088,-1.2804718,9.389084,-2.3282623
1607,O,288016557015426,1.4000094,-9.588778,1.6077064
1650,O,360217740827000,-1.336421,-9.2256155,1.5711329
1613,O,178196817242691,6.3584013,4.9278655,5.3019595
1636,O,505443667464250,1.1526489,-8.47818,0.011856079
1650,O,360134510256000,-2.7566676,-8.293953,2.2369483
1616,O,192993672673326,9.2660675,-3.3589783,-0.07626343
1633,O,694360243534693,-0.24957275,-8.373016,0.48495483
1614,O,82413094895000,-0.9532178,9.718989,0.5843848
1646,O,1467683174824000,-8.49753,0.61073,-3.0081446
1627,O,443616471236192,-2.132141,-9.174118,-3.3694763
1641,O,1218398343745000,9.922566,0.364043,-2.0573218
1643,O,710926968130000,0.38559815,-9.635164,-0.3424878
1635,O,676701702511367,-3.0137634,-8.368134,-4.064575
1616,O,193044268387352,7.6749268,-5.857193,0.03829956
1637,O,16531373024765,8.640374,-3.535787,2.249203
1610,O,19488362283132,-0.5166168,9.246017,2.0532532
1647,O,1219239235147552,0.25258827,-3.0771477,-4.225766
1608,O,110881393138805,2.382019,10.133759,1.4013977
1644,O,1818990139937000,1.1208692,-9.352551,3.558999
1620,O,938526496560880,-5.207321,8.148056,1.786911
1603,O,9463206852583,1.3682863,9.506777,4.2119994
1646,O,1467850271860000,-9.079519,-0.15088624,-3.1207106
1612,O,5695998566795,2.1191406,-9.409576,0.93992615
1608,O,111013320624045,-2.4913788,7.79039,3.8088531
1617,O,269473553843743,-6.710373,-7.350601,-1.1820526
1616,O,192992363469225,7.133301,-6.72348,0.56085205
1642,O,1472265481821000,1.8561403,9.814791,1.3723463
1628,O,1139166891714843,2.3469543,-9.947067,-2.8541412
1610,O,19492793419992,-0.02468872,9.652435,-3.1466064
1606,O,123435356516252,-8.9322815,-2.7204742,-3.870041
1619,O,174380366106615,-3.406949,-9.279327,1.055843
1603,O,9411012457762,-0.94092125,10.287286,1.0342951
1627,O,443651638478424,0.1109314,-8.902252,-5.7203217
1613,O,178229616567002,-5.37199,7.757812,9.458893
1604,O,19162741144623,0.513504,9.290863,0.8198242
1619,O,174419311301860,-3.4883518,-9.132084,1.2395979
1614,O,82313570085000,-0.9580079,11.084151,-1.4513819
1623,O,3071545120662,-3.9215546,-9.465347,0.11709595
1635,O,676664541235458,-9.590378,-5.2367554,-2.2423706
1635,O,676602444680162,-6.3235016,-8.336594,-1.8032837
1642,O,1472170598746000,2.5339308,9.5633135,0.67539555
1644,O,1818996708451000,0.68976563,-9.096285,1.7124391
1625,O,707974254598457,-7.290497,-6.3124847,-0.5628052
1636,O,505350814693110,1.9836731,-9.423431,-0.7454529
1601,O,268408732014655,2.202067,9.415796,1.3880384
1620,O,938528359659025,-5.1170044,8.056747,1.8648529
1627,O,443520295063897,-3.0157623,-8.58252,-3.9356842
1610,O,19460909255316,1.2561951,9.523605,-1.8805695
1613,O,178315452468633,-1.0761937,8.819042,0.60812724
1627,O,443588494540557,-1.5454102,-8.484619,-3.633072
1602,O,100099369187737,-0.5775757,-9.236176,-2.410553
1620,O,938592409969385,-4.6167603,8.62027,1.7424927
1608,O,110934607254428,1.9097443,11.175186,0.06362915
1632,O,6038204078761,2.4687805,-9.293671,-0.75024414
1637,O,16498728481655,-1.0369886,1.8104655,5.7231894
1640,O,173071456260903,0.9528923,-1.2683283,-4.1334395
1603,O,9359217362519,-1.1324574,9.169792,2.9604304
1616,O,193019937323284,9.3390045,-6.7533875,-6.717636
1612,O,5749625561118,2.9024353,-8.818848,-0.0138549805
1624,O,518815402823048,3.2700958,-8.992416,-0.8509979
1648,O,460434342461000,-2.083667,-9.137,-0.45984375
1643,O,710913363534000,0.38559815,-10.018367,1.2621753
1619,O,174391420714527,-4.2730513,-8.624513,1.6017209
1643,O,710825852751000,2.069297,-9.18011,0.28979737
1615,O,169339199922628,-2.6290894,-9.716721,-0.45269775
1635,O,676726416248936,-7.680252,-6.3447723,-4.449234
1629,O,1127526405563995,-1.5845032,9.491058,-2.25885
1607,O,287970468428515,1.6777369,-8.37013,3.7217865
1643,O,710894538871000,1.4418018,-9.398057,1.8848804
1628,O,1139168402334960,-0.26960754,-8.937851,0.5709381
1637,O,16478631900535,0.07392098,2.897433,6.510882
1608,O,110995434890325,1.23703,9.890686,0.78125
1631,O,1554376563717782,4.81575,8.587021,-0.96920776
1601,O,268416952224133,1.5855601,9.4696665,1.2659341
1619,O,174512207262502,-3.482965,-9.030929,1.376666
1630,O,1560714722903516,8.18277,2.0189972,0.88764954
1612,O,5707378556781,2.985321,-8.957352,0.59672546
1611,O,340813891207,7.5772095,-5.125656,1.1945038
1607,O,288007778458607,2.0093338,-9.494805,1.8848352
1627,O,443584607211455,1.4474182,-6.6998444,-3.52594
1642,O,1472278716833000,1.5639478,10.202784,-0.15567628
1615,O,169410652263927,2.5338593,-10.7638855,-1.1029816
1615,O,169281997764025,-3.3805084,-10.723526,-3.2689667
1610,O,19444836267544,-0.7395477,9.879166,-0.9622803
1627,O,443676553639532,-2.5466003,-8.768494,-1.7984009
1633,O,694488505240796,-0.6800842,-10.391434,-0.9625244
1616,O,192915744805129,6.5690002,-6.0924225,0.6890869
1612,O,5787290370243,2.5337677,-9.308395,0.7683716
1610,O,19370292202090,-2.0167236,7.183197,0.19334412
1643,O,710913444092000,1.6238233,-8.4448395,-0.6322852
1642,O,1472290582087000,3.8823268,9.865086,-0.083825685
1625,O,707844693757338,-8.256805,-7.553009,-0.832077
1617,O,269489113239650,-5.362488,-8.643005,-0.848999
1638,O,1139908275947279,-2.8266544,-7.029077,-9.114277
1648,O,460459526439000,-2.3375392,-8.974138,-0.8047266
1622,O,1149507517830579,-1.5251007,-7.1956024,3.1395874
1607,O,288075614864882,0.81881696,-9.89344,-0.5291186
1650,O,360234447310000,-1.5663428,-8.859178,1.9208057
1626,O,599299345056435,1.7071075,-8.987671,2.7891846
1614,O,82354025069000,-1.0011182,9.927357,0.086220704
1628,O,1139213066345510,-2.0102386,-9.64502,-0.0069122314
1644,O,1819094066291000,-0.026345216,-9.889036,3.7290456
1633,O,694480247186298,2.3596344,-8.116287,1.9479675
1645,O,1132468047697000,1.5040723,-8.813672,-0.7592212
1646,O,1467750539102000,-8.928633,-0.23471193,-3.0895753
1636,O,505314156971252,0.8682709,-9.924179,-0.59806824
1603,O,9387110001415,-0.37349546,9.552266,1.6867151
1608,O,110937688919467,0.6457977,9.86586,3.6568146
1631,O,1554478379515457,4.1390533,8.701599,-1.5465698
1619,O,174457419592471,-3.669114,-9.097966,1.3090298
1644,O,1819161382610000,2.9506643,6.253396,7.278465
1612,O,5653650855740,1.7132416,-9.524704,0.3335724
1648,O,460431098946000,-0.65384036,-9.479487,0.35925296
1600,O,252907493580899,1.119278,9.702454,1.4467926
1615,O,169279731833850,-3.8160706,-9.697693,0.7029877
1627,O,443515078389093,0.113723755,-7.6080017,-3.4024353
1615,O,169267143362653,0.3341217,-8.956146,-4.851654
1650,O,360123688542000,-1.6884888,-8.878338,3.422483
1605,O,183702481660589,-1.1450269,10.322002,1.9668367
1601,O,268387902133415,1.412579,9.321824,1.8926164
1629,O,1127692825547257,-1.5261993,9.3358,-3.389038
1625,O,707935733783829,-1.7664795,-1.1176147,2.07872
1610,O,19369627529239,3.302002,10.756485,-0.78367615
1603,O,9458817426648,-0.6733692,9.350554,2.882619
1633,O,694370898439371,0.55036926,-8.761047,-0.20230103
1633,O,694337161265667,7.9832916,-4.956482,-4.8372498
1600,O,252913032490542,-0.11703491,8.888031,0.10270691
1602,O,100181899421714,1.3841553,-9.352722,-0.95092773
1650,O,360175198390000,-1.5711329,-9.091495,2.2537134
1614,O,82347516579000,-1.0370435,10.461446,-0.5604346
1647,O,1219240153053859,4.670489,-12.197859,-4.18686
1610,O,19447515100552,0.11404419,9.919342,-0.6456909
1602,O,100123891606329,1.2939453,-9.475113,-2.7521973
1608,O,110877364818493,-3.9909363,8.605225,-2.2597198
1649,O,1166088718105608,2.4552538,-9.775525,-5.0451818
1630,O,1560698257162765,10.371704,2.234314,2.7841034
1641,O,1218239856392000,9.934542,-1.3867164,-6.1552005
1609,O,39122956557744,2.1605682,-9.633713,-0.2315979
1615,O,169434520067190,-2.6603088,-8.852631,-4.134201
1650,O,360097570421000,-1.0250684,-9.371712,1.0705738
1648,O,460453139863000,-1.3891114,-8.969349,0.6394702
1637,O,16447187034775,2.343624,-8.491784,-5.5630774
1607,O,288026093435473,0.8702923,-9.3733,3.0903158
1632,O,6133775981318,1.543335,-9.125488,-0.7818146
1632,O,6177181143389,3.4681091,-8.803818,-0.04508972
1636,O,505339283622649,0.78170776,-9.694214,-0.49172974
1631,O,1554333913904743,3.322937,9.055511,-1.7092896
1645,O,1132492207721000,1.1783496,-9.129815,-1.6166383
1605,O,183731733481360,0.12150574,9.43495,-1.6394296
1624,O,518845967686096,3.3587952,-9.088074,-0.8573456
1623,O,3063992031781,-1.7118988,-9.714264,-0.91275024
1648,O,460372974780000,-5.1852174,-7.702383,-2.3686745
1611,O,443082885718,7.041687,-6.422409,0.85891724
1607,O,287984992567781,-0.84575176,-10.053851,3.3357215
1610,O,19379557327609,-1.6866455,9.782349,-1.1186981
1650,O,360212460785000,0.90771246,-10.406361,2.430945
1644,O,1819131603192000,-1.096919,-9.319021,1.7028589
1609,O,39118072193219,2.3815918,-9.391495,-2.0043182
1633,O,694432672743582,1.3140717,-10.95401,0.049438477
1610,O,19365115805156,-3.1640778,10.103989,-2.0462952
1612,O,5690509982938,3.27034,-8.8085785,-0.50909424
1633,O,694382661136394,-1.3526001,-10.282623,-0.8691406
1643,O,710944280849000,0.93405765,-8.928633,-1.1951149
1600,O,252889920031619,-1.9680176,8.91774,-0.45115662
1640,O,173074455255163,-10.072407,1.7459716,6.116138
1612,O,5645342422585,0.95381165,-10.039871,0.70054626
1648,O,460350128135000,-3.6548,-8.677156,-0.36164796
1624,O,518877388579793,3.1973877,-8.947891,-1.135376
1609,O,39102915641346,2.5436249,-9.380173,-1.4624939
1648,O,460480700922000,-1.839375,-9.09868,0.42152345
1641,O,1218257623268000,8.576566,-1.2693604,-2.2273684
1650,O,360176931568000,-0.73527104,-9.158555,2.2824538
1614,O,82389336425000,-1.0633887,8.665181,2.8141482
1646,O,1467836554296000,-8.799302,0.3424878,-3.7098854
1646,O,1467758838492000,-8.533455,-0.48618898,-4.720584
1635,O,676587519776618,-8.917862,-4.761444,-2.4313507
1628,O,1139121170265022,2.9781952,-9.374756,0.7184143
1617,O,269550091933850,-6.1056366,-7.610977,-0.794754
1629,O,1127545640802866,-1.331253,9.566483,-2.3253326
1600,O,252861218242447,-3.5017548,9.838242,-1.1195526
1603,O,9344011816847,-1.9578584,7.2502413,4.9158945
1608,O,111025123628651,1.3814697,7.2617645,5.3470917
1647,O,1219219362437145,1.4137762,-6.9144545,-7.1700354
1631,O,1554386886310939,4.149826,8.758362,-2.131195
1650,O,360111798567000,-2.440525,-8.828042,3.3506324
1637,O,16362797290775,14.707282,-19.952827,-12.386552
1611,O,321024765952,6.8705597,-6.440277,-1.3517303
1602,O,100096096177483,0.9498291,-9.462387,-2.7732391
1631,O,1554339251429157,3.4165192,9.058502,-1.3370667
1629,O,1127524995651886,-1.295929,9.540207,-2.8064575
1612,O,5657930946072,2.4488983,-9.44899,0.011016846
1623,O,3074213882869,3.1356964,-8.661194,-9.497955
1624,O,518881316192169,3.0629425,-9.15947,-0.8919678
1634,O,78709330327475,3.6088257,-8.809662,-1.5128326
1614,O,82459048919000,-1.7531544,10.281819,-3.151846
1614,O,82300909456000,-1.583108,10.763218,-0.51971924
1637,O,16420692674795,-1.9850925,-0.12644377,8.129362
1642,O,1472257443965000,1.6310084,9.769285,0.24908204
1645,O,1132473508443000,0.2921924,-9.489068,-0.9436377
1622,O,1149554900930314,-1.3790131,-9.270096,0.120285034
1645,O,1132534160048000,4.296665,-5.879773,-1.6813037
1611,O,273893421491,4.1211853,-8.455032,-0.8634033
1643,O,710814282976000,1.6166383,-8.976534,-1.7986598
1635,O,676745711914169,-5.229431,-8.666458,-0.78341675
1608,O,110955735804067,-0.21861267,10.400848,-1.1292877
1623,O,3074667068904,-2.5388336,-8.295639,-5.599701
1607,O,288026969706308,3.1932666,-9.650429,0.6733692
1627,O,443515219380303,-0.55262756,-9.405777,-4.052246
1605,O,183717048882093,-1.5921441,9.227253,0.8218097
1642,O,1472211272216000,1.7292042,9.690249,2.1124072
1641,O,1218381423574000,9.651929,-1.21188,-1.8561403
1616,O,193042939041649,6.751648,-5.666382,3.9764862
1600,O,252827732819013,-2.8581848,13.045456,-2.304184
1602,O,100234418645263,1.1703796,-10.270416,-0.13412476
1601,O,268511205292638,0.5434838,10.272323,-0.08319851
1644,O,1819097451193000,-0.25387207,-8.284373,1.0585986
1646,O,1467788954198000,-8.255632,-0.39517823,-3.0728102
1633,O,694478293450946,9.630081,-1.5543365,-0.58410645
1646,O,1467815161345000,-9.223221,-0.34967285,-2.3782544
1646,O,1467702171788000,-11.721226,2.4692652,-6.6126494
1650,O,360145412824000,-1.9878663,-9.1202345,2.5123756
1645,O,1132513889281000,1.9974464,-8.990904,1.7435743
1649,O,1166079819695767,-0.59615624,-7.472902,-2.5151088
1638,O,1139836572771929,0.45819035,-11.439197,-9.990555
1647,O,1219153562604358,0.03232172,-9.779117,-0.9900024
1608,O,111015999457052,0.5281067,9.608612,4.127365
1622,O,1149625295820728,-1.2674713,-9.153076,1.8325348
1601,O,268470144158434,1.1318588,9.701305,0.14185645
1620,O,938536567367258,-5.1810303,8.027649,1.8984375
1634,O,78696993593009,-0.05128479,-9.09465,-1.2389679
1633,O,694471727302408,1.6131439,-9.848022,-0.5740204
1637,O,16366869135755,18.50688,-14.486866,-5.931784
1636,O,505416174190623,1.4250336,-9.591049,-0.0708313
1629,O,1127691063157121,-1.2942047,9.716736,-2.8373566
1630,O,1560723887333579,8.838364,1.372879,2.574524
1646,O,1467746530352000,-9.201666,-0.5628296,-3.1015503
1650,O,360248776005000,-2.1291726,-8.768167,2.692002
1629,O,1127620567576209,-0.93873596,9.754547,-1.9409027
1614,O,82309475229000,-1.2334352,9.920172,-1.1903248
1640,O,173084201968243,-5.0421886,-7.6608467,-9.93459
1605,O,183670880069820,-0.54408234,10.796653,-0.7553706
1649,O,1166189752845617,-11.458051,-9.292496,3.8564603
1649,O,1166066609333741,1.003769,-9.655217,-0.6979098
1604,O,19107049598733,1.1504822,9.278152,1.6273346
1603,O,9386032602457,-0.25558102,9.621698,1.6059108
1632,O,6070279593997,1.2721863,-9.303604,-0.57395935
1631,O,1554399575501623,3.6161041,8.871613,-0.4356842
1627,O,443544424715491,0.45666504,-9.707062,-3.333664
1626,O,599338671535707,1.89534,-8.916306,2.2809296
1646,O,1467774329519000,-7.7287283,-0.49576905,-5.3289185
1629,O,1127693429792001,-2.0324707,9.255661,-3.511032
1633,O,694350635996297,1.0617981,-8.195343,0.0438385
1642,O,1472281456559000,2.076482,9.992022,0.38559815
1650,O,360114277282000,-2.4788454,-8.473579,2.555486
1615,O,169363974102731,-2.9106903,-7.647949,-5.7041016
1638,O,1139974748208719,7.650372,-5.994782,-0.61964935
1622,O,1149536169246111,-1.1261292,-8.329239,2.7355957
1633,O,694424636244559,2.1338196,-11.737259,-1.0690613
1643,O,710912395813000,-0.22992188,-6.981482,-1.5615528
1645,O,1132455695799000,0.77359134,-4.998406,-0.9029224
1646,O,1467813811974000,-8.923843,0.102985844,-2.1435425
1645,O,1132533052142000,-15.162869,6.318062,6.552774
1609,O,39206997387292,2.6247406,-9.197968,0.17294312
1609,O,39173864448913,1.5584564,-9.471603,-1.4828644
1606,O,123477502834642,-11.317215,-0.30029297,-0.8638153
1609,O,39204127209070,2.2225952,-8.495346,0.063568115
1639,O,184848675947560,3.990835,9.709236,14.207192
1650,O,360222940121000,-2.5027955,-8.772957,1.7723145
1635,O,676591286242775,-11.217697,-3.8680573,-4.045288
1625,O,707827825149929,-8.992813,-4.8111725,0.49111938
1601,O,268388420894717,1.83336,9.438541,1.7944542
1635,O,676764443585616,-7.234787,-6.6282806,-2.484665
1606,O,123435155100237,-9.927551,0.938797,-1.4064636
1632,O,6155176426247,2.868225,-9.077545,0.46803284
1603,O,9472666710973,0.7649474,9.2787285,-0.46746787
1637,O,16466033970835,-4.3505635,2.0714333,-6.7386303
1613,O,178205437134979,-1.1067197,8.177995,-0.8924387
1621,O,167535934300778,1.3503298,7.378331,3.2255883
1608,O,110949512042809,0.025390625,9.318344,4.002716
1614,O,82316992475000,-0.28261232,10.971585,-3.657195
1605,O,183742307768857,-0.05626374,9.722255,-0.40940848
1620,O,938611745888649,-4.4398346,9.338287,0.9701233
1614,O,82463935155000,-1.4226416,10.056687,-0.15328126
1631,O,1554313268726469,4.2127533,8.743698,-1.2640686
1635,O,676653785625384,-9.46225,-7.7024994,-2.849289
1607,O,288031401047296,1.429937,-9.406818,-0.3657143
1640,O,173011432895083,-6.667852,0.30945057,-0.3362357
1645,O,1132436331573000,0.23471193,-9.08431,0.51013917
1645,O,1132430548450000,0.5292993,-9.551338,1.6597486
1615,O,169297808945464,-0.90501404,-9.912903,-0.9256134
1617,O,269468065257318,-5.148346,-8.198883,-0.97528076
1645,O,1132425833365000,0.021555176,-9.263936,-0.5292993
1620,O,938524331338712,-4.4086304,7.8443146,1.7179108
1635,O,676604378273912,-11.021805,-4.537384,-1.5024109
1624,O,518722348627346,3.5684052,-8.934128,-0.76094055
1641,O,1218345488440000,9.189691,-2.196233,-1.0083033
1629,O,1127599569928974,-1.990921,9.333389,-3.3375092
1602,O,100095743699456,2.8109894,-8.768448,0.44779968
1642,O,1472183673112000,2.7542725,10.0063925,-0.6227051
1645,O,1132587699887000,0.82388675,-9.031619,1.6142433
1603,O,9383518651155,0.1933318,9.317635,0.3184288
1625,O,707816646582076,-9.352066,-3.4811554,0.3204956
1606,O,123472568142259,-5.918762,0.73391724,3.3470001
1649,O,1166161661037818,2.669535,-10.538078,-10.0903635
1644,O,1819019395807000,-1.7028589,-10.585987,4.414021
1629,O,1127560545599939,-1.5250397,9.29631,-3.3208923
1600,O,252764085369585,-0.7071533,9.640518,0.9046173
1615,O,169304153559121,-6.004318,-9.281128,2.8917236
1635,O,676692256108031,-5.9761047,-7.100525,-1.8835907
1601,O,268492889386499,0.9780314,9.590573,0.8062474
1645,O,1132580264610000,2.2632935,-9.17053,1.6693287
1603,O,9458498188518,-1.1061212,9.611523,1.9081788
1608,O,110995656447942,1.2001343,8.885162,0.58325195
1611,O,437241819464,5.5683746,-7.5955353,-0.28146362
1604,O,19068125943041,2.568573,9.585907,-0.7821045
1644,O,1819126042027000,-0.28500733,-11.220667,-2.4668703
1648,O,460446209250000,-1.9040406,-9.211246,-0.61552006
1650,O,360148193985000,0.8262818,-6.706055,3.159031
1631,O,1554419968880807,4.010483,8.647369,-1.552185
1610,O,19429246680401,-0.7224121,9.59433,-2.2507935
1641,O,1218311547268000,9.405242,-1.6884888,-1.7244141
1636,O,505366776906688,1.2729797,-9.00856,-0.30989075
1650,O,360077156355000,-4.2056546,-8.399334,1.8585353
1623,O,3059258755414,-2.5779114,-9.901291,0.27618408
1648,O,460394753707000,-2.1052222,-7.793394,-1.8513502
1645,O,1132417571751000,-1.8896705,-8.686736,-1.3771362
1650,O,360079776162000,-3.1949563,-8.602911,2.1267774
1614,O,82367793440000,-1.4489869,10.370435,-0.3161426
1629,O,1127620013682166,-1.2114868,9.6128845,-2.1240234
1625,O,707837392426771,-10.019974,-3.2197876,-0.7069702
1645,O,1132523198719000,-0.8646021,-9.568104,-0.5292993
1605,O,183679536615337,-2.3870192,10.0825815,0.12090719
1623,O,3040879528752,-1.7316284,-9.646896,0.08770752
1621,O,167696787310716,-0.08020575,9.242816,1.0893618
1614,O,82465616575000,-0.57001466,9.934542,-0.10538086
1615,O,169262460440290,-3.679016,-9.447983,-0.74812317
1619,O,174495687346571,-3.5248635,-9.202114,1.3078327
1612,O,5678475355666,2.509735,-9.279526,0.17930603
1624,O,518870842559285,3.013214,-9.05249,-0.8183899
1603,O,9432560735511,0.50397944,8.522161,6.002862
1625,O,707901140579053,-9.458801,-3.1559906,-0.30943298
1608,O,110874263011852,-0.5483856,9.90834,-0.07833862
1614,O,82391136389000,-1.583108,10.28661,-0.9436377
1627,O,443689867231619,-3.7081451,-8.942474,-5.801773
1601,O,268392531010809,1.9877859,9.263166,2.224812
1628,O,1139081390624808,-0.5586853,-10.152084,-0.8722687
1650,O,360192328415000,-1.3962965,-9.309442,1.7842896
1629,O,1127665785444046,-1.9216919,9.483917,-2.295639
1627,O,443579833669168,-0.93574524,-10.43129,-2.6495056
1642,O,1472274224309000,2.2441335,10.001602,0.12693603
1623,O,3137357811674,-0.67222595,-9.441956,-0.38336182
1614,O,82352026898000,0.08861572,10.765614,-0.3879932
1634,O,78737528559339,1.0170441,-11.653168,-5.393753
1644,O,1819134625457000,-0.7232959,-8.669971,0.6179151
1648,O,460357139113000,-2.794988,-8.794512,-0.5676197
1619,O,174544529541657,-3.8893807,-8.814254,1.7106571
1633,O,694448806147784,4.0264893,-9.285416,-1.9069214
1600,O,252839364592081,-0.49967957,10.869919,-1.3236694
1611,O,287186900853,5.0049896,-8.27829,0.47483826
1627,O,443559067647603,-0.9903412,-9.443161,-3.3266754
1635,O,676648649520628,-7.902954,-5.423752,-2.2666626
1611,O,326261582358,7.2453766,-6.10614,-0.010543823
1634,O,78649811910918,0.4088745,-9.580841,0.46679688
1627,O,443548654451819,-2.37323,-11.044617,-1.8967743
1606,O,123378154377259,-11.882477,-2.4723358,-4.615616
1613,O,178363438482522,0.12868834,9.73662,-1.2629414
1619,O,174445210595548,-3.3063924,-9.236232,1.1150994
1610,O,19481554421804,-2.0357056,9.585449,-2.3876953
1627,O,443527082805549,0.4138031,-9.677963,-4.359329
1635,O,676715499507630,-8.838379,-3.8383942,-1.4256897
1641,O,1218257804626000,8.854387,-3.7218604,-7.9155397
1643,O,710945248072000,2.8428884,-1.2046949,-2.3255641
1642,O,1472207686271000,1.4729371,9.587264,2.6249416
1608,O,110915472724487,-0.9036865,10.234619,0.3473053
1629,O,1127617647043982,-1.1033173,9.66214,-1.9918518
1646,O,1467852507933000,-8.959768,0.49337405,-3.0129347
1637,O,16395604529865,-8.911518,7.3721957,-6.712294
1603,O,9432480861032,-1.6071079,8.962694,4.6800656
1637,O,16509876375425,-0.756867,-7.5676227,14.821156
1641,O,1218349658095000,11.7930765,-6.303692,-1.2957057
1638,O,1139923669334729,0.47973818,-5.8415527,19.297714
1616,O,193043200882470,7.0815125,-6.2702484,-0.41296387
1642,O,1472205812773000,1.8010547,10.140513,-0.6514453
1641,O,1218246020188000,10.059082,-0.2945874,-2.193838
1635,O,676746235595810,-7.236557,-5.177948,-1.8370361
1629,O,1127687336960832,-1.6357727,9.4032135,-3.1820679
1626,O,599440134848157,0.9780731,-8.755386,2.4291382
1636,O,505391450363562,1.5625153,-9.412659,-0.5600281
1644,O,1819084556120000,-0.22273682,-8.102351,1.7292042
1631,O,1554412969688625,4.9389496,8.339371,-1.451004
1606,O,123451369113501,-13.104904,-0.2584381,1.2722168
1614,O,82378792457000,-1.0250684,10.049502,1.4729371
1645,O,1132539661475000,6.9000516,-13.445641,-4.184099
1648,O,460363848286000,-3.8751419,-8.533455,-0.5388794
1635,O,676731733632556,-7.253845,-5.9661865,-2.8808136
1616,O,192993853947740,10.033737,-5.045929,-2.4005737
1603,O,9477732000544,-0.9959879,9.333796,2.202067
1607,O,287981122630909,0.40462008,-9.491214,2.3181858
1616,O,192954315992717,6.6580505,-6.472336,-0.503006
1623,O,3028139972847,-0.29275513,-9.820816,-0.6708679
1612,O,5674598097365,2.4521484,-9.338028,0.6394806
1603,O,9355625501164,-0.26874915,8.716091,0.8146271
1614,O,82315528612000,-1.8705103,9.460327,0.3065625
1647,O,1219155717290137,-0.14604631,-9.464279,-0.8984242
1624,O,518844255649963,3.100113,-9.143402,-0.6902313
1602,O,100259595647588,-1.2495422,-9.787277,-0.5198364
1631,O,1554342675501423,3.624115,8.917694,-1.8805237
1629,O,1127523887863800,-2.0783386,9.30751,-3.2777405
1615,O,169331898602838,-2.742157,-9.037399,-1.3436432
1607,O,287958615976906,0.050876785,-9.866506,4.449025
1644,O,1819000033044000,1.0154883,-9.031619,2.4668703
1629,O,1127656973480857,-1.6970825,9.663834,-1.7897797
1633,O,694376054691082,2.1822205,-11.833603,1.0621948
1614,O,82351532358000,-4.0859036,9.74773,-2.2249732
1633,O,694338430186565,-3.110077,-12.014008,2.5719452
1649,O,1166201603585095,1.4909891,-9.710283,0.74758947
1619,O,174369632027192,-3.8845923,-9.064447,1.2952632
1623,O,3019277665911,-0.7911072,-9.609772,-0.8454437
1612,O,5744237682700,2.0540466,-9.581406,0.7175598
1635,O,676745792480576,-7.0680084,-6.3047028,-1.8498077
1608,O,110914284369995,-0.010726929,9.876404,0.8534851
1601,O,268361685305820,-1.4754268,9.929353,0.6218939
1643,O,710810897312000,0.60594,-9.029224,-0.47181886
1641,O,1218320933969000,9.129815,-1.7699195,0.050295413
1616,O,193018668382960,6.0644226,-7.4510345,0.54582214
1602,O,100236231389403,0.42739868,-10.18634,-1.456604
1639,O,184786745374970,-1.8797476,-9.46832,-3.383007
1649,O,1166210502408374,-1.1701661,-9.876082,1.1773487
1627,O,443676050099493,-2.9717407,-8.752563,-1.9374084
1633,O,694347594614461,0.51257324,-9.279037,-0.6504364
1621,O,167702852693890,-1.5897499,9.613318,1.3652935
1648,O,460441353775000,-3.923042,-8.686736,0.17483643
1631,O,1554446253671368,3.9970703,8.893188,-1.9228821
1637,O,16499128390615,2.0754735,0.7234978,-0.10190321
1630,O,1560756768491136,9.604233,0.8124695,1.6386108
1614,O,82328782808000,0.67539555,11.388318,-1.9351759
1637,O,16505127270565,8.657134,6.0362315,19.57604
1606,O,123395878995818,-11.874496,3.3983002,7.6761627
1650,O,360181405531000,-0.81191164,-9.086704,2.1818628
1645,O,1132545323782000,4.030818,-18.159039,-0.6322852
1611,O,339756457125,6.350662,-6.819748,-1.6187439
1627,O,443596329632035,0.012435913,-9.895676,-7.205948
1646,O,1467727755550000,-8.669971,1.1280543,-4.7301636
1632,O,6094902703693,2.5720215,-9.121628,-0.63420105
1602,O,100165937185627,-0.97273254,-10.435272,-0.503006
1648,O,460363082693000,-4.397256,-8.116721,-0.17723145
1624,O,518861778845859,3.185028,-9.042908,-1.0094299
1606,O,123416322702859,-5.186722,1.3409271,5.469635
1633,O,694438231809924,-0.18518066,-8.87558,-0.6869507
1633,O,694413115245516,-0.3527832,-9.756897,0.44384766
1644,O,1819037287644000,0.026345216,-9.364527,2.078877
1644,O,1819004868635000,1.7794995,-10.928474,1.4920973
1642,O,1472301016713000,1.839375,9.910591,-0.07424561
1621,O,167690043294625,-1.99437,9.543886,0.6997054
1613,O,178361818493200,0.79367787,11.729793,5.093664
1633,O,694455372317982,0.323349,-12.244431,2.5285187
1644,O,1819122838397000,0.0071850587,-10.360855,-1.1232642
1646,O,1467725741120000,-8.6627865,3.6212697,-4.8307548
1630,O,1560782398691892,8.910187,1.1947174,1.8906403
1607,O,288016955428394,1.0977415,-8.391677,2.2906525
1608,O,110931122752620,0.67755127,7.2634277,4.2180634
1649,O,1166206871271447,-1.3198037,-7.428011,1.0546459
1635,O,676685911488104,-11.458603,-7.79364,3.9257965
1646,O,1467818626163000,-9.467513,-0.100590825,-3.046465
1606,O,123317628864045,-13.19754,-3.2844696,-3.6048584
1603,O,9349119458043,0.39504328,7.6853876,1.0241197
1615,O,169391316310061,-5.1578827,-8.5164795,1.254425
1648,O,460463112640000,0.023950197,-9.577683,-0.859812
1624,O,518820941763057,4.0654297,-8.278748,-1.2425842
1648,O,460368703606000,-3.4655933,-8.655601,-0.45744875
1644,O,1819052560408000,0.098195806,-9.326206,2.3926246
1601,O,268446999564903,0.7026982,9.665991,0.25498247
1614,O,82435963123000,-3.9350173,9.278306,0.44786867
1608,O,110919722602417,0.6622162,9.956024,2.1967926
1629,O,1127530232468292,-2.0806732,9.542343,-2.1486816
1621,O,167684696381136,-1.1115081,9.235633,0.41180268
1641,O,1218240138519000,9.304651,-1.1951149,-2.9027638
1647,O,1219253560393382,-0.011372458,-9.7958765,-2.754529
1624,O,518752057471491,3.4285889,-9.014206,-0.5805054
1648,O,460379300889000,-4.28469,-8.428074,-0.4047583
1610,O,19421774146221,0.1264801,9.91394,0.48291016
1650,O,360238578660000,-1.3052857,-9.0076685,2.1483326
1605,O,183799849415032,3.9731777,8.486248,3.4476504
1603,O,9440461659518,-3.072958,-10.269928,5.071518
1614,O,82445280550000,-0.92208254,9.474698,-0.41194338
1620,O,938619500405250,-3.1734924,8.984497,2.6239777
1619,O,174512765634690,-3.4614172,-9.356541,1.1139023
1635,O,676606412575670,-5.0483704,-7.522995,-1.3714294
1620,O,938516526486555,-4.804001,8.368591,1.9915924
1612,O,5721628756891,2.5000763,-9.269058,0.53463745
1635,O,676681117786932,-8.318695,-5.6565247,-2.9595947
1628,O,1139213167053518,-1.7973328,-9.845596,-0.13972473
1614,O,82341977574000,-3.056045,10.403965,-1.4992822
1620,O,938652431916167,-2.7326202,8.693481,0.28492737
1621,O,167635175688707,-1.4095862,9.854534,-0.24899697
1627,O,443583801564676,-0.97499084,-9.425781,-2.6084595
1614,O,82412560778000,-1.0106983,9.972861,0.1580713
1641,O,1218402936246000,9.73815,-1.104104,-0.24908204
1630,O,1560754200464423,8.216568,2.4657898,3.4458923
1644,O,1819090842591000,-0.36883304,-10.080638,4.840335
1638,O,1139867594659989,-3.8250365,1.254861,-3.715352
1628,O,1139087181335257,0.86491394,-8.501038,2.598587
1632,O,6101247285270,0.48080444,-9.829269,-0.18118286
1630,O,1560807273576117,2.7353516,1.484436,4.415558
1648,O,460448445524000,-3.2668068,-8.995694,-0.5843848
1627,O,443662091958453,-0.6054077,-8.830948,-3.128418
1616,O,193035990172130,7.5220184,-5.9803925,0.12869263
1621,O,167538967177807,-1.4197617,9.679757,1.3371617
1611,O,407835067825,7.787155,-5.7706757,0.5135498
1642,O,1472215502511000,0.87178713,8.289163,5.0367265
1633,O,694376235965496,0.8095703,-9.714218,-1.2301483
1627,O,443617216475450,-0.95137024,-9.311325,-4.7262726
1637,O,16458884807155,8.245332,-5.8677397,-0.17851767
1609,O,39137005323454,0.9594879,-9.751495,-0.88661194
1648,O,460363586268000,-2.4189699,-9.2328005,-1.22625
1629,O,1127635069516576,-1.9822845,9.372604,-2.923645
1642,O,1472230268805000,2.454895,9.77168,0.62989014
1647,O,1219218844765167,4.882974,-8.667608,-1.8267759
1647,O,1219238716403438,2.0817583,-8.447342,-1.596334
1632,O,6078134801900,2.7743683,-9.33046,-0.2793274
1640,O,173128385174883,-5.4539914,-8.32404,2.891148
1643,O,710890689861000,0.119750984,-10.214759,1.2789404
1646,O,1467849909338000,-10.957214,1.2573853,-2.1507277
1627,O,443581585988504,-4.629486,-9.99498,-6.739502
1625,O,707862267286872,-9.504211,-2.7662506,1.2946777
1613,O,178201047695241,-0.56563014,10.029909,-0.11851298
1613,O,178356353166743,-2.4666264,8.735245,2.7096379
1645,O,1132568355600000,2.1243825,-8.464,1.8992506
1648,O,460482796324000,-2.7015822,-8.806487,1.3028907
1637,O,16385066747545,11.060912,-8.522909,10.221894
1630,O,1560849369534056,7.223694,-3.2810516,11.486816
1646,O,1467753762190000,-9.024434,1.3004956,-2.2752686
1637,O,16492779722685,2.695572,-13.854796,-16.363321
1602,O,100189956044797,0.040145874,-9.673477,-0.89149475
1614,O,82439543738000,-1.8800904,10.042317,-0.68737066
1646,O,1467843765640000,-8.804092,0.81191164,-3.523074
1614,O,82389158435000,-0.62749517,10.437495,-0.8143067
1635,O,676660452490341,-8.232254,-5.8631287,-0.9398346
1603,O,9334435048465,2.106299,9.901221,6.706159
1642,O,1472218081103000,2.3974147,9.769285,0.0023950196
1608,O,110987700520246,1.3962402,8.575806,-0.0149383545
1628,O,1139104352028550,-1.5557861,-9.750961,-0.9000702
1605,O,183716647538552,-3.9761705,12.591106,1.3724761
1641,O,1218243603190000,9.457932,-0.6993457,-3.537444
1607,O,287954147573365,0.7236475,-9.021951,3.4811692
1605,O,183673152243310,6.3003416,19.612701,9.930551
1641,O,1218384686828000,10.035132,-0.8286768,-2.0860622
1623,O,3080407429964,-2.6869354,-9.035553,-0.6065216
1646,O,1467802208916000,-8.54064,0.62749517,-4.2511597
1611,O,400886215286,7.2743683,-6.5575867,1.3587952
1615,O,169284565818225,-3.8955078,-5.629364,-4.3030853
1642,O,1472294631023000,2.8907888,9.78605,-1.7315992
1627,O,443680360402227,-2.8963318,-8.71553,-3.6343536
1603,O,9336152923049,2.3259668,9.041104,2.2038627
1642,O,1472202650216000,1.8561403,9.580078,4.026028
1637,O,16395204842045,18.995296,-19.952827,19.57604
1643,O,710852033224000,1.829795,-9.1130495,-1.7794995
1623,O,2996970844472,-0.6529846,-9.585266,-0.25317383
1622,O,1149541154292497,-1.6343079,-9.063538,2.844513
1648,O,460467363743000,-1.1807446,-9.251961,-0.43110353
1648,O,460358126633000,-4.0930886,-8.576566,0.18920656
1630,O,1560746445947821,8.24971,1.9323883,2.7187805
1638,O,1139976797109119,3.383905,-6.306028,3.3092356
1628,O,1139239149694949,-2.0583344,-9.692215,-0.9966278
1650,O,360158915220000,0.23471193,-9.570498,2.4022048
1644,O,1819077343054000,-3.4488282,-6.969507,3.8631666
1614,O,82382353250000,-2.191443,10.37762,-0.48618898
1602,O,100193782949094,1.7233429,-10.983475,-0.29559326
1643,O,710975056558000,1.223855,-8.859178,-1.8992506
1608,O,110894807431161,-6.1544037,8.939804,-4.2264404
1616,O,193015586717921,8.137634,-5.2309875,0.15657043
1621,O,167564625160453,-2.8006175,9.566033,0.320823
1617,O,269537755204838,-6.8326416,-6.8101807,0.21730042
1635,O,676754312344380,-5.6342773,-8.477844,-1.7789154
1619,O,174435791709302,-3.7906199,-8.904634,1.6358383
1633,O,694422460949866,-1.5536041,-1.1009979,-2.0776672
1605,O,183795858979044,2.5552118,9.470264,-0.59974754
1645,O,1132581775813000,2.2177882,-7.192244,-0.26105714
1608,O,110943248004723,1.7985077,9.748932,0.5311432
1625,O,707990518966219,-8.34433,-7.2630615,-5.296295
1644,O,1819132348597000,-0.043110352,-8.097562,1.456172
1629,O,1127541763552474,-1.5177765,9.393524,-3.1016083
1629,O,1127631091539607,-1.886734,9.558365,-1.9999237
1647,O,1219258707758224,-0.78529817,-8.5060005,-3.6218286
1621,O,167595710726431,-0.6865373,9.352949,1.1653777
1644,O,1819063359929000,0.22752686,-9.211246,2.42376
1648,O,460422173761000,-1.8106349,-9.254355,1.1855347
1608,O,110992514363020,-3.543808,8.866241,-3.144043
1644,O,1819065858432000,-1.1064991,-8.830438,2.0261867
1611,O,345899645602,5.5231476,-7.8944855,0.17851257
1609,O,39144105212507,2.2200165,-10.036011,-1.8798218
1601,O,268449234229224,0.8415619,9.674371,0.20290859
1650,O,360217579632000,-2.7542725,-8.804092,2.1219873
1622,O,1149499763303056,-2.2107544,-9.574417,3.0418243
1625,O,707991928878328,-9.449448,-10.103424,-1.6904297
1603,O,9324580051698,3.12982,9.177573,1.2563573
1646,O,1467788329664000,-7.812554,-3.515889,-5.127737
1633,O,694464335334634,2.302948,-11.574661,0.7346649
1627,O,443629825102075,-0.08131409,-9.662064,-2.7593384
1641,O,1218249968640000,8.873548,-0.8765772,-2.7542725
1607,O,288046484434007,0.5351041,-9.607333,0.025139118
1646,O,1467821949986000,-8.741821,-0.69695073,-3.5781593
1644,O,1819038355657000,-0.5125342,-9.168135,2.8644435
1635,O,676667542334091,-6.6454315,-5.8628235,-3.0689545
1650,O,360175864170000,-0.6346802,-9.3381815,3.0823903
1610,O,19350694419689,-0.7397156,10.014389,-1.872055
1603,O,9353032076687,0.13826515,9.106346,2.9406781
1616,O,193014660204249,8.9071045,-4.0299377,1.3604431
1607,O,288034473145991,1.2515689,-9.7084875,-0.54408234
1630,O,1560763012387620,8.122025,1.4740906,2.0067139
1635,O,676725006336827,-8.806015,-9.777649,2.054306
1613,O,178351644909297,-1.6286557,7.270592,5.5802855
1608,O,110922562568237,0.88768005,9.526047,0.521698
1629,O,1127611050649578,-1.438736,9.6349945,-2.1066895
1636,O,505424331528950,1.2800598,-9.486145,0.36994934
1641,O,1218374675775000,10.219549,-1.0753639,-2.2896388
1635,O,676716667720520,-5.2411804,-8.055084,-1.3584747
1637,O,16424541289145,-2.0712838,10.130317,19.286343
1619,O,174467834015956,-3.4781766,-9.173384,1.3383588
1639,O,184888263718160,-0.10564415,-6.9376483,3.86903
1629,O,1127602490461201,-1.2505951,9.2695465,-3.2408295
1627,O,443622433150255,-0.70510864,-8.317169,-3.365509
1650,O,360181022412000,-0.44786867,-9.086704,2.1722827
1610,O,19442217859341,-1.1480408,9.873474,-2.3870087
1632,O,6016954713496,0.5069275,-9.409073,-0.41737366
1642,O,1472175695235000,1.6429834,9.8866415,1.0178833
1610,O,19401572101951,-1.5069733,9.654526,-1.5390778
1610,O,19384109329562,-2.4213257,9.138306,0.15818787
1608,O,110906328436939,0.09597778,9.75885,-0.07978821
1607,O,287912525581455,0.5638345,-9.838373,1.8507179
1650,O,360072340444000,-3.4799635,-8.277188,3.283572
1614,O,82299267610000,-1.336421,11.702065,-4.2248144
1608,O,110933439041538,0.9374542,9.417007,0.21208191
1633,O,694375128177410,0.3341217,-8.936264,3.9274445
1636,O,505337470878508,1.1801453,-9.524704,0.725708
1633,O,694375510867840,-0.671463,-10.183472,0.56451416
1611,O,330642378588,6.989105,-6.5182343,0.08770752
1613,O,178358786235754,-0.46686932,2.0039468,5.397728
1639,O,184891912903890,4.45531,-12.84175,-10.515334
1616,O,193013169725734,9.060791,-5.265167,-3.2706451
1650,O,360222194498000,-3.2021413,-10.054293,0.5604346
1616,O,193014196947414,7.305359,-6.441559,0.7026825
1603,O,9479567461585,-0.23882163,9.029133,1.4137762
1601,O,268470503280257,0.47644615,9.667188,0.54767364
1633,O,694388280636830,14.901489,-4.8436737,-1.4595947
1611,O,434119871222,6.1231384,-7.7415466,0.69421387
1635,O,676700997555313,-7.740082,-4.2859955,-3.4999542
1644,O,1819034749012000,-0.97237796,-12.727135,-1.5184424
1635,O,676666615820419,-7.719696,-5.49234,-1.3880768
1608,O,111002283034856,-4.2238617,8.335266,-4.4277344
1605,O,183753800281770,-0.08499416,9.313444,1.3443443
1641,H,1219464344719000,9.632769,-0.5843848,-2.7327175
1633,H,692297554030244,-1.7187347,-8.923218,-3.9002838
1615,H,166589267058131,7.3739777,0.1544342,-6.718216
1614,H,83054950132000,-3.7003052,8.53106,3.887117
1627,H,441491007395335,1.1542664,-9.2929535,1.7279358
1643,H,709773427068000,5.9133034,-2.203418,-7.6664577
1600,H,253755314718574,1.895401,7.561142,5.2640533
1603,H,11464892952788,8.949526,0.31663316,3.9516299
1602,H,102097980031300,-1.6959839,-1.6469879,8.911224
1613,H,176004685512825,1.6843209,5.139154,8.0445175
1633,H,692301229878258,-1.6074219,-9.0460205,-3.8217468
1646,H,1465522511376000,-9.405242,-0.7113208,0.13651612
1617,H,266192094359754,-9.458908,-3.086563,-0.9363251
1646,H,1465580851990000,-9.400452,-0.847837,1.0466236
1637,H,14691379216231,-1.6068087,-8.795848,3.5396776
1644,H,1816898407841000,-0.8646021,-8.943004,-2.4525
1645,H,1131079773128000,8.52627,-2.7614577,-4.311035
1643,H,709654738794000,5.7863674,-2.2585034,-7.697593
1621,H,169008620001085,-4.721366,7.7572136,-3.5883098
1642,H,1469849444471000,-2.179468,5.8103175,7.8772197
1605,H,181866577182033,6.6840124,-0.10115502,7.0144124
1627,H,441500937204119,1.1288757,-9.212509,1.7834167
1609,H,43203091116741,6.780075,-6.6009827,-2.0933075
1606,H,126881784541537,-9.945068,0.59228516,-0.8990936
1602,H,101979708549550,-1.8414764,-1.670517,8.815491
1648,H,461253839270000,0.23471193,0.5221143,9.932146
1634,H,77300425314205,-5.1023865,-1.9427795,7.705475
1605,H,181822043660951,6.585252,-0.27114335,7.2029557
1607,H,291530589222788,-4.123414,0.99179804,-8.97287
1602,H,101973021537831,-1.9415283,-1.652771,8.841797
1646,H,1465607210694000,-9.424402,-0.92208254,0.5340894
1624,H,517196616433522,6.336975,-5.3537445,-5.4021454
1601,H,267083197572588,-1.0737995,1.2246342,9.562442
1644,H,1816889681681000,0.44307864,-8.866363,-3.06802
1612,H,7183405483223,-9.422592,1.7282562,-3.6036987
1650,H,358447970437000,-8.308323,-1.9184108,-4.071533
1601,H,267068113924520,-1.2174516,1.1013328,9.587581
1616,H,194491391974006,-0.19883728,0.0047302246,9.152542
1635,H,678234124230499,-6.45343,-3.4425812,6.082184
1635,H,678145138635958,-6.5393677,-3.3591156,6.0984497
1607,H,291489767566971,-3.9510314,1.0079589,-8.599374
1647,H,1220376077272856,4.6142254,-4.159327,-7.841609
1624,H,517095304171757,6.4879913,-4.9066772,-5.607849
1616,H,194409959509683,-0.16415405,0.026535034,9.13974
1625,H,706665987094399,-5.588135,-5.9368744,5.4866486
1647,H,1220395829358004,4.212598,-4.821324,-7.891887
1615,H,166599992457832,7.467636,0.21176147,-6.5935364
1644,H,1816904232484000,-0.93405765,-8.947793,-2.3566992
1622,H,289521248154100,-8.159256,-5.4050293,0.029510498
1650,H,358566410987000,-8.356223,-1.9926564,-3.8655617
1641,H,1219485117020000,9.6686945,-0.28740236,-2.560276
1647,H,1220445748221840,3.8253357,-7.0545154,-7.7997108
1644,H,1816820495831000,-1.4609619,-9.017249,-1.7555494
1609,H,43120409863140,6.9953613,-5.791107,-3.6414795
1624,H,517058243619749,6.317398,-5.3128204,-5.422516
1642,H,1469815073684000,-2.299219,5.9947343,7.9873905
1642,H,1469963959082000,-2.2273684,5.858218,7.9394903
1629,H,605795457448415,-5.7289276,3.518921,-7.8511353
1601,H,267091138524095,-1.1150994,1.1887212,9.595961
1645,H,1131087249587000,7.9083548,-2.4501052,-4.160149
1642,H,1469838672293000,-2.684817,6.543194,7.079678
1634,H,77268299434498,-5.1178284,-1.8813477,7.657837
1606,H,126866930124839,-9.915634,0.31121826,-1.5505829
1639,H,182658788233752,-7.10614,-6.23495,2.3921068
1618,H,198427337253307,-1.7943726,-0.16203308,9.014786
1628,H,1137910257176394,4.0292664,-5.8532715,5.87912
1613,H,176127629377984,1.3132197,5.1020436,8.0924015
1621,H,168998045999006,-3.107674,8.693945,-3.2243912
1600,H,253857080166727,2.3727417,7.3061523,5.4420013
1622,H,289609619449236,-8.276794,-5.3927,0.12176514
1633,H,692369157446355,-0.9830017,-8.386795,-5.315872
1641,H,1219390200922000,9.659114,-0.8334668,-2.4836354
1629,H,605850796500510,-7.947098,1.2192688,-6.4449463
1643,H,709626502865000,5.822293,-2.2393434,-7.7143583
1637,H,14739321280201,-4.7312417,-5.932383,3.5612254
1602,H,101984884951921,-1.8103943,-1.8445587,8.664658
1650,H,358417257072000,-8.049661,-2.1315675,-4.402046
1637,H,14718873828131,-2.8254573,-9.222016,4.324976
1604,H,17236754667372,5.4472656,4.4416656,6.00206
1603,H,11438916383008,9.149442,-0.10474633,3.9881415
1628,H,1137894496386863,3.263626,-6.2177277,5.7921143
1612,H,7133655730179,-9.406433,1.7192993,-3.524002
1602,H,102113750912738,-1.7136383,-1.4527893,8.8806305
1620,H,940268382552330,4.6147156,7.408386,-4.952057
1616,H,194416827795815,-0.21636963,0.027282715,9.157333
1626,H,598101473661772,6.5443573,-2.5717316,-7.1348114
1635,H,678186348346452,-6.5823517,-3.3608398,6.0238647
1636,H,503559118519903,-2.2224884,-9.129654,2.147583
1642,H,1469825310909000,-2.1555176,6.013894,7.829319
1604,H,17229402970830,5.657074,4.3564606,5.8126373
1624,H,517190473215055,6.218811,-5.4998627,-5.3243713
1635,H,678132952951323,-6.6013184,-3.88974,5.717148
1604,H,17114948336338,5.7555847,4.071808,5.940323
1625,H,706699772401033,-6.3913574,-5.8464355,4.1870728
1606,H,126937325017085,-9.457382,0.9259491,-3.5082245
1646,H,1465553203222000,-9.395662,-0.8885523,0.31853762
1636,H,503536006042522,-2.14859,-9.160492,2.0188751
1603,H,11596179190706,8.950723,0.22685061,4.159327
1625,H,706828695432904,-6.4930267,-6.0158844,3.7373047
1605,H,181726275346663,6.851008,-0.45489833,6.4284315
1602,H,101996023244545,-1.7849426,-1.8023529,8.812088
1641,H,1219385083606000,9.6615095,-1.0346485,-2.5578809
1628,H,1137894697802878,4.143982,-6.4594574,5.8198395
1644,H,1816837424300000,-1.3244458,-8.859178,-2.2058132
1605,H,181756522402487,6.4763155,-0.44891283,7.249643
1642,H,1469916319351000,-2.1243825,6.0498195,7.8868
1616,H,194391449357406,-0.1756897,0.050369263,9.146194
1623,H,4049042802025,3.508255,-2.175354,-9.339294
1622,H,289588722535367,-8.283661,-5.234192,0.25564575
1643,H,709670741501000,5.8917484,-2.2345533,-7.676038
1645,H,1131107260751000,8.5119,-3.0153298,-4.2080493
1621,H,168996569276351,-3.2998085,8.786121,-2.698864
1613,H,176078626686494,1.3437457,5.0864816,8.1480665
1650,H,358447809193000,-8.274793,-1.9160157,-4.0835085
1649,H,1164355326789764,7.6560583,0.65301853,-6.7743936
1641,H,1219534378322000,9.261541,0.098195806,-3.8751419
1634,H,77267644832448,-5.0622864,-1.9102478,7.6959534
1607,H,291521291341178,-4.9362454,1.3012487,-8.413823
1619,H,170692395078648,-5.4743423,-2.4708161,7.5566993
1641,H,1219543404674000,9.410032,0.22752686,-3.4679885
1632,H,3488550090427,-3.6880188,-1.2003479,8.448242
1602,H,101977996513417,-1.9425049,-1.5230713,8.91153
1647,H,1220380187180667,4.4777555,-4.2251673,-7.845799
1641,H,1219405614108000,9.644744,-0.85023195,-2.550696
1600,H,253794137654731,1.9575348,7.6467285,5.213455
1632,H,3388144207298,-3.080124,-1.2593994,8.652893
1614,H,83068421497000,-3.8583767,8.6077,3.8200562
1646,H,1465553868222000,-9.386082,-0.9388477,0.32332766
1606,H,126874634293738,-9.955368,0.3375244,-1.472641
1608,H,43677888491702,7.219925,4.492386,3.8365479
1616,H,194366312640381,-0.17196655,0.088638306,9.191574
1639,H,182583216085832,-2.3228245,-8.686463,4.1656117
1644,H,1816881882530000,-0.34488282,-9.275911,-0.58198977
1615,H,166607495204414,7.470093,0.2603302,-6.5350037
1626,H,598201778848842,6.782364,-1.9386597,-7.0947723
1629,H,605723602262768,-4.086426,7.697525,-5.219391
1610,H,16986886135475,8.36116,1.8718567,3.6190948
1646,H,1465644210170000,-9.374106,-0.974773,0.28979737
1633,H,692274642972155,-2.131668,-8.8949585,-4.086563
1650,H,358494867592000,-8.238868,-2.1435425,-4.0499783
1629,H,605827583289758,-7.8003235,1.374466,-6.6617126
1621,H,169059697219139,-2.938284,8.969278,-2.7162218
1620,H,940163384386090,2.4885254,9.436707,-0.91581726
1615,H,166565499981758,7.5678864,0.2379303,-6.5323486
1645,H,1131151454356000,8.617281,-2.318379,-4.4834766
1646,H,1465606404716000,-9.352551,-0.89573735,0.5748047
1612,H,7130030233228,-9.422882,1.7301788,-3.5712128
1623,H,3964750204474,3.7982635,-2.0918884,-9.276337
1634,H,77200724379464,-0.9367676,-0.8883667,7.850586
1633,H,692327111834805,-1.3015289,-8.4952545,-5.184021
1623,H,3950550365425,3.5762787,-2.3367462,-9.350388
1650,H,358503351582000,-8.456815,-1.6597486,-3.896697
1635,H,678152470191811,-6.5123444,-3.4079895,6.054413
1650,H,358477676197000,-8.265213,-1.9878663,-4.030818
1616,H,194457936800525,-0.20005798,-0.02053833,9.128433
1642,H,1469869081979000,-1.9950514,6.0761647,7.8508744
1614,H,82992855018000,-2.6967921,9.462723,2.7255323
1637,H,14638296688111,-1.659481,-8.19251,4.7128363
1609,H,43117942516949,6.9480286,-5.915436,-3.5523224
1623,H,3968677816778,3.6995087,-2.240219,-9.284668
1620,H,940228280636567,4.3231354,7.462448,-5.0741425
1645,H,1131104258090000,8.128696,-2.4740553,-4.1625443
1636,H,503555392344390,-2.409607,-9.192429,1.8763428
1627,H,441526778861503,1.2679138,-9.173676,2.143921
1621,H,169120072310003,-3.0783448,8.862736,-3.0238767
1650,H,358421267633000,-7.441326,-3.4057178,-4.600833
1643,H,709686361053000,5.9061184,-2.3375392,-7.647298
1644,H,1816842664168000,-1.4968873,-8.760982,-2.3998096
1643,H,709702786939000,5.910908,-2.2225783,-7.654483
1602,H,102054554735935,-1.8187866,-1.575882,8.863739
1627,H,441501380319354,1.3417206,-9.2881775,1.6537628
1624,H,517076824248296,6.4409485,-5.121811,-5.4837036
1616,H,194376081304351,-0.17674255,-0.0027313232,9.138596
1602,H,102063276051353,-1.7960663,-1.5995941,8.857162
1624,H,517190271799039,6.1967163,-5.600952,-5.3657227
1616,H,194424803853970,-0.17559814,0.033615112,9.203812
1644,H,1816856288045000,-1.4202466,-8.813672,-2.4884255
1632,H,3353148170290,-2.6826782,-1.1038208,8.720795
1627,H,441441620186868,-0.8955231,-9.674957,1.3153381
1606,H,126864915964683,-9.890305,0.38900757,-1.4602661
1613,H,176124954057778,1.3383588,5.104438,8.150461
1619,H,170773641240387,-5.3618145,-2.6886885,7.5812397
1629,H,605830352759973,-7.626587,1.2480927,-6.836151
1629,H,605737953181679,-4.345871,7.5316925,-5.352524
1640,H,171778803577055,-6.588843,-6.296152,-2.443133
1602,H,102084968547280,-1.8736115,-1.6408234,8.869476
1626,H,598171062903005,6.851898,-1.9835968,-7.018097
1620,H,940206930520891,4.258194,7.429962,-5.208664
1628,H,1137989514395211,4.5411224,-5.8252716,5.612793
1622,H,289578651725421,-8.354645,-5.2413177,0.19674683
1650,H,358403188698000,-7.311995,-4.0811133,-3.9829175
1618,H,198604230869851,-1.5579834,-0.826355,9.004883
1627,H,441437491158547,1.5485077,-9.229019,1.8001862
1609,H,43117841808941,6.9480286,-5.910721,-3.585968
1616,H,194335657107186,-0.17308044,0.02645874,9.15686
1623,H,4039525895666,3.6599884,-2.2779388,-9.191147
1602,H,102021844771034,-1.885849,-1.6441193,8.864151
1629,H,605773754855148,-5.6876984,3.6481934,-7.8695526
1612,H,7108730501399,-8.408768,1.592102,1.2433472
1607,H,291388372133104,-3.1609447,3.9025488,-8.597578
1645,H,1131201230189000,10.027947,-3.0919704,-4.8115945
1631,H,1553003561106909,0.3112793,3.324997,8.533844
1644,H,1816939258537000,-0.6849756,-9.10347,-2.2345533
1645,H,1131114636448000,8.425679,-2.4501052,-4.2296047
1627,H,441533486016264,1.0243683,-9.255722,1.8652039
1625,H,706697707886873,-6.3451843,-5.858078,4.2400055
1617,H,266300607259050,-9.836639,-1.5777435,-0.95973206
1628,H,1137986895997151,4.5095673,-5.837036,5.557541
1607,H,291386616008469,-2.8790276,3.7253778,-8.669404
1601,H,267085591320609,-1.0875661,1.2707225,9.554661
1643,H,709721772145000,5.894143,-2.2776637,-7.6401124
1621,H,169073823322363,-3.0556,8.613739,-3.193865
1600,H,253783311566479,2.030548,7.5820313,5.172653
1602,H,102013365156239,-1.8456573,-1.6265259,8.878586
1646,H,1465613921538000,-9.386082,-0.97237796,0.488584
1642,H,1469984393776000,-2.0309765,5.8103175,7.767049
1606,H,126829416380795,-9.918213,0.16700745,-1.5437164
1621,H,169099122647093,-3.435081,8.905233,-2.046444
1637,H,14696327971061,-2.1790228,-9.516502,1.3944728
1601,H,267204345708740,-0.6991069,-0.31663316,9.598354
1615,H,166580606191865,7.4968414,0.2844696,-6.544983
1650,H,358499300857000,-8.095166,-2.7087672,-4.0523734
1620,H,940180061636672,5.5769653,7.473648,-3.0435944
1647,H,1220438086712833,4.3448777,-5.0906715,-7.4202294
1645,H,1131059903054000,8.0999565,-3.4775686,-4.174519
1616,H,194380915317893,-0.19630432,0.06890869,9.157593
1627,H,441504320993182,0.5852814,-9.750732,1.5912628
1636,H,503532330200237,-2.3308868,-9.025314,2.227234
1650,H,358397526875000,-0.87897223,6.016289,7.8844047
1650,H,358450671167000,-8.128696,-2.1411476,-4.2152348
1602,H,101995096730873,-1.6725922,-1.9940796,8.868988
1610,H,16946351153795,8.211914,2.0815887,3.8550568
1646,H,1465538512203000,-9.366921,-0.8909473,0.50774413
1604,H,17195011199804,5.4849243,4.5946198,5.812958
1603,H,11583449792689,8.962095,0.05566519,4.0132804
1649,H,1164321807788267,7.657854,0.6631939,-6.7642183
1620,H,940224876705902,4.24527,7.4565735,-5.12619
1640,H,171720191024625,-1.8195933,-9.399037,-2.2324433
1607,H,291558003183560,-4.538808,0.65541273,-8.87351
1627,H,441520816947440,1.279892,-9.437164,2.1644135
1650,H,358542368244000,-8.401729,-1.9663111,-3.8200562
1638,H,1138618403482396,-0.5880758,-8.027459,-5.518186
1610,H,17034269251152,8.384354,1.7240753,3.673294
1650,H,358549321267000,-8.380174,-2.064507,-3.8056862
1639,H,182696430013082,-8.578574,-3.2086792,3.4958339
1632,H,3420068634734,-3.0713806,-1.2266693,8.674103
1648,H,461325692093000,0.27303225,0.51492923,9.896221
1620,H,940180887442336,5.4926453,7.674408,-2.9458008
1631,H,1552947315668107,-0.18501282,3.5753784,8.489456
1626,H,598190046350219,6.88118,-1.837738,-7.018326
1642,H,1469909185121000,-2.0812721,6.0402393,7.822134
1618,H,198475223924337,-1.2969208,-0.46768188,9.116943
1648,H,461350052935000,0.25866213,0.5292993,9.915381
1624,H,517117107463881,6.214798,-5.4282837,-5.4223022
1617,H,266295571842770,-9.801315,-1.5198059,-0.94667053
1609,H,43082644358222,5.513565,-7.823761,-1.2929535
1627,H,441438860787454,1.5877228,-9.222168,1.7622223
1648,H,461352209035000,0.22752686,0.50774413,9.953702
1650,H,358499844969000,-7.8556643,-3.0895753,-4.0356083
1646,H,1465581113968000,-9.378897,-0.859812,1.1448194
1645,H,1131108348890000,8.452024,-3.0823903,-4.3373804
1633,H,692362208593816,-1.945816,-7.151764,-6.783951
1650,H,358504762180000,-8.3179035,-2.0501368,-3.9422023
1649,H,1164406283290005,7.6351094,0.724246,-6.7971387
1614,H,82926921741000,-2.8788135,9.522598,2.5147705
1604,H,17114595858310,5.6977234,4.0850677,5.970764
1610,H,16999625691012,8.47583,1.7088165,3.52948
1634,H,77226505613707,-4.9687347,-1.9331818,7.772476
1642,H,1469977340273000,-2.1243825,6.1073003,7.822134
1621,H,169117757224951,-3.9270895,8.483853,-3.3207579
1621,H,168978971984431,-3.6894648,8.637681,-2.943671
1625,H,706742976143261,-6.4121704,-6.0487366,3.8911896
1638,H,1138610807224476,-0.7173627,-7.790433,-5.8773165
1637,H,14742620610291,-2.0401592,-8.889222,2.9219735
1602,H,102032177432642,-1.7941437,-1.6502228,8.89415
1618,H,198470843125997,-1.3644104,-0.45713806,9.074341
1614,H,82920018172000,-2.914739,9.493857,2.2704787
1642,H,1469955213415000,-2.1411476,6.222261,7.8891945
1620,H,940208078592180,4.3241577,7.486267,-5.078766
1633,H,692385220374731,-1.7851105,-7.8369904,-6.249359
1642,H,1469890302687000,-2.196233,6.1144853,7.7550735
1629,H,605736996455604,-4.2727356,7.6246643,-5.28656
1616,H,194354247831817,-0.16920471,0.0041503906,9.160767
1634,H,77279880878832,-5.0844574,-1.8960571,7.6355286
1607,H,291430190906576,-2.7976246,4.1503487,-8.591593
1627,H,441402323915682,0.85354614,-9.401764,1.6852112
1616,H,194491089849982,-0.24311829,-0.04399109,9.088974
1627,H,441477734057736,1.3295593,-9.405685,1.2622681
1602,H,102035118106470,-1.8738861,-1.6406097,8.863678
1600,H,253714779747388,1.6964417,7.9323425,4.8643646
1623,H,3933278944423,3.640976,-2.3667145,-9.312515
1631,H,1553070985120290,-0.2719574,2.7971191,8.763641
1622,H,289582629691730,-8.245132,-5.4707184,-0.013595581
1603,H,11599012312528,8.87351,0.24241292,4.1611223
1600,H,253854109280496,1.6721191,7.8721466,4.9602356
1605,H,181851932414010,6.670246,-0.055066638,7.117962
1612,H,7135921660355,-9.413391,1.7074127,-3.4904175
1635,H,678250096510020,-6.423416,-3.3011475,6.133911
1619,H,170745387926649,-5.3660045,-2.7748797,7.574057
1635,H,678202421336100,-6.5641785,-3.3247223,6.0769653
1625,H,706788512951022,-6.446518,-5.991638,3.8848114
1645,H,1131109719063000,8.629255,-2.8452833,-4.2248144
1643,H,709635189432000,5.8510327,-2.2321582,-7.7071733
1640,H,171772555752775,-3.6822822,-8.417415,-3.235614
1614,H,82941896870000,-2.3806496,9.558523,2.8093581
1648,H,461226335188000,0.21794678,0.52690434,9.929751
1602,H,101998561086341,-1.8080292,-1.6834412,8.812561
1618,H,198491035073397,-1.323288,-0.48443604,9.036987
1619,H,170800334531525,-5.3145294,-2.7934349,7.5866265
1605,H,181810232932724,6.589442,-0.28491,7.1502833
1650,H,358560163393000,-8.480764,-1.8992506,-3.7170706
1620,H,940214322504801,4.4664917,7.554138,-4.715515
1645,H,1131181380446000,8.660391,-2.2345533,-4.4475513
1603,H,11566889691239,8.823831,-0.074818805,3.9618053
1601,H,267145647199074,-0.9816227,1.3587095,9.53012
1627,H,441544020067911,1.4109344,-9.16568,1.974884
1650,H,358525802302000,-8.375383,-2.047742,-3.9661524
1607,H,291478953621402,-4.293402,0.2813187,-8.99322
1602,H,102091413869191,-1.8197632,-1.779129,8.819077
1616,H,194414289954019,-0.17918396,0.023117065,9.171326
1600,H,253762062158838,1.7891998,7.6900635,5.0799255
1607,H,291459759469379,-3.934272,0.9648633,-9.042301
1620,H,940223809201020,4.3374176,7.5535126,-4.9190826
1600,H,253741316305182,1.6995544,7.7003784,5.163147
1649,H,1164388406649285,7.665635,0.6171055,-6.845621
1650,H,358550147380000,-8.435259,-1.8944606,-3.774551
1647,H,1220299662507416,4.505289,-4.1539397,-8.119935
1640,H,171800948606545,-8.061277,-5.3624134,-0.31947628
1602,H,102067747486900,-1.8955994,-1.689682,8.85849
1603,H,11458987326227,8.978256,0.33518824,3.8881836
1629,H,605792083710611,-5.6910095,3.553711,-7.850662
1610,H,17029183496757,8.475128,1.6877136,3.4277802
1602,H,101974874565175,-1.8576965,-1.5152435,8.9086
1643,H,709681665083000,5.8438478,-2.186653,-7.680828
1641,H,1219460073301000,9.599238,-0.47900394,-2.8500733
1617,H,266305642659440,-9.857864,-1.6055603,-0.9963684
1617,H,266210070748054,-9.444626,-3.0729828,-1.0315704
1602,H,102064524830650,-2.0239716,-1.6505585,8.834244
1647,H,1220287491770077,4.473566,-4.1383777,-8.227076
1630,H,1559414733601627,5.2657166,3.7036743,6.5019226
1635,H,678192008128541,-6.5707245,-3.3663025,6.027725
1605,H,181850056939359,6.6187706,-0.08499416,7.1730285
1650,H,358451054080000,-8.442444,-2.1459377,-4.5529323
1627,H,441383390807069,1.0467529,-9.334885,1.6312714
1628,H,1137971487670247,3.9430542,-5.9614716,5.87294
1640,H,171862235537975,-5.17387,-7.9385743,-2.7663505
1612,H,7205158407601,-9.403473,1.7064514,-3.5664063
1635,H,678214043058860,-6.475113,-3.3927002,6.080765
1642,H,1469820716145000,-2.0190015,6.0354495,7.585027
1614,H,82922471061000,-2.6441016,9.467513,2.7422974
1645,H,1131081042687000,8.499925,-2.7758276,-4.3325906
1646,H,1465564891528000,-9.524993,-0.5029541,1.2549903
1627,H,441401014711581,1.1480408,-8.707825,1.8273468
1619,H,170664023693243,-4.5914803,-4.9302597,6.96174
1609,H,43084708872382,5.4157867,-7.8858185,-1.4519958
1620,H,940323651099932,6.452469,7.0568695,-2.2720184
1643,H,709616264281000,5.7312818,-2.2225783,-7.7598634
1602,H,102002891537611,-1.7032928,-1.7285004,8.962967
1641,H,1219398159418000,9.635164,-0.8646021,-2.5004005
1633,H,692366387976141,-1.0914459,-8.268097,-5.439148
1644,H,1816982566972000,-0.1460962,-7.7359133,-0.8669971
1628,H,1138063585146651,4.0357513,-6.6349335,5.199936
1629,H,605807743822554,-5.7201843,3.4715118,-7.904907
1638,H,1138618503444476,-0.7197569,-8.070555,-5.4655137
1644,H,1816935227837000,-1.1567944,-8.873548,-2.454895
1629,H,605831208778039,-7.9992523,1.4339142,-6.3552094
1614,H,83026761166000,-3.283572,8.6627865,3.8679566
1616,H,194462508936390,-0.1870575,0.0023651123,9.172363
1629,H,605709553485831,-4.923813,6.865631,-5.834366
1630,H,1559384672245879,5.6922913,3.618637,6.2104187
1648,H,461236712117000,0.23950197,0.50774413,9.908196
1623,H,3943752574898,3.8571472,-1.8652802,-9.274384
1626,H,598201023538783,6.8187103,-1.8972168,-7.119171
1620,H,940175167227492,3.7399597,7.014847,-5.745819
1623,H,3976482689773,3.5940247,-2.342865,-9.30986
1623,H,4026584903833,3.4939117,-2.1390533,-9.389923
1637,H,14762217330251,-2.8230631,-6.8397856,6.379201
1635,H,678219400733557,-6.477356,-3.3229065,6.103668
1620,H,940257929069599,5.6223297,7.0602264,-3.9341125
1644,H,1816941979005000,-0.852627,-8.911868,-2.2369483
1607,H,291557484221059,-4.5076833,0.664391,-8.813056
1615,H,166626881522663,7.384613,0.12628174,-6.7653046
1635,H,678253802564707,-6.447571,-3.4527588,6.1378784
1618,H,198466311258703,-1.2878113,-0.47947693,9.09021
1644,H,1816959230087000,-0.5987549,-8.978929,-2.2177882
1620,H,940188923937099,6.390457,7.084091,-2.1227417
1630,H,1559448470763792,5.973999,3.5923615,5.9756775
1612,H,7203748495492,-9.410843,1.7170715,-3.565384
1603,H,11480736482625,8.968081,0.40342298,3.9025488
1630,H,1559358034975179,5.234909,3.561325,6.6351166
1620,H,940207252786516,4.3611298,7.428482,-5.150238
1635,H,678271446633031,-6.3896027,-3.4668884,6.1368713
1645,H,1131182993006000,9.400452,-2.7494826,-4.4403663
1625,H,706675211953028,-6.2577667,-6.000702,4.233597
1645,H,1131168079983000,8.595725,-2.5147705,-4.3014555
1605,H,181822922140430,6.7510505,-0.049081136,7.133524
1606,H,126947345467480,-9.143143,-0.19494629,-4.60701
1641,H,1219508649513000,9.333391,0.102985844,-3.6739602
1620,H,940185942980068,6.60437,6.891098,-1.6913605
1639,H,182736624381032,-7.6728177,-5.576395,1.9909283
1614,H,83054178673000,-3.906277,8.562195,3.8200562
1642,H,1469870270794000,-2.076482,6.1456203,7.831714
1601,H,267193731304108,-0.6901286,-0.22266077,9.668385
1602,H,102055702807224,-1.8786011,-1.7164764,8.86998
1621,H,168953832151003,-4.583101,8.759187,-2.9706059
1616,H,194326391993208,-0.22038269,0.05508423,9.185074
1646,H,1465661923744000,-9.407638,-0.80233157,0.42152345
1617,H,266324424681316,-9.834625,-1.5488739,-0.9791107
1625,H,706767649592906,-6.4079742,-6.0933533,3.8683777
1641,H,1219448770331000,9.580078,-0.4143384,-2.811753
1640,H,171810396481935,-2.207454,-9.037513,-2.4359505
1624,H,517171439439845,6.3941345,-5.157303,-5.4452515
1603,H,11562817003012,8.836999,0.38307226,4.2634745
1643,H,709654638234000,5.7696023,-2.2345533,-7.7215433
1635,H,678283632295617,-6.336029,-3.619934,6.190979
1620,H,940219720454019,6.6398926,6.8728027,-2.1400452
1648,H,461343806493000,0.25387207,0.49576905,9.912986
1629,H,605806686388472,-5.715683,3.5253754,-7.9361115
1604,H,17126932576968,6.0962524,4.3404694,5.739441
1612,H,7123081373594,-9.389816,1.7746277,-3.4497833
1650,H,358427152362000,-8.085587,-1.9830762,-4.4523416
1602,H,102081584758217,-1.7564392,-1.6996002,8.743042
1642,H,1469815134179000,-2.3327491,5.9564137,7.7526784
1623,H,4068227677961,3.2065277,-2.6395264,-9.327484
1649,H,1164276197969379,7.8487916,0.587178,-6.587646
1638,H,1138598168004416,-0.7389105,-8.240543,-5.077653
1606,H,126939389534863,-9.396088,0.8363037,-3.8630219
1643,H,709670842070000,5.9037232,-2.2441335,-7.664063
1603,H,11449212850033,8.98903,0.3573346,3.90614
1640,H,171729650572865,-6.6079965,-6.91625,-0.044143096
1628,H,1137992132803414,4.551178,-5.825531,5.5862274
1602,H,102104546194935,-2.1936035,-1.6321564,8.735687
1620,H,940286469704171,4.2656403,7.2285767,-5.482788
1608,H,43656941256322,7.2503204,4.4588165,3.781784
1623,H,4015355964791,3.4718018,-2.10112,-9.372528
1616,H,194485631477338,-0.16882324,0.041046143,9.117218
1640,H,171718704383685,-0.5722142,-9.796474,-2.2061071
1608,H,43730609158627,7.1666718,4.549347,3.870514
1605,H,181780624343933,6.5708866,-0.56682724,7.1790137
1648,H,461212593036000,0.24189699,0.5125342,9.932146
1600,H,253818005455805,1.8188171,7.305969,5.543213
1650,H,358470380940000,-8.334668,-1.8369801,-4.126619
1644,H,1816841354308000,-1.3388159,-8.782537,-1.951941
1625,H,706701601929842,-6.3287964,-5.78389,4.1963806
1643,H,709707321478000,5.855823,-2.2177882,-7.661668
1604,H,17216210242175,5.3550262,4.622238,5.8259583
1631,H,1552992231467455,0.3180542,3.4291077,8.495087
1645,H,1131129689864000,8.765772,-2.6656568,-4.8139896
1624,H,517200846169851,6.198288,-5.7060394,-5.0504303
1635,H,678137283411348,-6.748184,-3.7900696,5.4369507
1642,H,1469931997759000,-2.1770728,6.0019193,7.810159
1645,H,1131115281261000,8.808882,-2.543511,-4.4523416
1628,H,1138044198842755,3.9707184,-6.5984497,5.1500244
1644,H,1816971644420000,-0.5748047,-9.15137,-1.3771362
1650,H,358573142237000,-8.703502,-1.3244458,-3.551814
1644,H,1816834159837000,-1.3939015,-8.880733,-2.2585034
1636,H,503605192449622,-2.201126,-9.153168,2.014862
1604,H,17100798849294,5.69841,4.0787964,5.9949036
1629,H,605812779222944,-7.550888,1.18396,-6.897476
1613,H,176062745652073,1.472434,5.0703206,8.10557
1645,H,1131056578308000,8.028106,-3.5949244,-4.4523416
1610,H,17045045025621,8.3355255,1.6852417,3.7347412
1620,H,940310720212908,4.3246765,7.3604126,-5.2491302
1628,H,1138003915644434,4.509857,-5.8015137,5.5642395
1649,H,1164423798274114,7.699154,0.62488663,-6.793547
1650,H,358395975150000,-0.26105714,6.7300053,7.8341093
1605,H,181871843605619,6.6265516,-0.08619126,7.1329255
1617,H,266185800123300,-9.431686,-3.1741638,-0.8774872
1650,H,358482674379000,-7.767049,-2.8524685,-4.26553
1646,H,1465654003775000,-9.402847,-0.8167017,0.4239185
1634,H,77274744746998,-5.103607,-1.9128265,7.71904
1644,H,1816922289669000,-1.0562036,-8.976534,-2.323169
1626,H,598106106239592,6.4946594,-2.605484,-7.1295166
1620,H,940283106056710,4.71669,7.5206146,-4.5433807
1639,H,182652088961092,-8.418162,-3.3909378,3.8126166
1650,H,358484629309000,-8.602911,-2.3447242,-4.9385304
1613,H,176038005318118,1.4784195,5.0984526,8.098388
1622,H,289448637676031,-8.143234,-5.570801,0.4759674
1643,H,709715786155000,5.8749833,-2.2345533,-7.6425076
1605,H,181774159915813,6.551733,-0.39324763,7.2047515
1609,H,43238993521904,7.6693573,-5.692154,-0.8348694
1602,H,102050949389255,-1.8680115,-1.6790771,8.909225
1636,H,503568786488653,-2.260849,-9.105087,2.0693207
1635,H,678162259009057,-6.558014,-3.3882751,6.036331
1601,H,267161408875164,-1.2162545,1.1097125,9.514558
1644,H,1816829604617000,0.96040285,-9.127419,-2.672842
1646,H,1465611160920000,-9.364527,-0.94603276,0.51492923
1639,H,182562323254602,-1.889474,-8.121431,4.469675
1616,H,194453807772204,-0.21763611,0.07385254,9.19104
1649,H,1164410552933911,7.674015,0.664391,-6.835446
1637,H,14665534221571,-4.3505635,-8.781483,0.93239194
1629,H,605691224662606,-4.654114,7.142517,-5.6202087
1646,H,1465616964642000,-9.386082,-1.0490186,0.2921924
1602,H,101958821692145,-1.914505,-1.5616302,8.858002
1641,H,1219431564200000,9.673484,-0.4622388,-2.4932153
1640,H,171870733487875,-5.461174,-7.2753806,-2.641852
1603,H,11426666785095,9.032724,0.37828386,3.840898
1620,H,940242762435462,4.4181824,7.333969,-5.2612
1615,H,166536042875775,7.4662323,0.28707886,-6.621414
1642,H,1469821300442000,-2.064507,5.2115626,8.111932
1604,H,17244207059950,5.693527,4.333481,5.781723
1608,H,43686801164319,7.263733,4.3539276,3.927948
1614,H,82991727475000,-2.339934,9.479487,3.0536501
1607,H,291547029624241,-4.3981485,0.5793968,-8.885481
1643,H,709671728772000,5.831873,-2.1435425,-7.7287283
1629,H,605831712318078,-7.9488983,1.3982086,-6.432617
1620,H,940253578483661,4.4563446,7.2891235,-5.2064514
1613,H,176119369291009,1.3317747,5.1648917,8.1343
1600,H,253754257284492,1.3922272,8.194092,4.755966
1614,H,83020173683000,-3.908672,8.710687,3.5494192
1642,H,1469868820171000,-1.9232007,6.2797413,7.606582
1620,H,940258956291278,7.237091,6.418274,-1.3297882
1600,H,253884523097906,1.8083191,7.638611,5.1739197
1623,H,4086002648745,3.5166473,-2.2369232,-9.274399
1642,H,1469850743249000,-2.1674929,6.085745,7.776629
1638,H,1138627600559026,-7.3876085,-5.7793036,-0.8087913
1602,H,101991229543373,-1.7868805,-1.5610199,8.918747
1635,H,678290681842787,-6.4582367,-3.394577,6.1076508
1602,H,101985227359148,-1.7545776,-1.3638,8.8564
1616,H,194500455695535,-0.17591858,0.024002075,9.169632
1613,H,176084532086336,1.5304934,5.133767,8.08462
1645,H,1131163867950000,8.504715,-2.6536818,-4.392466
1648,H,461343645169000,0.28740236,0.49097902,9.903406
1637,H,14725172428211,-2.1838112,-8.283489,4.3584948
1602,H,101978036796620,-1.8343506,-1.4057465,8.897263
1602,H,102109057913685,-1.6328278,-0.5092621,9.226685
1629,H,605831813026086,-7.9439545,1.4000397,-6.4511414
1614,H,82964329560000,-2.5459058,9.467513,2.9410841
1635,H,678234627770538,-6.439453,-3.4770355,6.129471
1646,H,1465664644200000,-9.410032,-0.8430469,0.44307864
1620,H,940308504636736,4.1861115,7.220886,-5.6847076
1645,H,1131061071853000,9.342972,-5.158872,-5.012776
1640,H,171894329664095,-1.1444284,-5.755062,6.7506013
1647,H,1220295193773303,4.39755,-4.2042184,-8.1319065
1606,H,126800160695368,-10.051514,0.24040222,-1.2083893
1627,H,441383773497499,1.1006317,-9.350998,1.6807861
1612,H,7121570753477,-9.396927,1.7708588,-3.5372467
1602,H,102033587344752,-1.8368073,-1.6215668,8.91394
1620,H,940193314820780,6.7333527,6.75589,-1.8551025
1647,H,1220380307008896,4.3329067,-4.8823757,-7.650073
1622,H,289591240235562,-8.333618,-5.212097,0.27101135
1627,H,441423935863263,1.4364624,-9.189941,1.9460602
1619,H,170829584066148,-5.333683,-2.8245595,7.5566993
1622,H,289612691043474,-8.361343,-5.358368,0.1433258
1637,H,14716724428901,-2.2700026,-10.088717,0.7647978
1646,H,1465680121007000,-9.374106,-0.847837,0.21555176
1616,H,194432336803249,-0.19903564,0.040145874,9.2655945
1619,H,170821563319901,-5.3324857,-2.8892028,7.521983
1614,H,82927634115000,-2.9051588,9.472302,2.5267458
1600,H,253799575887153,2.0091858,7.662216,5.1410065
1613,H,176131739487620,1.271321,5.1601033,8.115147
1614,H,83063199245000,-3.9901028,8.57417,3.6739602
1643,H,709661571105000,5.7648125,-2.1650977,-7.668853
1609,H,43147550673172,7.2456207,-5.9838715,-2.7492523
1648,H,461198387251000,0.22752686,0.55324954,9.970467
1643,H,709667355700000,5.7839723,-2.189048,-7.726333
1602,H,102076871649992,-1.6917572,-1.8164825,8.884216
1642,H,1469910313601000,-2.0405567,6.0833497,7.8365045
1609,H,43194430232636,6.877823,-6.45697,-2.3153534
1614,H,83057165743000,-3.8535867,8.784932,3.4440382
1613,H,176091995182895,1.3341689,5.1601033,8.141483
1650,H,358423544849000,-8.073611,-2.1603076,-4.358936
1607,H,291540046513045,-4.378995,1.264737,-8.860941
1607,H,291556446985644,-4.233547,1.0923545,-8.856153
1605,H,181857598764999,6.6056023,-0.10474633,7.1502833
1609,H,43211097403362,6.2161407,-7.318405,-1.0827179
1601,H,267082319667745,-1.0839748,1.2659341,9.528324
1645,H,1131206046555000,8.897498,-2.3782544,-4.3301954
1638,H,1138720482828906,-4.569633,-7.9484506,-3.277213
1624,H,517051496200841,6.2342224,-5.4349976,-5.3315735
1616,H,194473667372203,-0.19699097,0.07312012,9.182404
1601,H,267170946260056,-0.8230068,-0.20709845,9.648034
1629,H,605790321320474,-5.694412,3.6016998,-7.8908234
1604,H,17202211805405,5.5258484,4.618286,5.813278
1642,H,1469868457360000,-2.0309765,5.822293,8.023315
1643,H,709727032157000,5.8677983,-2.2537134,-7.656878
1642,H,1469900418809000,-1.961521,6.05461,7.7574687
1620,H,940169849840192,5.013611,8.759537,-2.0864868
1648,H,461234636969000,0.22273682,0.57001466,9.841136
1635,H,678181433795670,-6.539734,-3.3430176,6.015625
1611,H,1486456995603,9.337418,0.92866516,-2.2811584
1636,H,503630319091648,-2.000183,-9.197006,1.9424286
1638,H,1138667341310916,-9.5136595,-2.3747487,-1.0817302
1636,H,503603581121497,-2.2902222,-9.111694,2.0921326
1627,H,441508872995694,1.5271912,-9.490189,1.8123016
1641,H,1219539656979000,9.223221,0.07903565,-3.9134622
1645,H,1131094544675000,8.499925,-2.7614577,-4.3134303
1605,H,181789881991066,6.6265516,-0.22804771,7.1287355
1622,H,289463139638850,-8.169113,-5.5534515,0.42807007
1617,H,266327143797527,-9.858078,-1.6037598,-0.9985962
1648,H,461351886636000,0.20118165,0.5245093,9.946517
1639,H,182581817777842,-2.4401405,-9.172486,3.5096004
1605,H,181757879182123,6.600814,-0.3800795,7.149685
1619,H,170730343747644,-5.363012,-2.700061,7.6213427
1633,H,692374646019926,-0.8728943,-8.269882,-5.578476
1628,H,1138048126449497,3.9700928,-6.7099,5.023819
1647,H,1220393195406704,4.3676224,-4.663905,-7.876325
1621,H,168961812948813,-2.7048495,8.91062,-2.4881742
1629,H,605821893307211,-7.8100433,1.2765961,-6.6314087
1622,H,289579104911457,-8.326721,-5.2986298,0.1882019
1626,H,598082137715842,6.696991,-2.3833008,-7.003006
1646,H,1465546271005000,-9.407638,-0.9508228,0.42152345
1605,H,181781502173101,6.719327,-0.39444473,7.053917
1626,H,598158575114038,6.812805,-1.9273987,-7.080826
1629,H,605794047516763,-5.7156525,3.5955505,-7.8237762
1610,H,16891364584437,8.35376,2.481247,3.3966827
1609,H,43088888254706,5.5154114,-7.4750824,-1.0569458
1646,H,1465674821072000,-9.424402,-0.90771246,0.30416748
1616,H,194468974379039,-0.17774963,0.021621704,9.096603
1644,H,1816818781729000,-1.4034815,-9.10347,-2.059717
1628,H,1138052507247837,3.9927368,-6.648819,5.0936127
1624,H,517152103502605,6.481308,-4.9853516,-5.5546417
1642,H,1469858864613000,-2.0860622,6.2581863,7.6257424
1642,H,1469834984018000,-2.1746778,6.246211,7.6496925
1640,H,171747319804335,-1.934515,-8.702325,-4.4782047
1639,H,182681333509682,-2.4925137,-8.308329,4.1805754
1622,H,289487259215044,-8.123489,-5.5736694,0.42721558
1609,H,43187531745922,6.298538,-7.147415,-2.333786
1641,H,1219532242394000,9.263936,0.17962648,-3.8344264
1611,H,1433182461489,9.344269,0.9375305,-2.1911469
1644,H,1816979161557000,-0.9508228,-9.012459,-2.1579127
1646,H,1465559551222000,-9.139395,-0.41912845,1.9950514
1602,H,102028954756385,-1.8390198,-1.6586609,8.829971
1607,H,291419057926945,-2.9987376,4.109049,-8.504205
1620,H,940188944078701,6.316086,7.119873,-2.2493591
1645,H,1131178216455000,7.824529,-2.1100123,-4.0427933
1624,H,517146262438152,6.3569946,-5.266388,-5.3955994
1648,H,461366575505000,0.23710695,0.51971924,9.956097
1629,H,605776675385920,-5.677719,3.6543427,-7.85437
1622,H,289448083781988,-8.134689,-5.573059,0.5053406
1635,H,678151664527749,-6.6473846,-3.595993,6.0160065
1604,H,17215807410144,5.412979,4.565048,5.8252563
1617,H,266319087156902,-9.838165,-1.5327301,-1.0587921
1614,H,83085394222000,-4.1170387,8.624466,3.5110989
1648,H,461310015863000,0.24668702,0.51492923,9.932146
1620,H,940154663063821,6.576523,1.4505615,-3.0454254
1611,H,1462236713897,9.28154,0.9406891,-2.2623749
1626,H,598162200602319,6.8536224,-1.8752289,-7.0133514
1616,H,194500576545144,-0.19993591,0.027954102,9.137512
1648,H,461239089740000,0.244292,0.5245093,9.936936
1630,H,1559476920799097,5.913376,3.6301575,6.0630646
1603,H,11518645589955,8.925584,0.17417817,4.0653543
1648,H,461303507642000,0.24189699,0.5005591,9.924961
1608,H,43696922334488,7.3363647,4.2560883,3.9161072
1641,H,1219474377874000,9.7142,-0.24908204,-2.459685
1644,H,1816973538834000,-1.3795313,-9.484278,-2.1339624
1613,H,176017373018445,1.4371196,5.115212,8.147469
1616,H,194437251354030,-0.050476074,0.27581787,9.679459
1607,H,291518618105813,-4.783615,1.4137762,-8.7532015
1626,H,598121766321054,6.5596466,-2.633133,-7.038742
1639,H,182645839455422,-8.130858,-4.6263456,3.1518168
1620,H,940270134871666,4.1288605,7.2159576,-5.649109
1643,H,709690150099000,5.853428,-2.2321582,-7.695198
1646,H,1465581597530000,-9.431587,-0.69695073,0.974773
1642,H,1469927302238000,-2.0261867,6.1599903,7.776629
1650,H,358466612175000,-8.442444,-1.6836988,-3.911067
1625,H,706673963173731,-6.223648,-5.9015045,4.2674103
1637,H,14700277209121,-2.7703907,-9.047239,2.416797
1647,H,1220329550031780,4.509479,-4.080917,-8.233061
1646,H,1465521543999000,-9.342972,-0.5724097,0.13891114
1650,H,358441541886000,-8.243657,-1.9040406,-4.2008643
1642,H,1469940018323000,-2.1507277,6.0522146,7.8484793
1604,H,17195816846909,5.456726,4.579788,5.8854675
1650,H,358403148394000,-7.180269,-4.3086405,-4.0906935
1622,H,289517622665819,-8.19957,-5.5508575,0.30889893
1643,H,709629828425000,5.7911572,-2.208208,-7.7550735
1647,H,1220319255407722,4.5058875,-4.325724,-7.9691005
1629,H,605709452777824,-4.96727,6.8051453,-5.829361
1614,H,83090794501000,-3.4440382,8.54064,4.485872
1621,H,169093336644179,-3.654749,8.343194,-3.603872
1635,H,678130394967925,-6.6453094,-3.9006805,5.6389313
1646,H,1465661762553000,-9.393267,-0.8262818,0.4047583
1642,H,1469866643777000,-2.184258,6.104905,7.91075
1632,H,3481248738720,-3.6851807,-1.4133759,8.444473
1639,H,182562571732352,-2.3204303,-8.00651,4.0291424
1642,H,1469861101475000,-2.0860622,6.133645,7.800579
1629,H,605851954642600,-7.913025,1.2814026,-6.551056
1645,H,1131036223298000,8.370594,-2.3830445,-4.756509
1629,H,605838207984413,-7.935272,1.2773438,-6.50885
1602,H,102032902530298,-1.8352356,-1.6699219,8.880325
1602,H,101995358571693,-1.6688995,-1.9499207,8.893234
1614,H,82930463010000,-2.7327175,9.472302,2.6441016
1608,H,43793199168056,7.2463074,4.2885895,3.9642944
1639,H,182706527960202,-8.681525,-3.563021,2.9595325
1628,H,1137884123463272,3.2895966,-6.5727234,5.532242
1647,H,1220394113672745,4.338892,-4.663905,-7.867347
1613,H,176148257797979,1.4796166,5.0451818,8.116942
1600,H,253752746664375,1.4953003,7.620987,5.3499756
1629,H,605754821773497,-5.536392,3.586914,-7.978592
1642,H,1469835991622000,-2.083667,6.222261,7.7454934
1640,H,171824843021865,-4.084508,-8.0367365,-4.1310453
1641,H,1219477077724000,9.671089,-0.2706372,-2.6345215
1644,H,1816830068212000,-0.5125342,-8.626861,-2.938689
1608,H,43750196842414,7.1407776,4.4926605,3.9765472
1627,H,441401739809237,0.7772064,-9.2267,1.7207947
1616,H,194373946294585,-0.21351624,0.028533936,9.160187
1638,H,1138616854144236,-1.979107,-9.550171,-4.615572
1635,H,678233499840850,-6.4366302,-3.430542,6.108429
1627,H,441432355053226,1.5458221,-9.224731,1.645401
1634,H,77259386792689,-5.0112,-1.8647461,7.712906
1624,H,517141126326419,6.360443,-5.33049,-5.383484
1650,H,358486120715000,-8.315508,-1.8034497,-4.0427933
1635,H,678155551856851,-6.498581,-3.3858643,6.030899
1647,H,1220419691929193,4.4304705,-4.97156,-8.001422
1629,H,605826727271691,-7.8170624,1.2689514,-6.6278687
1646,H,1465534824396000,-9.371712,-0.89573735,0.43589357
1633,H,692275247220202,-2.27919,-8.936844,-3.9992218
1617,H,266300506551042,-9.8185425,-1.5443268,-0.89131165
1616,H,194488632574592,-0.16267395,0.020721436,9.097946
1637,H,14670533116861,-1.3075334,-6.289119,7.4565916
1606,H,126857967112144,-9.920685,0.38497925,-1.2391968
1641,H,1219403478293000,9.639954,-0.8310718,-2.440525
1626,H,598199714334681,6.815872,-1.872818,-7.0664063
1637,H,14713525072431,-2.0832548,-9.595511,0.6331167
1642,H,1469968312057000,-2.335144,5.5157304,8.073611
1616,H,194399022616378,-0.1628418,0.022567749,9.169159
1646,H,1465556347038000,-9.390872,-1.0202783,0.3879932
1610,H,16899169480913,8.325043,2.492035,3.408493
1644,H,1816950241597000,-0.6562354,-8.947793,-2.2608986
1647,H,1220312231977828,4.5459905,-4.281431,-7.9553337
1646,H,1465545404275000,-9.390872,-1.0130934,0.34727785
1619,H,170756123692947,-5.373187,-2.6743233,7.575254
1624,H,517155980753354,6.5084686,-4.9248505,-5.5710297
1610,H,16964680019292,8.4592285,1.5416718,3.5615234
1623,H,3927437875598,3.7371368,-2.4011688,-9.157211
1616,H,194392456437484,-0.22366333,0.03567505,9.476868
1624,H,517104116122441,6.3234406,-5.323242,-5.3870697
1619,H,170680745554433,-4.8787847,-4.14975,7.2382703
1636,H,503556097300445,-2.5339966,-9.054443,1.8966064
1643,H,709776611855000,5.870193,-2.215393,-7.6233473
1600,H,253781045636303,1.6938019,8.0125885,4.6705017
1618,H,198538317471457,-1.446701,-1.0980988,9.061218
1625,H,706726241810984,-6.4113464,-6.020035,3.9520874
1645,H,1131106676117000,8.794512,-2.555486,-4.2439747
1637,H,14776414724001,-1.6379333,-9.444676,2.4814403
1616,H,194456970003650,-0.16149902,-0.02293396,9.130203
1641,H,1219531295407000,9.311836,0.16286133,-3.788921
1647,H,1220367936917443,4.1958385,-4.4801497,-7.8847046
1634,H,77377366222608,-5.116562,-1.8897705,7.642746
1641,H,1219536554293000,9.268726,0.14849122,-3.8272414
1627,H,441414690854606,0.1065979,-9.356537,1.9693298
1632,H,3319763447566,5.863678,-5.4588013,-5.980484
1616,H,194485792610150,-0.16708374,0.028564453,9.151321
1608,H,43630303970484,5.756256,4.3823853,5.740448
1617,H,266279609615586,-9.672974,-2.0315704,-1.7156525
1638,H,1138583096495836,-1.3661914,-9.052177,-2.4751556
1650,H,358554702113000,-8.4304695,-1.9950514,-3.7386258
1644,H,1816936779501000,-0.76161623,-8.935819,-2.3543043
1641,H,1219490818907000,9.175321,-1.0202783,-2.5147705
1645,H,1131204192623000,8.617281,-2.5866213,-4.28948
1625,H,706755648552838,-6.274414,-5.751129,3.8838959
1644,H,1816882366373000,-0.728086,-9.14179,-0.38559815
1631,H,1553032413947925,0.21809387,3.2228088,8.62915
1621,H,168955268695065,-3.1872811,8.532935,-2.9831753
1643,H,709675275928000,5.8845634,-2.186653,-7.6496925
1650,H,358553835577000,-8.363408,-2.1171973,-3.767366
1600,H,253873143100238,1.979187,7.5923004,5.1545715
1620,H,940259056999286,7.1923523,6.764221,-1.3656616
1642,H,1469859368421000,-1.8441651,6.215076,7.7550735
1633,H,692305157490563,-2.2978516,-9.145523,-2.9067078
1647,H,1220278313956956,4.345476,-4.0539823,-8.185776
1643,H,709746461028000,5.8677983,-2.2872438,-7.683223
1645,H,1131092811638000,8.495134,-2.7710378,-4.3541455
1602,H,102089903239662,-1.7889252,-1.6929474,8.938034
1635,H,678293642658217,-6.4836884,-3.4230652,6.0891266
1620,H,940164089342145,2.4441376,9.4339905,-0.9278412
1618,H,198508709316889,-1.3508301,-0.69525146,9.058792
1611,H,1429657681216,9.340073,0.95422363,-2.1981812
1606,H,126928261296382,-9.50415,0.8690033,-3.6251373
1631,H,1552985030844896,0.23295593,3.461319,8.508926
1650,H,358535596864000,-8.468789,-1.8202149,-3.8272414
1611,H,1509418428668,9.336533,0.943573,-2.3203125
1641,H,1219519892166000,9.412427,0.0071850587,-3.767366
1620,H,940326873756182,3.9480133,7.266632,-5.615341
1612,H,7173938930649,-9.397858,1.6915436,-3.6707153
1618,H,198493301003572,-1.322937,-0.44781494,9.038391
1614,H,83051270769000,-3.666775,8.693921,3.9565725
1642,H,1469946527385000,-2.1339624,6.09293,8.066426
1628,H,1137917407444949,3.9861298,-5.996475,5.806015
1602,H,101951590857184,-1.8486938,-1.4621124,8.934891
1649,H,1164373480165280,7.663241,0.6584055,-6.819285
1612,H,7171119098783,-9.361954,1.7014923,-3.6488342
1641,H,1219551241770000,9.309442,0.014370117,-3.7529957
1612,H,7279732681962,-9.431656,1.7174683,-3.4485168
1606,H,126892409240732,-9.690567,0.22662354,-2.5175018
1635,H,678250156934825,-6.41362,-3.4231567,6.146652
1602,H,101991430959388,-1.686142,-1.5691833,8.924301
1613,H,175989522100486,1.6879122,5.204396,7.9996266
1639,H,182565955062712,-8.44001,-3.4240077,3.7609916
1625,H,706709708919455,-6.395996,-5.887329,4.094742
1624,H,517174611715193,6.294159,-5.218231,-5.598984
1638,H,1138633898696886,-0.49230772,-7.70903,-5.9970264
1638,H,1138658342964906,-1.2345103,-7.187094,-6.2484174
1608,H,43717114270717,7.213028,4.3191376,3.9668121
1627,H,441425345775372,1.5364075,-9.228012,1.8520813
1614,H,83017582216000,-3.8080812,8.710687,3.7266505
1650,H,358564617434000,-8.272398,-1.4082716,-4.0523734
1642,H,1469872467440000,-2.066902,6.090535,7.7574687
1634,H,77287585043376,-5.087311,-1.9361115,7.7417297
1641,H,1219393787311000,9.635164,-0.80712163,-2.4980054
1618,H,198593001922453,-1.5523834,-0.91197205,9.009888
1630,H,1559476115135034,5.959137,3.5997314,6.0042267
1629,H,605691828910652,-4.5791473,7.3203125,-5.3889313
1648,H,461294319844000,0.22992188,0.50774413,9.934542
1642,H,1469826157220000,-2.1603076,6.1073003,7.7718387
1620,H,940154985329446,7.7517395,4.040802,-2.9954376
1625,H,706742925789257,-6.4184723,-6.0565186,3.8908386
1623,H,4043151383568,3.5508423,-2.1803284,-9.331879
1607,H,291539687324348,-4.337695,1.2413936,-8.79091
1622,H,289539274881425,-8.257095,-5.372177,0.20991516
1630,H,1559457030964048,5.9304504,3.6217346,5.966278
1616,H,194499247199441,-0.20318604,0.02368164,9.144867
1605,H,181817615149390,6.6002154,-0.23523031,7.20116
1646,H,1465608319030000,-9.431587,-0.9268726,0.5340894
1643,H,709641356438000,5.8198977,-2.2225783,-7.7694435
1631,H,1552979542233763,0.09791565,3.3959808,8.513977
1627,H,441542932421427,1.3136292,-9.152969,2.0730896
1626,H,598109681373869,6.472885,-2.6178284,-7.097595
1620,H,940253719474872,4.443756,7.2823486,-5.1905518
1641,H,1219522660255000,9.295072,0.11496094,-3.8176613
1618,H,198448586637196,-1.5322113,-0.49412537,9.038284
1639,H,182717476465582,-7.9752355,-0.18001404,2.4112604
1604,H,17125975850894,5.739975,4.1632843,5.9180756
1643,H,709704379050000,5.8127127,-2.2608986,-7.699988
1641,H,1219452739459000,9.584868,-0.45744875,-2.8883936
1619,H,170710871372807,-5.379173,-2.6803088,7.6243353
1611,H,1599652803413,9.353195,0.98124695,-2.3096008
1618,H,198450349026734,-1.6006622,-0.61460876,9.05127
1616,H,194327801905317,-0.20420837,0.022735596,9.191818
1632,H,3377116680981,-3.0163116,-1.1690674,8.662827
1642,H,1469981834523000,-2.0980372,5.982759,7.8820095
1649,H,1164435252897442,7.744644,0.6314707,-6.7013707
1647,H,1220415182637111,4.7255554,-4.1683054,-7.8529816
1629,H,605844300818886,-7.6871796,1.2640991,-6.8103943
1645,H,1131048980540000,8.186177,-2.7710378,-4.718189
1620,H,940229287716645,4.299286,7.483322,-5.004944
1645,H,1131122717522000,8.6077,-2.7470875,-4.3637257
1636,H,503482731495583,-3.0213318,-8.8220825,2.383484
1624,H,517171590501857,6.405731,-5.177597,-5.538025
1616,H,194486839973432,-0.16479492,0.0332489,9.16922
1630,H,1559425559710510,5.7612915,3.6714478,6.2549896
1627,H,441488952951975,0.50457764,-9.37709,1.6313019
1647,H,1220422444986849,3.6523547,-4.64535,-8.298902
1625,H,706714123287131,-6.5190277,-5.93219,4.1323395
1620,H,940176295157180,7.180252,6.6500397,-1.092102
1622,G,290941281406644,-6.340988,-7.198456,1.7236481
1608,G,47953948788783,3.2364655,9.065247,0.9414673
1629,G,604995936567551,-4.2899933,3.9375153,-8.619644
1642,G,1469628251306000,-4.4762917,3.0344899,8.322693
1623,G,1485340059053,-1.0455322,-9.63942,-1.0275879
1622,G,291026983937388,-6.3539124,-7.235199,1.5774078
1645,G,1130014160346000,8.665181,-2.43813,-4.497847
1626,G,597066839935770,-6.7579346,-0.8807373,-7.7846527
1613,G,175724939400431,1.4155718,3.5996823,8.774749
1623,G,1547859579064,-1.2880402,-9.662048,-0.9912567
1624,G,516701865690290,5.978546,-5.470581,-5.792099
1635,G,679894275600664,8.208252,-2.828949,-4.462219
1630,G,1558130253311577,7.652893,0.42936707,-6.2839813
1615,G,168368425081665,-3.7536926,-9.098312,-0.42573547
1644,G,1816320946482000,2.083667,-8.878338,2.318379
1630,G,1558175974747371,7.7255554,0.92570496,-6.115036
1635,G,679957923055007,8.235184,-1.8357086,-5.072281
1614,G,84613384201000,4.897815,6.1959157,6.4905033
1624,G,516740789337216,6.0740204,-5.2705536,-5.7345886
1639,G,183550264198108,-9.184457,0.2641104,3.2082303
1629,G,605003489668137,-4.271118,4.130081,-8.451691
1614,G,84598231164000,4.988826,6.3994923,6.2941117
1616,G,196341720345269,-8.79361,-3.9338837,1.718399
1636,G,502782760481118,-0.14016724,-9.389618,1.9325867
1643,G,708667489350000,5.398374,-1.477727,-8.171807
1623,G,1596360561707,-1.4241333,-9.6983795,-0.7980499
1603,G,12201546095482,7.331644,-0.8559271,6.4350157
1645,G,1129980023188000,8.265213,-3.0752053,-4.718189
1650,G,357793556244000,-8.183782,-3.1997461,-2.6536818
1645,G,1130053112838000,8.856783,-2.1076174,-3.903882
1610,G,18055045637710,8.597412,2.9379425,2.4057465
1620,G,941200274056290,2.2995758,9.4370575,-1.6048737
1620,G,941179024655408,2.7200165,9.378555,-1.302124
1623,G,1558413775720,-1.1862488,-9.601105,-0.9167633
1620,G,941202066658829,2.3248444,9.395218,-1.6455536
1650,G,357848591757000,-8.425679,-2.9985645,-2.3614893
1610,G,18166982567606,8.001114,3.0531464,3.552185
1608,G,48013719003486,4.143112,8.56517,0.8303833
1646,G,1465461587545000,-9.091495,-1.705254,-1.5711329
1623,G,1500325409445,-1.003128,-9.604324,-1.0709991
1622,G,291006489864740,-6.3426514,-7.210724,1.6911316
1635,G,679989041836871,9.182526,-1.7316895,-2.255661
1609,G,41053327638929,5.811661,-7.4233704,1.1513214
1629,G,604900314322627,-4.085434,6.1358337,-7.187805
1630,G,1558051398936169,8.17189,0.7960205,-5.4473724
1619,G,172736599151527,-4.4155064,-3.3237505,7.996035
1644,G,1816184250978000,2.2225783,-9.096285,1.0322535
1642,G,1469616280991000,-4.598438,3.7697608,8.241262
1634,G,76279246098920,4.4499207,-3.0214996,-8.43103
1630,G,1558100896916679,7.732239,0.6543884,-6.1820984
1629,G,604917384328437,-4.6379395,3.7541199,-8.442459
1638,G,1138832722238258,-5.340566,-5.056255,7.42008
1618,G,198742049780481,-2.1030273,-0.93359375,8.934433
1631,G,1552328867798159,-2.6262817,1.3475952,8.739441
1648,G,462250736347000,9.6686945,-1.1831397,-1.961521
1615,G,168414146512829,-4.474228,-8.724609,-2.2359009
1642,G,1469596975859000,-5.110972,4.26553,8.760982
1616,G,196459145894325,-8.277176,-4.4473724,2.4409943
1620,G,941218844570271,2.5544891,9.423691,-0.73165894
1608,G,48065684305647,1.2765808,9.607239,-1.4973297
1602,G,102679508354383,0.45291138,-0.69670105,9.06839
1646,G,1465324655154000,-6.07856,-3.8080812,6.75156
1605,G,182657197118949,2.1350293,-0.9343372,9.502586
1642,G,1469590466539000,-3.803291,3.0656252,8.085587
1625,G,706016390227722,-6.6136475,-4.984497,4.8714294
1614,G,84581377574000,5.149292,6.2581863,6.368357
1635,G,679893268520586,8.237976,-2.9230804,-4.438568
1644,G,1816322437737000,2.069297,-8.818462,2.2345533
1635,G,680044431251630,9.482361,-1.2608337,-1.0435486
1638,G,1138773454591878,-7.3971853,-6.993164,4.432116
1644,G,1816287493278000,2.184258,-8.945398,1.5639478
1617,G,268332534724194,-8.062485,-3.474945,4.1385345
1605,G,182489999541409,2.208651,-0.3184288,13.026253
1623,G,1449467858823,-1.3603668,-9.660431,-0.8577118
1619,G,172786559567706,-3.774459,0.25498247,8.950125
1630,G,1558196418469310,9.432297,0.19093323,2.764618
1638,G,1138836621471238,-8.872014,-5.8487353,-7.948301
1626,G,597146117285599,-6.9744415,-0.22149658,-7.6533966
1644,G,1816270061347000,2.0980372,-9.022039,1.5591577
1609,G,40918731374817,8.339676,-2.6466522,-4.27388
1615,G,168353973477225,-3.9417877,-9.092331,-0.48901367
1605,G,182528505322800,1.9955671,-0.94570965,9.506178
1614,G,84611188538000,5.1780324,6.2821364,6.2821364
1628,G,1136931617050983,-5.299225,-3.6031952,-8.152145
1619,G,172824267784931,-3.5488055,0.2861071,8.914211
1602,G,102769239190561,0.511322,-0.85717773,9.046448
1642,G,1469748779639000,-4.478687,2.9458742,8.253238
1623,G,1433837956579,-2.353531,-9.641556,-0.26553345
1620,G,941236105964970,2.538559,9.391922,-1.3969727
1648,G,462115920710000,9.759705,-1.5112574,-0.81191164
1605,G,182608713974854,2.1033063,-0.92296475,9.431957
1621,G,169970163254422,-1.1085154,8.812458,-4.047398
1635,G,680032849824489,9.186218,-2.0138092,-2.2108765
1604,G,17681330171325,4.222748,5.7818146,5.964905
1620,G,941075516961248,2.078125,9.462387,-1.1737518
1644,G,1816246906062000,2.3016138,-9.065149,0.5556446
1650,G,357894699540000,-8.502319,-2.8931837,-1.6334034
1623,G,1571042554143,-1.0892639,-9.653091,-0.9487152
1613,G,175574222437416,1.553837,3.6739025,8.795698
1614,G,84482191423000,5.1756372,6.217471,6.349197
1632,G,3961777009540,3.5557404,-5.101532,-7.973236
1612,G,5512558927695,-6.207489,-7.564789,-1.7189331
1615,G,168386300755182,-3.4225311,-9.073151,-0.40081787
1649,G,1163252817245828,8.817844,3.3345244,-4.0156746
1628,G,1136852098023507,-5.1755066,-3.550827,-8.223038
1641,G,1216841735684000,7.3838453,-2.938689,-5.8821683
1615,G,168282974324730,-3.7483215,-9.093582,0.06588745
1600,G,254333328327607,5.0900116,3.817566,6.6036987
1639,G,183500808390258,-9.931448,-1.0479121,-0.45729253
1632,G,3921393117800,3.7225952,-5.070404,-8.023041
1621,G,169999971291910,-5.391742,6.9126587,-2.8975825
1615,G,168418023771130,-3.8483276,-8.873627,-2.220581
1650,G,357805103335000,-8.461604,-2.8859987,-2.4788454
1602,G,102796682130588,0.43511963,-0.86509705,9.093079
1634,G,76231963695284,4.6256104,-3.1091156,-8.434479
1618,G,198660476294129,-2.101654,-0.8588104,8.91893
1643,G,708539732832000,5.4989653,-1.6262183,-8.066426
1621,G,169991671542018,-5.981314,6.8641763,-3.6733038
1644,G,1816224053029000,2.304009,-9.067544,0.6849756
1604,G,17714916274550,4.1666107,5.8170166,5.857773
1627,G,440367405739731,-7.07959,-6.9300385,-1.6658783
1603,G,12259007756239,6.2404866,-2.1637597,7.2209125
1628,G,1136843094724490,-5.3267517,-3.5006409,-8.150391
1613,G,175704668493930,1.6184803,3.6242228,8.734647
1618,G,198817329019635,-2.1087952,-0.8045807,8.954651
1645,G,1130070906593000,8.116721,-2.9794044,-5.2858086
1635,G,679978165378838,9.07074,-1.9455719,-2.5766907
1603,G,12150945534770,7.065888,-0.96785605,6.7480574
1614,G,84460866672000,5.1900077,6.12646,6.495293
1618,G,198671050625784,-2.1242676,-0.8899231,8.903931
1629,G,604921412648750,-4.533478,3.5870667,-8.560608
1642,G,1469708012320000,-4.4212065,3.1231055,8.3322735
1627,G,440298521498858,-6.132065,-7.5610504,-2.1273193
1628,G,1136875421993343,-5.2861176,-3.5545044,-8.16658
1641,G,1216705987154000,8.602911,-2.1770728,-4.536167
1613,G,175663128484412,1.1282675,3.8983588,8.69155
1613,G,175674341320188,1.4616601,3.5883098,8.803479
1628,G,1136842933591678,-5.234192,-3.621582,-8.097107
1605,G,182636287523383,2.2385786,-0.98940384,9.3421755
1641,G,1216867808909000,8.672366,-2.179468,-3.8344264
1646,G,1465424460044000,-10.186019,-0.7927515,-0.9316626
1623,G,1558937457361,-1.210556,-9.646286,-0.9835663
1617,G,268190335016569,-7.9184113,-3.078003,4.6023254
1614,G,84483200561000,5.357659,6.1887307,6.215076
1640,G,170877747922522,-9.900473,-11.608886,-3.5318964
1625,G,706172135169671,-6.8619385,-4.788025,4.7209167
1646,G,1465366067436000,-7.7311234,-2.0860622,5.3408937
1645,G,1129982884720000,8.375383,-2.8285182,-4.598438
1603,G,12239255324735,6.3943143,-2.142212,7.1664443
1632,G,3933629114665,3.5437622,-5.119522,-7.933304
1613,G,175722345597671,1.2808979,3.6236243,8.796896
1633,G,693342601025198,2.6845856,-8.817352,2.1806793
1607,G,292058158969191,1.6531962,9.405023,0.6937199
1614,G,84598250956000,5.0271463,6.452183,6.1480155
1601,G,267480819945301,-4.3185415,1.0408791,8.573038
1623,G,1471160364116,-1.3862152,-9.655609,-0.7427368
1620,G,941077792962224,2.1646576,9.509827,-1.7840729
1641,G,1216758900592000,8.514295,-2.3447242,-4.5960426
1604,G,17751020094160,4.268158,5.843292,5.8783417
1606,G,127126454639167,-8.842926,-1.3570709,-3.5189362
1606,G,127211200446307,-9.131638,-2.3946838,-3.280182
1621,G,169966854360307,-1.1432313,8.598177,-4.334702
1627,G,440345088869999,-6.752655,-7.3553925,-1.9960632
1603,G,12144441299564,6.9826894,-0.84335756,6.7773867
1648,G,462144415089000,9.584868,-1.2621753,-2.2920337
1637,G,15278750056626,-9.184457,0.41704002,3.058443
1618,G,198678603726370,-2.1728363,-0.7855072,8.918259
1638,G,1138841970701048,-7.299023,-4.373907,-1.601272
1607,G,292026635336755,-1.0289081,11.522096,0.9487024
1633,G,693279306069834,1.1396332,-8.508469,3.4256134
1642,G,1469630609148000,-4.380491,2.9698243,8.389753
1618,G,198765212624562,-2.1764374,-0.86680603,8.848038
1648,G,462111406382000,9.769285,-1.5160475,-0.7879615
1641,G,1216727648678000,8.53106,-2.203418,-4.517007
1622,G,290908803103516,-6.2261353,-7.218872,1.8720398
1628,G,1136877798705133,-5.3293304,-3.481781,-8.143158
1617,G,268327499306311,-7.9555664,-3.4964905,4.1980743
1629,G,604920758046699,-4.765091,3.7761078,-8.47731
1627,G,440391394406990,-7.234024,-6.7032013,-1.658905
1644,G,1816239248080000,2.315984,-9.067544,0.68976563
1642,G,1469590789127000,-4.643943,4.167334,8.243657
1626,G,597076145350917,-6.877182,0.07098389,-7.833084
1648,G,462156647337000,9.663904,-1.2525953,-1.9734962
1608,G,48023084820114,3.9092712,8.659805,0.44244385
1626,G,596988287695798,-6.6052704,-1.1109772,-7.4606323
1621,G,169869365999356,0.23942018,9.037513,-4.735731
1642,G,1469677925640000,-4.8163843,3.151846,8.200547
1641,G,1216858228402000,8.710687,-2.1363575,-4.3349857
1612,G,5483504679376,-6.6077576,-7.361328,-1.5796814
1645,G,1130100166572000,8.741821,-2.074087,-4.047583
1645,G,1130103793709000,8.466394,-2.9602442,-4.655918
1644,G,1816242734431000,2.2848487,-9.065149,0.62749517
1644,G,1816219014763000,2.327959,-9.026829,0.60354495
1618,G,198781376248236,-2.0699615,-0.9281311,8.903259
1650,G,357896009544000,-8.729847,-2.7542725,-1.6932789
1603,G,12199870090427,7.397485,-0.92176765,6.377555
1643,G,708548177657000,5.2834134,-1.3986914,-8.267608
1640,G,170925701864552,-10.652252,-2.3002293,-3.6037226
1645,G,1130152016518000,9.012459,-2.3495142,-3.6955154
1606,G,127153746511903,-9.187027,-2.2405243,-4.040619
1643,G,708654550737000,5.4103494,-1.5112574,-8.155042
1615,G,168289721778372,-3.0909576,-9.091949,-0.21360779
1620,G,941225692725680,2.7094421,9.406067,-1.138504
1609,G,41038523556013,5.740677,-7.570633,1.0011444
1620,G,941164724094501,2.2281952,9.4592285,-1.211853
1610,G,18049708113296,8.448776,3.1021729,2.3790894
1630,G,1558184232800207,7.500992,0.55529785,-6.5536194
1643,G,708646569768000,5.374424,-1.4418018,-8.186177
1605,G,182620046672088,2.1511903,-0.95588505,9.351153
1633,G,693313546758298,2.481369,-8.68573,3.2000732
1650,G,357807299821000,-8.416099,-3.0057497,-2.8548634
1641,G,1216823721861000,7.6281376,-2.9650342,-5.51094
1619,G,172770520647713,-4.908712,-1.963844,7.840412
1645,G,1130128761493000,8.8879175,-2.083667,-3.5637891
1637,G,15448664907466,-8.284237,4.630835,2.833388
1609,G,41014806824084,7.582672,-4.428543,-4.279892
1645,G,1130037555963000,8.907078,-2.430945,-4.4619217
1620,G,941098438090653,2.3756409,9.486496,-1.2928925
1626,G,597061119720926,-6.7893677,-0.93003845,-7.81868
1628,G,1136888957140392,-5.1823273,-3.5375824,-8.214874
1615,G,168391587938161,-3.441208,-9.013733,-0.31100464
1617,G,268236106798346,-7.7323456,-3.1240692,4.744385
1626,G,597085289659057,-6.886215,-0.20857239,-7.828308
1649,G,1163158406486959,8.589797,3.4554317,-4.2521024
1614,G,84558846339000,5.1612673,6.3875175,6.080955
1646,G,1465448448190000,-9.340576,-1.1184741,-1.1136842
1609,G,41000304879416,7.603592,-4.5667267,-4.1626587
1641,G,1216702763220000,8.5502205,-2.1650977,-4.641548
1627,G,440371554909652,-8.243011,-5.6736755,-2.1367493
1608,G,47914521593147,3.833374,8.835785,0.5571594
1635,G,679888082051499,8.182358,-2.9571228,-4.5013885
1648,G,462161000322000,9.659114,-1.2022998,-2.0070264
1626,G,597056446860334,-6.8736725,-0.89164734,-7.733017
1641,G,1216707518661000,8.624466,-2.1722827,-4.4762917
1638,G,1138821525642748,-7.7922287,-6.033089,-6.9164
1618,G,198815868753522,-2.209381,-0.7701111,8.884262
1627,G,440231006852171,-6.0222626,-7.710434,-2.9168549
1645,G,1130062160962000,9.043594,-1.8633252,-3.6332448
1638,G,1138774597130998,-7.722797,-3.966893,-2.0705357
1610,G,18046435094168,8.58847,2.8332214,2.3427887
1620,G,941088951406199,2.5897217,9.365555,-1.0882263
1623,G,1474322595561,-1.4213715,-9.649475,-0.9029083
1606,G,127104550671616,-9.407455,-1.5514984,-3.0081482
1615,G,168296519568899,-3.537674,-9.2170105,-0.21780396
1639,G,183555163358348,-9.419088,0.5585972,2.9472623
1642,G,1469716476424000,-4.373306,3.0153298,8.384964
1614,G,84494060817000,5.319339,6.2510014,6.183941
1605,G,182578028006848,1.9907787,-0.92895025,9.386468
1605,G,182599536152096,2.1278467,-0.96187055,9.411008
1650,G,357854939578000,-8.557405,-3.4296682,-2.0237916
1612,G,5390601524661,-5.7786407,-7.8831787,-2.2569122
1628,G,1136845149167850,-5.242325,-3.5608978,-8.166855
1643,G,708584898128000,5.3935843,-1.3771362,-8.255632
1618,G,198652067175587,-2.0607147,-0.87480164,8.963806
1610,G,18078057413095,8.59816,2.9799957,2.3305511
1646,G,1465390954977000,-6.976692,-1.5088624,5.9300685
1610,G,18168694603738,7.8671417,3.1531677,3.8011627
1648,G,462107798784000,9.7740755,-1.5112574,-0.7783814
1621,G,170032572684659,-6.5523314,6.143522,-3.4171243
1640,G,171040827835582,-11.425579,-10.093356,1.1583447
1613,G,175647884983689,1.6047137,3.5727475,8.740632
1621,G,170028422751013,-6.439804,6.711546,-3.3883939
1645,G,1130111955414000,8.456815,-2.7111623,-4.646338
1650,G,357947498321000,-8.885523,-2.9817994,-2.0381618
1649,G,1163326558354966,9.225458,2.1811178,-4.042011
1617,G,268334699946362,-8.06163,-3.3723602,4.0536804
1613,G,175702431324710,1.6944963,3.6529531,8.707113
1629,G,604962602216258,-4.385681,4.344589,-8.291183
1636,G,502761460755741,-0.14811707,-9.391144,1.8464966
1644,G,1816210530637000,2.2800586,-9.096285,0.7783814
1605,G,182668011067590,1.9428947,-1.0348936,9.420585
1641,G,1216814976893000,8.241262,-2.1004322,-5.132527
1621,G,169995281920818,-6.1411276,6.724714,-3.684078
1603,G,12188218358504,7.3071036,-1.0821792,6.4427967
1629,G,604872720334311,-4.0156097,6.101349,-7.2688446
1638,G,1138939903142758,-9.056367,-2.410662,-1.0003273
1614,G,84598567387000,4.864285,6.365962,6.447393
1648,G,462230262177000,9.702225,-1.1735597,-1.8010547
1623,G,1567598340275,-1.1949921,-9.672913,-0.90034485
1601,G,267629262456234,-4.2299557,0.7386112,8.608353
1629,G,604964364606395,-4.338516,4.1499023,-8.455566
1614,G,84557243936000,4.8139896,6.365962,6.600674
1601,G,267512663244195,-4.2676644,0.943914,8.612542
1632,G,3939470187120,3.3841095,-5.072281,-8.107422
1645,G,1130126826999000,8.909473,-2.3495142,-3.8703518
1629,G,604842205805837,-4.0270844,6.2160187,-7.1325226
1628,G,1136914939816164,-5.235367,-3.6338959,-8.127487
1621,G,169914497024547,1.4862007,8.567651,-4.683657
1634,G,76277785832806,4.7214813,-2.8427887,-8.360565
1605,G,182562904457267,1.9375077,-0.9487024,9.457695
1645,G,1130133396316000,8.837623,-2.459685,-3.796106
1635,G,679899008877032,8.365463,-2.8467255,-4.2579956
1645,G,1130015812496000,8.54064,-2.3303542,-4.528982
1620,G,941210969230322,1.8750763,9.144241,-3.8976746
1646,G,1465323607208000,-5.7073317,-3.2859669,6.4042826
1649,G,1163147233214933,8.847773,3.3686419,-4.0001125
1619,G,172715889190442,-4.3143516,-3.426701,7.996035
1604,G,17788886327664,5.165863,3.8747559,6.5207214
1617,G,268327247536292,-8.001175,-3.4256897,4.163727
1606,G,127195238230146,-9.317413,-2.0243225,-2.9796753
1646,G,1465424745521000,-9.235196,-1.3723463,0.6346802
1614,G,84478967199000,5.269043,6.3851223,6.1408305
1626,G,597037272052477,-6.772751,-1.0790558,-7.78891
1636,G,502775962704508,-0.1403656,-9.303299,2.1387482
1646,G,1465367115271000,-7.4652762,-1.7675245,5.621111
1603,G,12211003340736,6.1836243,-2.046444,7.327454
1645,G,1130149699151000,9.093889,-2.1746778,-3.4608033
1614,G,84475307579000,5.352869,6.128855,6.222261
1608,G,48061756693343,4.2902985,8.6597595,0.37754822
1641,G,1216801637955000,8.243657,-2.1483326,-5.223538
1605,G,182600573710531,2.1212628,-0.90740246,9.368511
1620,G,941157070316721,2.6184692,9.387436,-1.2677612
1644,G,1816326871296000,2.1076174,-8.859178,2.411785
1614,G,84499045822000,5.3408937,6.310877,5.9707837
1643,G,708645823990000,5.4414845,-1.4609619,-8.188572
1618,G,198674927884085,-2.1608887,-0.8616638,8.942444
1602,G,102700556316057,-0.5423584,-1.7879333,8.968948
1641,G,1216747032581000,8.5502205,-2.2920337,-4.5864625
1640,G,170916205969312,-11.811046,-1.9602526,2.1088428
1642,G,1469650902395000,-4.790039,3.175796,8.308323
1643,G,708552329272000,5.230723,-1.3507911,-8.308323
1623,G,1563227618493,-1.2947693,-9.757034,-0.8027954
1612,G,5538642292592,-7.0700684,-6.960129,-1.578476
1644,G,1816295977499000,2.1627028,-8.990904,1.6405884
1643,G,708540740755000,5.613926,-1.5447876,-8.054451
1605,G,182585051011944,2.2762873,-0.76434886,9.315839
1634,G,76187652168527,4.780716,-2.4452972,-8.469467
1623,G,1456799401792,-0.8416443,-9.6553955,-1.1447449
1607,G,292067496655907,2.8443117,9.305065,0.5231331
1648,G,462258253092000,9.6686945,-1.1855347,-1.8274
1620,G,941120291751770,2.6790924,9.35112,-0.8221588
1647,G,1217533312680177,5.7418942,-4.2299557,-7.1431007
1613,G,175724540338815,1.3000516,3.86484,8.682572
1632,G,3905128770016,3.4737701,-4.4610443,-8.423004
1641,G,1216707498418000,8.6077,-2.1674929,-4.528982
1641,G,1216791381808000,8.344249,-2.0381618,-4.9864306
1631,G,1552488691434443,-2.3596802,2.3681335,8.642288
1623,G,1607297460801,-1.3361816,-9.683365,-0.9294586
1648,G,462203198202000,9.690249,-1.2334352,-1.7986598
1646,G,1465450100932000,-9.235196,-1.5040723,-1.4609619
1648,G,462101310279000,9.7740755,-1.5208374,-0.7089258
1648,G,462136052454000,9.783655,-1.5328126,-0.77359134
1602,G,102665912786942,-1.034317,-9.28508,1.5316315
1645,G,1130029334129000,8.708291,-2.4884255,-4.1146436
1619,G,172838034658572,-3.8552632,0.08798691,8.872911
1618,G,198747689428919,-2.1558533,-0.94659424,8.945602
1614,G,84477503300000,5.0439115,6.2653713,6.4066777
1624,G,516760377053447,6.031845,-5.215027,-5.7928925
1620,G,941228230567476,2.630478,9.373703,-1.0264893
1605,G,182648258719410,1.9686323,-0.8810662,9.416395
1645,G,1130005091806000,8.442444,-2.7279274,-4.4212065
1629,G,605001928694016,-4.3959656,4.05661,-8.490616
1626,G,597126499362827,-6.869995,-0.39422607,-7.744873
1639,G,183552263796868,-9.249101,-1.5195699,3.2609026
1613,G,175696328436899,1.1713632,3.9270895,8.637083
1624,G,516693658011231,5.9964447,-5.418396,-5.7108917
1618,G,198785052090521,-2.1082306,-0.8166504,8.963745
1648,G,462181676144000,9.683064,-1.214275,-1.9184108
1645,G,1130063793194000,8.528665,-2.1627028,-3.9422023
1614,G,84564978474000,4.9720607,6.4114676,6.0593996
1619,G,172739874147517,-4.361637,-3.406949,7.9649105
1645,G,1130137205189000,9.048384,-2.0525317,-3.5901344
1623,G,1581113356502,-1.7881317,-9.647827,-0.7573395
1636,G,502752799859626,-0.11767578,-9.333771,1.9758606
1650,G,357905078039000,-8.732242,-3.0943654,-2.1627028
1629,G,604916679372383,-4.787781,3.7135315,-8.454742
1623,G,1518331996335,-1.33078,-9.672058,-0.97576904
1620,G,941109254148908,2.2605743,9.367264,-1.9421387
1620,G,941180736691541,2.4279633,9.384811,-1.5266876
1619,G,172847213013827,-3.6182373,0.53929394,8.901642
1608,G,48051685907515,4.341919,8.555496,0.54473877
1617,G,268254083170503,-7.787155,-3.3669128,4.5359344
1643,G,708716584849000,5.470225,-1.2981006,-8.217313
1614,G,84555206245000,5.120552,6.1504107,6.478528
1612,G,5485921671563,-6.2751007,-7.3943787,-1.7754211
1642,G,1469726692946000,-4.402046,3.027305,8.322693
1610,G,18205805508909,8.401123,3.0421143,2.7466125
1600,G,254232620339479,5.2140503,3.9584503,6.487274
1621,G,170001726951024,-6.5325794,6.727108,-3.5212722
1639,G,183561912176478,-9.457396,-0.3895067,-1.7549498
1624,G,516660474731778,5.848282,-5.611603,-5.6617737
1622,G,290978543380052,-6.1536713,-7.379181,1.8039093
1605,G,182522279996501,2.054225,-1.0923545,9.405023
1621,G,170033450600491,-5.988497,6.681618,-3.5093012
1622,G,290939519016508,-6.2420654,-7.3369293,1.721756
1641,G,1216815682107000,8.176597,-2.1148024,-5.3025737
1611,G,292473588928527,3.170395,-9.145645,-0.4810028
1642,G,1469735157195000,-4.670288,2.9219239,8.830438
1650,G,357830736945000,-7.829319,-3.542234,-3.297942
1601,G,267598815462809,-4.136582,1.0336965,8.620922
1613,G,175628928719374,1.228824,3.6170402,8.768764
1611,G,292458986249416,2.8191223,-9.330627,-0.7068939
1646,G,1465371427797000,-7.158714,-1.6765138,5.225933
1607,G,292005645127858,0.10115502,9.403227,0.931943
1626,G,597159390607891,-7.000046,-1.6838379,-7.8302307
1633,G,693346427929495,2.5695038,-8.934998,2.4334412
1600,G,254332573017549,5.060318,3.79451,6.7162323
1642,G,1469693744874000,-4.634363,2.9338992,8.262817
1602,G,102718784477810,0.24084473,-1.1901398,9.024292
1639,G,183579657761058,-9.828497,-0.07107786,0.21308395
1615,G,168385041905084,-3.3834991,-9.1515045,-0.2682495
1645,G,1129992054076000,8.147857,-2.4932153,-4.5744877
1601,G,267645263846021,-4.3526587,0.729633,8.583213
1634,G,76279699284955,4.805481,-2.9232788,-8.3461
1628,G,1136924325792055,-5.2274017,-3.5498962,-8.092972
1646,G,1465396012947000,-6.715635,-1.4465919,6.821016
1642,G,1469683366908000,-4.854705,3.1494508,8.732242
1606,G,127135921193148,-9.654755,-1.4167786,-3.4167328
1626,G,597055580771467,-6.772003,-0.88804626,-7.8222656
1644,G,1816198056070000,2.311194,-9.041199,0.7089258
1638,G,1138917307029558,-6.93271,-9.097667,2.8519433
1618,G,198709269332103,-2.1173553,-0.8352051,8.94371
1638,G,1138867415743858,-7.8616605,-6.009147,-0.74414784
1628,G,1136810002044742,-7.57547,-1.415802,-3.4414063
1625,G,706048969263309,-6.8667755,-4.6371307,4.6632996
1629,G,604981887787108,-4.3937683,4.135895,-8.47525
1640,G,170887329232932,-8.2532625,-0.19812019,5.23567
1620,G,941070260017639,7.9574585,4.353409,1.376831
1618,G,198747236242884,-2.1489716,-0.9132385,8.910324
1626,G,597147829321732,-7.014633,-0.3807068,-7.667145
1634,G,76231409801241,4.5891724,-3.138321,-8.435501
1627,G,440305994035126,-6.0052795,-7.443405,-1.137558
1602,G,102774324945144,0.19569397,-0.45150757,9.049667
1637,G,15385474892976,-8.93546,4.652383,2.8788779
1638,G,1138870115491068,-9.243114,-4.6372695,-3.2197523
1637,G,15441315589886,-8.214806,2.660407,6.3361053
1614,G,84501558078000,4.912185,6.4210477,6.5240335
1627,G,440330063224879,-5.408676,-7.5225983,-1.3787384
1610,G,18103385471707,8.525696,3.0732422,2.3737488
1630,G,1558173960587214,7.3849792,1.275116,-6.2266693
1641,G,1216751163098000,8.47837,-2.315984,-4.629573
1615,G,168391990770192,-3.6541595,-8.955536,-0.317276
1610,G,18141855915052,8.642838,2.8199615,2.3990326
1646,G,1465434382301000,-9.304651,-1.346001,-1.0538087
1615,G,168396019090505,-3.2794495,-9.183426,-0.48184204
1650,G,357927567799000,-8.305928,-3.307522,-2.311194
1639,G,183664796497588,-9.703999,1.4851532,0.4405331
1627,G,440349177615117,-6.4501038,-7.4805756,0.21827698
1621,G,170013658323259,-6.214749,6.4260373,-3.321955
1646,G,1465368163133000,-7.767049,-1.961521,5.3097587
1642,G,1469585912005000,-4.485872,3.9445972,7.92033
1604,G,17793317480008,5.150177,3.8722076,6.494568
1645,G,1130134061358000,9.105865,-2.3806496,-3.5134938
1639,G,183514484391208,-9.732729,0.7142203,-0.04309563
1628,G,1136816628631656,-5.2981415,-3.4457703,-8.108231
1624,G,516678652518663,6.0429993,-5.393402,-5.6503906
1641,G,1216719669149000,8.586145,-2.2369483,-4.5409575
1646,G,1465450584521000,-9.012459,-1.8681153,-1.5471827
1644,G,1816198781551000,2.2728736,-9.057964,0.79035646
1624,G,516640987710653,5.7785797,-5.8335114,-5.571411
1628,G,1136972786489973,-5.11409,-3.6686249,-8.194244
1638,G,1138807781707688,-9.223961,-1.9198505,3.6707602
1648,G,462174139286000,9.6615095,-1.2549903,-1.8968556
1633,G,693308511387249,2.176056,-8.700867,2.9101715
1644,G,1816202449432000,2.3638844,-9.041199,0.6394702
1616,G,196358186124523,-8.7426605,-3.9228668,1.8661194
1613,G,175650037297126,1.1707647,3.904943,8.69155
1642,G,1469758270835000,-5.0606766,2.924319,8.399334
1626,G,597110023541856,-6.919052,-0.5413666,-7.6873627
1624,G,516646677713094,5.763672,-5.6701355,-5.69191
1617,G,268275735403401,-7.746994,-3.407364,4.515793
1607,G,292009755971606,0.6440403,10.058042,-3.383007
1641,G,1216744312225000,8.49274,-2.2800586,-4.5960426
1634,G,76199586084426,4.711075,-2.4998322,-8.559509
1609,G,40925579524908,8.379959,-2.5780945,-4.3538666
1650,G,357814554792000,-8.2125225,-3.2069314,-3.0943654
1623,G,1597548925645,-1.1336823,-9.637711,-0.9994507
1634,G,76151548357023,4.664795,-2.72435,-8.514221
1623,G,1444674162112,-1.1864777,-9.646957,-1.0296478
1648,G,462269699171000,9.649534,-1.214275,-2.0166066
1632,G,3937758150987,3.566681,-5.156906,-8.006989
1602,G,102734293502069,0.24797058,-1.1758423,9.034119
1619,G,172821195120349,-3.696049,0.33039984,8.923788
1619,G,172856031540908,-4.4119153,0.3681085,8.698134
1620,G,941107683103986,2.4577942,9.433273,-1.8103485
1644,G,1816302224712000,2.0261867,-8.969349,1.5136524
1623,G,1539098002419,-1.2113647,-9.599548,-0.8743286
1633,G,693226585416058,1.1262665,-8.977112,3.0906067
1644,G,1816319273955000,2.1148024,-8.837623,2.3878345
1607,G,292057839761067,0.75477207,10.370484,-0.19632454
1623,G,1459860924723,-1.7056122,-9.647491,-0.6463623
1613,G,175729209061263,1.7100586,3.6882677,8.702325
1626,G,597082872666870,-6.8343506,-0.34458923,-7.743042
1628,G,1136836931377111,-5.322647,-3.6266022,-8.20993
1640,G,170981938786982,-7.8247,-3.0879216,2.6235962
1647,G,1217485109432644,5.4821234,-4.6351743,-7.0724716
1644,G,1816303413820000,2.0501368,-8.988508,1.5208374
1628,G,1136885190672906,-5.154236,-3.6002197,-8.154495
1646,G,1465291262951000,-8.679551,-3.8799317,3.4248781
1601,G,267577307573599,-4.185065,1.0031705,8.617331
1601,G,267500093292951,-4.159327,1.0977415,8.63828
1605,G,182543072180817,1.9255368,-0.99060094,9.335591
1620,G,941163717014423,2.1304016,9.434357,-1.4890137
1607,G,292131861176247,2.328361,9.483433,0.52732295
1619,G,172836438445448,-3.5990837,0.075417355,8.923788
1626,G,597097737154023,-6.8477783,-0.23828125,-7.8196564
1627,G,440287242200367,-6.10347,-7.5606384,-2.3671722
1645,G,1130008497819000,8.523875,-2.5962012,-4.3565407
1622,G,291005130306635,-6.3082275,-7.265106,1.7064362
1627,G,440344968020390,-6.864853,-7.1593018,-1.4113159
1645,G,1130014885482000,8.408914,-2.327959,-4.567302
1638,G,1138853518137828,-8.850466,-5.571008,-2.3267152
1621,G,169991690798685,-5.8574142,6.8809357,-3.5422213
1613,G,175663365476083,1.4622587,3.851672,8.735245
1611,G,292538847710185,2.9503174,-9.082336,-0.68766785
1622,G,290918420693401,-6.250183,-7.1835785,1.8628387
1646,G,1465350227980000,-5.9204884,-4.478687,5.3959794
1613,G,175635273617441,1.6765398,3.6391866,8.744224
1612,G,5423482676907,-6.572647,-7.0338745,-2.78302
1641,G,1216873209175000,8.892708,-2.2297633,-3.788921
1610,G,18185814970188,8.490097,3.018158,2.7474365
1614,G,84489688962000,4.9552956,6.262976,6.466553
1617,G,268283489922748,-7.885208,-3.427826,4.366104
1642,G,1469583211444000,-4.550537,3.8631666,7.89638
1640,G,170923752754262,-7.791181,-2.6641479,-0.010025719
1608,G,48031292530583,4.5951385,8.460632,0.6676178
1650,G,357882930844000,-8.782537,-3.056045,-2.4740553
1612,G,5538591938588,-7.081833,-6.9001465,-1.5056
1644,G,1816248417636000,2.2944288,-9.1202345,0.7544312
1623,G,1538131205544,-1.1772614,-9.646561,-1.0736389
1627,G,440308572160126,-7.5183105,-10.006973,-2.1556091
1626,G,597138705171605,-6.899521,-0.35072327,-7.722809
1601,G,267518848116016,-4.283227,1.0229226,8.571242
1613,G,175685075450445,1.146224,3.7110126,8.763975
1606,G,127205006899638,-9.375687,-2.0359192,-3.6461182
1650,G,357789182918000,-8.557405,-2.9171338,-2.8404932
1644,G,1816331969967000,2.0573218,-8.859178,2.196233
1614,G,84546185793000,4.751719,6.0306597,6.67013
1622,G,291016510284201,-6.216919,-7.3055573,1.788208
1602,G,102805997627880,-0.21923828,-1.4795074,9.033234
1613,G,175711731179550,1.4478935,3.6990416,8.758589
1605,G,182666215386654,2.0626047,-1.0121487,9.336788
1610,G,18182038419895,7.9613495,2.9950256,3.791565
1633,G,693351866177650,2.1370697,-8.697464,2.1999207
1600,G,254339018330049,5.1148224,3.7656555,6.680069
1642,G,1469709302357000,-4.4523416,3.0704153,8.361013
1615,G,168360066325121,-3.4800568,-9.127991,-0.46376038
1648,G,462135105293000,9.77168,-1.5136524,-0.7592212
1644,G,1816323405054000,2.0213966,-8.8951025,2.201023
1643,G,708685789445000,5.367239,-1.4298267,-8.198153
1648,G,462217163604000,9.685459,-1.22625,-1.7771046
1646,G,1465356293766000,-7.5467067,-2.8596535,7.391031
1640,G,170931549931172,-8.926033,-4.455011,-3.3355718
1648,G,462148929253000,9.6686945,-1.219065,-1.9854712
1619,G,172718762429606,-4.299388,-3.4518404,7.98586
1646,G,1465334267621000,-5.47741,-3.06802,7.204219
1635,G,680015880502769,9.165497,-1.9309998,-2.3965302
1631,G,1552474491598676,-2.4608612,2.550064,8.721054
1648,G,462135266532000,9.77647,-1.5232325,-0.7879615
1622,G,290930002112478,-6.2744904,-7.3062286,1.7402191
1627,G,440345451418827,-7.4598694,-6.837509,-2.6064606
1643,G,708571899026000,5.333709,-1.4801221,-8.253238
1638,G,1138944052674708,-8.793005,-3.303699,0.45534724
1616,G,196348820259820,-8.812683,-3.8785706,1.6507721
1648,G,462118943468000,9.764495,-1.5160475,-0.7759864
1603,G,12186661063558,7.3968863,-1.0217255,6.3548098
1646,G,1465318004985000,-6.358777,-3.3817677,6.478528
1643,G,708550777497000,5.4199295,-1.341211,-8.159832
1644,G,1816202146962000,2.320774,-9.048384,0.6011499
1645,G,1130101577168000,8.0999565,-2.6967921,-4.617598
1602,G,102767678216440,-0.084487915,-0.306839,9.08194
1646,G,1465433455181000,-9.297466,-0.9867481,-0.6849756
1628,G,1136908051388430,-5.245453,-3.5555878,-8.131973
1626,G,597031430988024,-6.6991425,-1.2148743,-7.7297516
1628,G,1136833366313635,-5.239929,-3.5164185,-8.140839
1614,G,84582307198000,5.0031962,6.3899126,6.2438164
1631,G,1552448005399332,-2.3294983,1.1809235,8.845947
1611,G,292501233262008,3.0115051,-9.160355,-0.30915833
1623,G,1591345302918,-1.3834991,-9.701736,-0.8064575
1610,G,18089185622155,8.570374,2.9763947,2.3406982
1629,G,605012956240807,-4.2901764,4.153427,-8.496246
1621,G,169974911570462,-1.0420763,8.723274,-4.10845
1635,G,679921013580665,8.24881,-2.3322906,-5.1762695
1604,G,17684603181579,4.1921844,5.75679,5.920761
1618,G,198671100979788,-2.0899353,-0.89845276,8.942429
1609,G,41046529835418,5.8066406,-7.409134,1.1682739
1641,G,1216775604680000,8.495134,-2.3375392,-4.5864625
1630,G,1558127634892708,7.452545,0.52534485,-6.571686
1645,G,1130107924848000,8.408914,-2.6081765,-4.6583133
1642,G,1469664444527000,-4.631968,2.8668385,8.4448395
1642,G,1469583171154000,-4.758904,3.8248463,7.9802055
1626,G,597013323714769,-6.8103485,-0.91703796,-7.727005
1631,G,1552333198263844,-2.6465607,1.2210388,8.763855
1637,G,15391424221556,-7.4079595,7.8055463,5.3975782
1650,G,357906005042000,-8.571775,-2.9770093,-2.069297
1640,G,171032278940792,-3.4409168,-2.379238,8.637831
1627,G,440359147698176,-5.8441467,-6.93602,-2.0940704
1603,G,12210644260997,6.651691,-3.1142578,6.903681
1616,G,196330340355064,-8.770615,-4.150055,1.9231873
1638,G,1138949402070588,-8.208819,-3.2606034,2.804059
1647,G,1217492651332328,5.6185927,-4.5280337,-7.0245876
1645,G,1130074533919000,9.12263,-2.1746778,-3.523074
1629,G,604861239599401,-4.0506287,6.2052155,-7.158676
1615,G,168429907321274,-3.7443085,-8.86879,-2.299347
1602,G,102838979475421,0.086257935,-0.8899231,9.026276
1623,G,1566671832361,-1.4697723,-9.698288,-0.7211304
1614,G,84525632529000,5.319339,6.2917166,6.1743608
1648,G,462229354950000,9.74294,-1.214275,-1.4944923
1614,G,84480589397000,4.9433208,6.2869267,6.4066777
1646,G,1465417011242000,-6.8521514,-2.1435425,6.638994
1636,G,502659544242581,-1.0945129,-9.139221,2.52594
1627,G,440308249894501,-6.7377014,-6.834137,3.2543335
1600,G,254310719385555,5.195877,3.6569366,6.701004
1629,G,604983952301268,-4.264984,4.1004486,-8.490631
1631,G,1552458982561262,-2.4846344,1.567627,8.7267
1626,G,596985387305173,-7.5913086,-0.5679321,-7.0166016
1616,G,196445600683705,-7.8677063,-4.264206,3.6134338
1645,G,1130012225801000,8.327483,-2.7422974,-4.742139
1627,G,440368513527817,-6.4880524,-7.3706665,-1.2396393
1607,G,292121445971668,2.4953568,9.300277,0.9283517
1649,G,1163248790786403,8.617929,3.4614172,-4.164714
1626,G,597025408679161,-6.7287903,-0.9645233,-7.7424316
1611,G,292540106560282,2.459076,-9.277771,-0.28129578
1645,G,1130136681376000,9.053174,-2.1411476,-3.6068995
1625,G,706017346962668,-6.8423004,-4.5730133,4.956131
1610,G,18073072366708,8.588196,2.9265137,2.383316
1603,G,12159486609194,6.980295,-1.0289081,6.7666125
1620,G,941085406484324,2.4637756,9.328751,-1.2924194
1628,G,1136937599106647,-5.264206,-3.581421,-8.136246
1648,G,462222785830000,9.699829,-1.219065,-1.7794995
1638,G,1138866065903108,-8.256703,-3.9956234,-0.5933131
1626,G,597121181980015,-6.822571,-0.18179321,-7.8457184
1631,G,1552370510567864,-2.294098,1.1843414,8.864243
1612,G,5498812281980,-5.9578247,-7.7969055,-1.9256592
1644,G,1816309338590000,1.8585353,-8.950189,2.5866213
1647,G,1217421862686312,5.4204726,-3.383007,-7.049727
1608,G,47893523958873,3.6611938,8.867889,0.5989685
1648,G,462135125389000,9.7621,-1.5136524,-0.7759864
1629,G,604919247426582,-4.617523,3.7425537,-8.447784
1644,G,1816350711844000,2.078877,-8.861572,2.411785
1612,G,5439243481654,-6.270874,-7.4424133,-2.3160248
1622,G,290898732285028,-5.9004364,-7.1536255,2.5106049
1610,G,18077453165048,8.553055,3.00885,2.314499
1635,G,680025598838985,9.144241,-1.9580536,-2.3808746
1617,G,268319291620911,-8.24971,-3.311081,3.938507
1635,G,680055005569111,9.347153,-1.5586243,-1.624588
1623,G,1476941003765,-1.124588,-9.615906,-0.8993225
1603,G,12175687249239,7.3190746,-0.95708215,6.4044895
1628,G,1136849177491280,-5.2938385,-3.49646,-8.1150055
1620,G,941138560159217,3.3568726,9.065216,-0.8284302
1605,G,182622440941360,2.055422,-1.0049661,9.454104
1611,G,292488695118507,3.365982,-8.993973,-0.5452728
1620,G,941135015237342,2.8711243,9.246643,-0.4532776
1624,G,516687514823350,6.0712585,-5.296692,-5.702667
1626,G,597014975326098,-6.788147,-1.1038818,-7.70842
1610,G,18179067533664,7.229645,3.9592133,4.4391937
1623,G,1604779760606,-0.9846344,-9.637024,-0.99020386
1624,G,516768836530943,6.0575714,-5.292343,-5.7424774
1612,G,5478872097577,-6.5517426,-7.2914276,-1.7226563
1613,G,175611492663287,1.2372037,3.6343982,8.814852
1639,G,183549264496458,-9.253889,-1.7158945,2.8921957
1614,G,84570042535000,5.0750465,6.200706,6.13604
1648,G,462171862100000,9.666299,-1.2406201,-1.8753004
1602,G,102751162107441,-0.51490784,-0.88134766,9.351822
1626,G,597084141587768,-6.8142395,-0.3466034,-7.8004303
1605,G,182565857336222,2.0578163,-0.9876082,9.350554
1641,G,1216713885992000,8.600515,-2.1674929,-4.4906616
1611,G,292527467686849,3.0028381,-9.1623535,-0.24238586
1607,G,292106163050737,1.5382746,9.298481,0.17956513
1604,G,17724684956304,4.1631165,5.9463806,5.866791
1614,G,84573069205000,4.8187795,6.222261,6.6461797
1649,G,1163160683104508,8.578424,3.6002808,-4.031237
1644,G,1816320765115000,2.0621119,-8.863968,2.2465284
1640,G,171013531985262,-10.652252,-2.19249,-0.1273416
1644,G,1816196040417000,2.2632935,-9.0891,0.80233157
1641,G,1216833937440000,7.431746,-2.9338992,-5.8965383
1631,G,1552330479126284,-2.6319275,1.0714569,8.984283
1625,G,706124298871128,-6.909973,-4.673126,4.782669
1642,G,1469711660049000,-4.615203,3.0368848,8.303533
1613,G,175716759916737,1.2946646,3.681085,8.79091
1622,G,291073561363901,-6.304306,-7.2599335,1.5926361
1631,G,1552388084112223,-2.4493713,1.3678589,8.77124
1619,G,172749847850271,-4.39755,-3.3117795,7.980473
1644,G,1816290999748000,2.1171973,-9.005274,1.6741188
1642,G,1469714863854000,-4.4475513,3.0799952,8.387359
1616,G,196405367815651,-7.927429,-3.9302826,3.743454
1610,G,18074582986826,8.657639,2.9382477,2.3121185
1604,G,17698047701574,4.2070007,5.7583466,5.949768
1608,G,47980384647732,4.1359253,8.588623,0.83636475
1629,G,604948049913163,-4.5784607,3.7690887,-8.460327
1633,G,693239727802906,0.7588806,-8.727219,2.5776825
1627,G,440325672355738,-6.421524,-7.4335327,-2.4016266
1625,G,706040509803027,-6.685608,-4.7351837,4.80542
1629,G,604850413491094,-4.0883484,6.197296,-7.12059
1646,G,1465398290301000,-6.6821046,-1.1256592,6.7970657
1650,G,357900826048000,-8.634046,-2.8596535,-2.3638844
1607,G,292032466740399,1.7345991,9.460688,-1.1587936
1628,G,1136925937120180,-5.3062744,-3.525772,-8.154526
1637,G,15306795290346,-9.399935,0.5822399,2.6633997
1627,G,440346156374882,-6.9491577,-7.126953,-1.6212006
1633,G,693252568072934,1.817276,-8.86998,2.8184052
1637,G,15397473562806,-8.595484,5.993136,0.5828385
1603,G,12230236459063,6.4086795,-2.131438,7.2472486
1605,G,182508313704788,2.2062569,-1.1061212,9.362526
1629,G,604999612409836,-4.2774353,4.0675354,-8.512894
1606,G,127159235097258,-9.858536,-1.4198914,-2.918808
1637,G,15434116810626,-8.17171,5.0163016,2.2228665
1619,G,172772554901098,-2.0620062,1.1522095,9.088988
1607,G,292103768551518,1.7986441,9.562442,0.5327099
1606,G,127096947210260,-9.661865,-1.8895111,-3.230896
1616,G,196359948513172,-8.805832,-3.9515839,1.6777802
1616,G,196328426897140,-8.765625,-4.0672913,1.7520294
1623,G,1533115944646,-1.4836426,-9.631134,-0.6873627
1612,G,5430683299466,-6.5655212,-7.12529,-2.8058777
1649,G,1163174607227733,8.704719,3.3620577,-3.9109285
1642,G,1469647395789000,-4.6750784,2.9674294,8.305928
1604,G,17766629843458,5.3835297,3.897873,6.400894
1630,G,1558056434336559,8.17894,0.9019165,-5.389282
1601,G,267640554944459,-4.3544545,0.88166475,8.547898
1628,G,1136908434078859,-5.2162323,-3.5956268,-8.143036
1625,G,706009844207214,-6.4434814,-4.739456,5.0095367
1633,G,693256697101254,1.8571777,-8.891937,2.678955
1628,G,1136906963727056,-5.2314453,-3.5013123,-8.192642
1606,G,127211049384296,-9.074326,-1.884964,-3.7619019
1603,G,12293365250704,6.25964,-2.0907366,7.141904
1605,G,182634769234115,2.0374656,-0.93014735,9.419987
1630,G,1558126224980598,7.4601593,0.5459137,-6.632477
1619,G,172840508580133,-3.514688,0.25617957,9.062054
1633,G,693325883500078,2.2368011,-8.457367,2.723053
1625,G,706084922013064,-7.08934,-4.9065247,4.5978394
1623,G,1586450880916,-1.2679138,-9.609482,-0.8041687
1647,G,1217433793743547,5.54557,-4.6926355,-6.9886746
1629,G,604930728147756,-4.556839,3.7989655,-8.503708
1648,G,462270948702000,9.659114,-1.2022998,-1.9974464
1616,G,196349374173839,-8.767914,-4.0867767,1.8021088
1641,G,1216836919874000,7.335945,-2.9841945,-5.8989334
1644,G,1816180663763000,0.06945557,-9.043594,-0.68018556
1629,G,604848701454961,-3.9952087,6.344223,-6.952362
1611,G,292627672179219,2.8749847,-9.185547,-0.44750977
1614,G,84605966073000,5.137317,6.231841,6.318062
1617,G,268254284586519,-7.9201965,-3.1007385,4.5236816
1607,G,292154167443270,1.809418,8.357559,-2.806603
1625,G,706092726901501,-7.021805,-4.9839325,4.649353
1643,G,708654248353000,5.3863993,-1.4489869,-8.195757
1623,G,1535673928045,-1.1493073,-9.666107,-0.96798706
1609,G,40962539368437,7.609207,-4.583786,-4.1310883
1646,G,1465434986805000,-9.11784,-0.7831714,-0.8095166
1642,G,1469624764537000,-4.4331813,3.1398706,8.277188
1621,G,170005039330189,-6.2327056,7.088034,-3.2956185
1621,G,169920243222513,2.2571337,8.288128,-4.6926355
1623,G,1563892291345,-1.2126923,-9.72731,-0.8265686
1619,G,172692188102637,-4.900931,-3.8935704,7.4208283
1608,G,48027767742477,3.9983826,8.719879,0.45666504
1623,G,1605847265489,-0.96121216,-9.605972,-0.9645996
1649,G,1163221256147090,8.690353,3.3836055,-4.0821137
1608,G,47941561699659,3.6228485,8.984772,0.51776123
1650,G,357913400775000,-8.744217,-2.7279274,-1.8800904
1628,G,1136891333849377,-5.265854,-3.4601288,-8.180237
1632,G,3904020961137,3.4553986,-4.4914856,-8.466034
1646,G,1465444679829000,-9.285491,-1.1112891,-1.2502003
1620,G,941170444309345,2.6082153,9.4040985,-1.2748566
1628,G,1136969865957747,-5.197281,-3.5668335,-8.308228
1601,G,267483014322123,-4.2036195,1.1055226,8.604162
1610,G,18200921170530,8.448105,3.0430145,2.7798615
1634,G,76275469548627,4.5324097,-3.3845978,-8.404404
1609,G,40999650277365,7.6048737,-4.59523,-4.0746765
1646,G,1465296099220000,-8.681946,-2.066902,3.0129347
1628,G,1136832258525549,-5.1689453,-3.5586243,-8.165451
1637,G,15344532581016,-8.198046,5.5956984,-2.414702
1649,G,1163254774694056,8.55987,3.5122938,-4.1796775
1603,G,12224289226825,6.227319,-2.011728,7.249643
1629,G,604902429190791,-4.05159,6.071045,-7.3013916
1623,G,1581153639705,-1.6947327,-9.71431,-0.67115784
1638,G,1138774100066198,-8.012495,-4.943727,0.09382278
1643,G,708718176904000,5.4055595,-1.3052857,-8.205338
1641,G,1216727729178000,8.519085,-2.2704787,-4.615203
1625,G,706068607345924,-6.8407593,-4.7410583,4.713791
1641,G,1216744292129000,8.50711,-2.2704787,-4.5888577
1620,G,941066916511779,-0.3323822,4.1898346,7.7768707
1641,G,1216706692565000,8.57417,-2.1315675,-4.5601172
1643,G,708687704037000,5.4295096,-1.5160475,-8.159832
1627,G,440324705558863,-6.626236,-7.453018,-2.024231
1603,G,12271497684933,6.177639,-1.602918,7.6482773
1630,G,1558062728575731,8.244614,0.8577728,-5.287491
1641,G,1216724686564000,8.552615,-2.2513185,-4.528982
1627,G,440338603257451,-6.465454,-7.3018036,-1.8267975
1643,G,708607370298000,5.2810183,-1.3603711,-8.250843
1627,G,440318360962374,-6.4126587,-6.952072,-2.1597137
1647,G,1217399876612727,5.7628436,-3.8265328,-7.109582
1611,G,292535121495443,3.340088,-8.9653015,0.26063538
1638,G,1138876564237518,-8.912715,-2.6812067,-6.463896
1620,G,941142084939491,2.576294,9.370651,-1.5526733
1631,G,1552422727658237,-2.4342499,0.9278259,8.839157
1644,G,1816344424189000,2.083667,-8.873548,2.3447242
1647,G,1217486985210872,5.6341553,-4.5022964,-7.2209125
1615,G,168298231608594,-3.2851257,-9.150818,0.44487
1602,G,102793308412327,0.30047607,-0.8746948,9.075333
1646,G,1465358651475000,-7.5946074,-2.3734643,4.703819
1641,G,1216711528487000,8.576566,-2.1650977,-4.505032
1613,G,175566002140491,1.3365631,3.738546,8.79929
1646,G,1465423480420000,-6.255791,-2.0405567,6.2941117
1612,G,5365625925261,-6.6722565,-6.850418,-3.556427
1607,G,292136370014630,2.1266496,9.384073,0.5267244
1623,G,1593319179871,-1.4227448,-9.62735,-0.78359985
1620,G,941071609504943,0.6327057,10.84462,-1.2374878
1627,G,440217149424290,-3.0728607,3.551239,8.017609
1650,G,357840490577000,-8.303533,-3.187771,-2.9171338
1649,G,1163178517745024,8.66282,3.4099417,-4.0599675
1639,G,183518979332318,-9.483732,2.3686137,1.5251064
1619,G,172716171217525,-4.4238863,-3.3877954,7.949947
1600,G,254215651044785,5.0354767,3.8160858,6.6232758
1646,G,1465428900894000,-9.558523,-1.1855347,1.5471827
1629,G,604908471676058,-3.9669952,6.2229614,-7.1949615
1619,G,172722674853512,-4.295198,-3.3327289,7.9870567
1641,G,1216784833139000,8.243657,-2.0573218,-5.1684523
1620,G,941226981788180,2.763092,9.323059,-0.6338043
1612,G,5368042917449,-6.1896057,-7.4701385,-2.4354858
1645,G,1130061093242000,8.954978,-2.2417383,-3.915857
1635,G,679981287327080,9.1310425,-1.9360352,-2.4354706
1612,G,5416181359004,-6.758621,-6.938904,-3.1160278
1601,G,267630738899463,-4.368221,0.9091981,8.525154
1613,G,175611013849953,1.62686,3.726575,8.770559
1613,G,175583799952256,1.1061212,3.9025488,8.702325
1639,G,183625650626418,-8.851663,-2.5035868,4.525041
1618,G,198726087569430,-2.0391693,-0.8019562,8.917633
1645,G,1130034371999000,9.1202345,-2.3710694,-3.671565
1615,G,168261674600647,-3.8450623,-8.956177,-0.054092407
1630,G,1558141885088128,7.456009,0.9049988,-6.4249725
1620,G,941084218129832,2.6059265,9.408096,-1.219574
1647,G,1217497040924253,5.619191,-4.5920787,-6.9360023
1626,G,597009819076098,-6.677002,-0.64489746,-7.945053
1627,G,440306799699188,-5.186432,-7.124954,-3.1274567
1643,G,708690182949000,5.2666483,-1.1400293,-8.293953
1629,G,604878511040468,-3.9215393,6.286728,-7.119766
1601,G,267598656273799,-4.23654,0.9911995,8.563461
1643,G,708680972613000,5.400769,-1.4585669,-8.186177
1620,G,941080169671208,2.118515,9.555679,-1.309555
1601,G,267538800342467,-4.2179847,1.0013748,8.576629
1626,G,597156449924989,-6.6965485,-0.92015076,-7.4264984
1629,G,604939389035480,-4.5962677,3.7165527,-8.444702
1636,G,502797463879289,-0.045318604,-9.372055,1.9009705
1649,G,1163268421614468,8.598177,3.5290532,-4.0384197
1627,G,440331513420191,-6.281067,-7.462982,-0.97135925
1626,G,597129540742894,-6.897949,-0.3960724,-7.7969055
1645,G,1130123461712000,8.772957,-2.2417383,-3.891907
1636,G,502740563814928,-0.10632324,-9.386765,1.8905487
1606,G,127119958972663,-9.476318,-1.7447357,-3.6293335
1644,G,1816283603983000,2.1435425,-8.940608,1.7172291
1650,G,357893894295000,-9.153765,-2.7542725,-2.4093897
1644,G,1816261214141000,1.9064356,-9.1849,1.4825171
1641,G,1216799401254000,8.3322735,-2.0860622,-5.0439115
1646,G,1465384022790000,-7.544312,-2.2537134,5.2858086
1630,E,1557141955284234,-8.7716675,0.8345032,-5.2171326
1635,E,678482550745765,-0.8068085,-9.579193,0.3635559
1648,E,463577404813000,3.652405,-8.808882,-0.55803955
1617,E,267395279105560,-4.209671,-8.800095,0.34706116
1627,E,439658219981132,-0.5626831,-9.494568,1.4518738
1646,E,1464519992187000,-8.8879175,-0.2778223,-3.276387
1619,E,171942988693760,-0.074818805,-9.865308,1.055843
1620,E,940403774405993,4.2612,8.56546,-2.2941742
1601,E,260249052826463,0.7769185,9.679159,0.5662287
1629,E,603739580353142,-1.265213,9.7043915,-1.8034515
1626,E,595918970060826,3.024582,-9.069855,-1.6257935
1647,E,1216600462817199,1.2312182,-9.569624,-1.3108255
1632,E,2941755970838,1.1651611,-9.594238,-0.93084717
1645,E,1128971476710000,0.3544629,-9.242381,-0.9867481
1616,E,195473768387912,0.61105347,-9.565567,-0.11830139
1612,E,4967728593388,-1.8081207,-9.491043,-1.5574341
1616,E,195599603058879,2.6039581,-9.262939,-0.7522278
1629,E,603731574059122,-1.2388611,9.669815,-2.1628418
1635,E,678438803174129,-0.6062012,-9.516083,0.09262085
1621,E,169259166059401,-0.7236475,9.110536,-3.5230677
1607,E,289550500258033,2.067393,9.475652,0.44532153
1604,E,15257773399742,0.7359772,9.569382,0.9045868
1650,E,356917817098000,-8.1143265,-4.406836,-1.9782863
1636,E,502136819353034,-5.008072,-8.389572,0.43382263
1618,E,197484659953038,1.2476654,-9.614868,-0.08517456
1608,E,40243291759413,3.6387634,8.773239,-2.7102966
1638,E,1136366624154816,3.5933974,-9.112781,-0.5264251
1618,E,197368644318197,-0.41877747,-9.751541,-1.9439392
1613,E,174599967636644,-2.493561,-9.322423,-2.3654714
1629,E,603840942946907,-0.8453369,9.731384,-1.4320679
1614,E,84156983605000,1.0562036,10.049502,-2.0070264
1631,E,1551264837363744,1.5709076,9.709595,-1.2931976
1641,E,1215626014095000,9.889036,-1.5136524,0.31853762
1643,E,707600761174000,3.3386574,-8.792117,0.13891114
1629,E,603761081490033,-0.92414856,9.6779785,-1.9316559
1625,E,705237826682640,-4.5001984,-8.7352295,-0.8540497
1639,E,181164780920122,9.223662,-3.0681696,1.0954969
1609,E,39589083546399,-0.071014404,9.742493,0.22106934
1644,E,1815832612041000,-0.8214917,-8.844808,-2.9650342
1634,E,75393015625686,-2.693283,9.477783,-1.2400665
1615,E,167262449743729,-3.2239227,-9.26387,-0.6319275
1608,E,40252707964780,3.7130737,8.797348,-2.7029572
1650,E,357044865012000,-8.447234,-3.7122805,-1.705254
1645,E,1128857565045000,0.46463382,-9.369317,-0.8765772
1600,E,242063641451228,-1.9329529,9.515305,0.9988861
1621,E,169324528724845,-0.3705027,9.475053,-2.3247697
1637,E,12712867212394,-8.549395,-2.8773816,2.9391818
1612,E,4962391082868,-1.3881073,-9.630844,-1.354187
1610,E,15894153914329,-0.06602478,9.792694,-0.8314209
1630,E,1557188683782756,-8.6237335,2.9219055,-2.6951447
1614,E,84166399647000,0.74006104,10.202784,-2.1698878
1626,E,595897015707602,3.3227386,-9.015976,-1.3625793
1627,E,439681523800667,0.36203003,-9.5513,0.9381256
1637,E,12843534615474,-8.661922,-2.171092,3.9686885
1629,E,603908669072963,-0.67707825,9.816956,-1.4893951
1650,E,356964263324000,-8.102351,-4.2990603,-1.6573536
1650,E,356904437335000,-6.4018874,-5.4223247,-10.281819
1607,E,289510514087214,2.4660277,9.433155,0.15083471
1644,E,1815802001459000,-2.2225783,-8.933423,-2.2177882
1614,E,84175340964000,1.2813355,10.083033,-2.1555176
1615,E,167274383647141,-3.1180878,-9.273956,-0.59552
1613,E,174734086282478,-1.7657237,-9.753978,-0.10055647
1643,E,707513439001000,3.412903,-8.732242,-0.045505375
1603,E,7635922991459,0.6769605,9.639056,-0.20949265
1645,E,1128865786330000,0.6586304,-9.280701,-0.89573735
1615,E,167292813224481,-2.9639587,-9.318253,-0.5175781
1641,E,1215684847719000,9.793235,-1.1567944,1.4202466
1644,E,1815761798088000,-3.1542408,-8.322693,-4.4499464
1650,E,356950198555000,-8.143066,-4.2296047,-1.8010547
1615,E,167302833653556,-3.461914,-9.544586,-0.97480774
1635,E,678347299867435,-0.05543518,-9.639114,0.7762146
1611,E,291871203953920,4.555435,-8.213638,-2.4981537
1609,E,39671966255980,-0.27900696,9.757095,0.3464203
1623,E,685575528013,-0.03718567,-9.440857,-2.9212341
1643,E,707630325619000,3.2069314,-8.820857,0.20597169
1612,E,4912137793699,-1.9236145,-9.537567,-1.1801758
1622,E,289296316838667,-9.537842,2.1620483,-2.5775757
1642,E,1468933280676000,-11.153606,1.8513502,0.2802173
1622,E,289346570102366,-9.506592,2.106842,-2.6507874
1650,E,357046275034000,-8.471185,-3.67875,-1.7747096
1614,E,84083751309000,0.76161623,9.953702,-2.4740553
1614,E,84089685854000,0.79754156,9.733359,-2.6273365
1641,E,1215582110666000,9.872271,-1.1448194,0.7041358
1637,E,12835286258914,-8.135198,-3.4735377,2.2137387
1641,E,1215710013496000,9.845925,-1.5495777,0.6562354
1620,E,940471268901473,3.927185,8.726212,-2.2612915
1620,E,940543375858934,4.1200104,8.586914,-2.4163818
1613,E,174711857417070,-1.560421,-9.767146,1.0887632
1623,E,550526081630,-1.4935913,-9.63472,-0.5590515
1623,E,699573948354,0.66719055,-9.094101,-3.7936707
1621,E,169284106004548,0.95349085,9.470264,-1.3850456
1644,E,1815768992278000,0.9699829,-8.643626,-3.051255
1648,E,463616582221000,3.3218923,-8.866363,-0.6562354
1635,E,678429538052128,-0.1616211,-9.682083,0.45947266
1646,E,1464520616810000,-8.856783,-0.30177248,-3.2404616
1630,E,1557125942683651,-9.099213,0.8383026,-4.6062317
1645,E,1129014417748000,0.5364844,-9.17053,-1.0681788
1632,E,2950668601974,0.89697266,-9.656235,-0.80355835
1649,E,1162362365285095,-1.6921021,-9.39365,1.4460979
1619,E,171928144960952,-0.22744916,-9.837176,1.1671734
1650,E,357045751506000,-8.4376545,-3.6931202,-1.83219
1637,E,12794543025704,-8.803181,-3.344251,2.9679122
1618,E,197503089500271,1.2680817,-9.553833,-0.1595459
1648,E,463505218011000,3.5254688,-8.974138,0.050295413
1608,E,40193642702621,3.6949768,8.728165,-2.6816711
1623,E,581141323945,-1.4346771,-9.667664,-0.2759552
1635,E,678470445643915,-0.7902832,-9.670227,0.2926178
1642,E,1468970517421000,-9.21364,2.2249732,1.8729054
1641,E,1215696352911000,9.956097,-1.1400293,0.5221143
1627,E,439697455825322,0.22184753,-9.645996,1.1223755
1632,E,2987980928195,1.4226685,-9.562988,-1.0349731
1627,E,439661825327812,-0.90971375,-9.1896515,1.5462189
1637,E,12717863160624,-8.645164,-3.00188,3.2169092
1628,E,1135871524272372,-1.1630402,-9.626938,-1.5079498
1612,E,4927042562233,-1.7967529,-9.515549,-1.6837463
1623,E,538320264316,-1.5439911,-9.654068,-0.511673
1644,E,1815853912194000,-0.038320314,-8.947793,-2.6297317
1647,E,1216575284013616,1.1115081,-9.19972,-1.174356
1644,E,1815896956562000,0.9867481,-9.211246,-0.8310718
1635,E,678334872512071,-0.35961914,-9.665436,0.636673
1641,E,1215584326998000,9.872271,-1.1903248,0.6179151
1635,E,678409195050087,-0.28981018,-9.643326,0.6641693
1605,E,179925005842907,-0.06284779,9.65821,-1.0169371
1623,E,528531461671,-1.3536072,-9.666428,-0.42959595
1627,E,439620253048732,5.618698,-6.7660217,3.114853
1650,E,357017419820000,-8.399334,-3.923042,-1.7220191
1611,E,291869743687807,4.6987305,-8.1957245,-2.3472443
1635,E,678384642427296,-0.77809143,-9.485916,-2.472046
1614,E,84018985235000,0.26105714,9.879456,-2.8476784
1640,E,169875014465992,9.540445,1.9063832,-0.8384195
1643,E,707631292881000,3.3242872,-8.801697,0.19639161
1646,E,1464389153611000,-8.780142,0.5939649,-3.163821
1640,E,169839472645782,8.226028,1.4323312,-1.8798972
1643,E,707551003925000,3.300337,-8.794512,0.2203418
1600,E,241979902745981,-2.219696,9.509811,0.7952881
1646,E,1464409062830000,-9.048384,0.3544629,-3.032095
1635,E,678473688441766,-0.66571045,-9.688034,-0.15585327
1601,E,260395380898024,1.0989386,9.655217,0.12749124
1605,E,179974047698044,0.3417723,9.758766,-0.55964464
1607,E,289546869066783,2.0362685,9.516354,0.5279215
1630,E,1557247849726823,-9.209824,1.2671509,-4.5838165
1629,E,603868688019305,-0.8428345,9.801834,-1.2128906
1609,E,39677253426390,-0.13716125,9.756958,0.40229797
1623,E,588472851516,-1.3986206,-9.667587,-0.50445557
1628,E,1135867848430087,-1.0948792,-9.6080475,-1.500824
1642,E,1469055408812000,-9.2328005,2.071692,2.1243825
1625,E,705143845992205,-5.0259857,-8.872818,-0.9371338
1604,E,15405209917405,1.827774,9.110992,2.2984772
1629,E,603893361458907,-0.76750183,9.747971,-1.4944305
1636,E,502167686355728,-4.645813,-8.36055,0.7308197
1629,E,603878758830040,-1.0886383,9.597183,-2.4625854
1633,E,691014282242340,-4.7999115,-8.532745,-0.6043854
1606,E,125440300462749,-9.47551,-2.9623566,-1.8068237
1610,E,15868523700479,-0.16712952,9.81311,0.11991882
1650,E,356942964555000,-8.068821,-4.430786,-1.951941
1627,E,439600594855776,-1.4264832,-9.10231,1.6421509
1647,E,1216570256180076,0.023942016,-10.307038,-0.8571242
1614,E,84052179418000,0.60354495,9.7621,-2.0022364
1634,E,75335612075070,-2.5234222,9.553986,-1.0399475
1641,E,1215639030027000,9.826766,-1.6310084,0.31135255
1622,E,289344606298692,-9.5278015,2.2015228,-2.5923004
1639,E,181253341429542,9.304017,-2.9290066,1.1442788
1612,E,5037821379920,-2.1792755,-9.478058,-1.3278351
1641,E,1215688353476000,9.580078,-2.0070264,1.3819263
1618,E,197402733973083,1.1131287,-9.600647,-0.35256958
1638,E,1136389617512296,2.899079,-9.342624,-0.75387424
1630,E,1557148652366753,-8.772919,0.85350037,-5.3398438
1604,E,15399469560960,2.1151428,9.087723,2.105194
1646,E,1464368216974000,-9.299861,0.8143067,-1.3148658
1633,E,690950987265823,-5.0468597,-8.479477,-0.7862396
1642,E,1468974507027000,-9.06994,1.8968556,2.4093897
1642,E,1468990505932000,-9.204061,2.2824538,1.8585353
1643,E,707526760090000,3.2596216,-8.796907,0.17962648
1620,E,940488147584646,3.8880615,8.80275,-2.27063
1614,E,84115798040000,1.0202783,10.267449,-3.2692018
1646,E,1464445374000000,-8.8951025,0.30895755,-2.9506643
1629,E,603857005886698,-0.8141937,9.817703,-0.873703
1635,E,678335617751329,-1.1438141,-9.559692,0.8265991
1618,E,197358472815284,1.2358856,-9.566284,-0.24079895
1628,E,1135779225394467,-0.4152069,-9.707352,-0.5469818
1621,E,169191089897969,2.5378537,9.137471,-1.5646108
1618,E,197419350816189,1.1400146,-9.578323,-0.3876648
1625,E,705179698016545,-4.6635437,-8.602097,-0.6522522
1635,E,678453989966436,-0.8935547,-9.606232,0.17111206
1624,E,515401070720843,3.9383545,-8.702988,-1.2259979
1609,E,39582084339856,-0.08357239,9.760696,0.12133789
1644,E,1815857439080000,-0.021555176,-8.899893,-2.5770411
1642,E,1469092384227000,-9.208851,2.1435425,2.095642
1622,E,289238409714689,-9.542801,2.218567,-2.6634216
1620,E,940455739724993,3.4328918,8.972122,-2.0846863
1638,E,1136436604632436,3.5335424,-9.08405,-0.61979896
1627,E,439575659547399,-1.5946808,-9.451599,0.8970337
1603,E,7544343403941,0.4842273,9.731832,0.4794389
1627,E,439705029069697,-0.25701904,-9.531586,0.7088928
1647,E,1216536099148943,0.39264908,-9.381081,-2.915539
1605,E,179984662108716,0.52492875,9.72824,-0.6679823
1618,E,197494781096554,1.2787933,-9.563812,-0.2532196
1641,E,1215635705699000,9.848321,-1.6094532,0.30177248
1644,E,1815928796334000,0.23471193,-9.239985,-1.0753639
1623,E,578522915742,-1.6431732,-9.611023,-0.96224976
1625,E,705263064108287,-4.3249207,-8.832718,-0.71621704
1619,E,171899574123047,-0.22505496,-9.826403,1.0887632
1650,E,356989813853000,-8.361013,-3.9685476,-1.3244458
1641,E,1215637015199000,9.826766,-1.6813037,0.31374758
1629,E,603756096443646,-0.9276581,9.733078,-1.9471588
1641,E,1215701208489000,10.425521,-0.91250247,-0.5484595
1620,E,940545450443895,3.203659,8.938644,-2.8931427
1644,E,1815779108647000,6.9383717,-6.6821046,-2.2393434
1619,E,171928424135899,-0.3238158,-9.794081,1.1318588
1633,E,690985227982993,-5.1381226,-8.38916,-0.48046875
1616,E,195443354558878,-2.2627106,-9.401993,-0.20210266
1635,E,678387784512179,-0.7832794,-9.506668,-2.5249481
1614,E,84062327268000,0.7831714,9.833951,-2.5818312
1627,E,439723901734703,0.19308472,-9.455048,1.4878998
1625,E,705205801543841,-4.604126,-8.56636,-0.6702118
1648,E,463649310506000,2.9650342,-8.389753,0.90052736
1620,E,940393320913442,3.4086761,8.145721,-0.425354
1643,E,707597516548000,3.3171022,-8.792117,0.1939966
1627,E,439627141498308,2.2027893,-5.8073425,5.429306
1636,E,502153536861500,-4.646988,-8.486084,0.36968994
1643,E,707589434986000,3.3458424,-8.751402,0.19160157
1623,E,532539640382,-1.1156769,-9.64711,-0.12214661
1626,E,596052760641541,4.0049744,-8.217987,-3.536255
1634,E,75322922873182,-2.505844,9.578644,-1.1233063
1649,E,1162384033505658,-1.8680758,-9.329007,0.99778354
1644,E,1815920574300000,-0.50534916,-9.965676,-1.4226416
1646,E,1464404649855000,-9.125025,0.488584,-2.7135572
1646,E,1464390242157000,-9.034014,0.23710695,-2.919529
1641,E,1215544190752000,9.970467,-1.9136207,0.17004639
1627,E,439562084113663,-1.8034973,-9.519348,0.41506958
1613,E,174621357915387,-2.2098482,-9.503783,-1.9680338
1601,E,260303362421495,0.80445176,9.65821,0.60333884
1620,E,940483796998708,3.8052063,8.906967,-1.8501282
1649,E,1162432275528402,-2.0691888,-9.344569,0.94331545
1619,E,171834769874478,-0.14305355,-9.81922,1.0271125
1626,E,596018671000772,4.0874023,-8.156876,-3.5258636
1614,E,84088004382000,0.7759864,9.821976,-2.9338992
1626,E,595983322467370,3.2563477,-9.032883,-1.1723175
1614,E,84167982149000,0.8167017,9.984837,-2.3303542
1603,E,7620917631726,0.741604,9.721656,0.21787235
1627,E,439576404786657,-1.643753,-9.513977,0.9879303
1623,E,690248379205,-0.03501892,-9.451004,-2.8682098
1623,E,566115693908,-1.4805908,-9.663055,-0.63287354
1648,E,463529219944000,4.4547367,-6.952742,-0.7448511
1620,E,940499708838165,3.7375946,8.807312,-2.6521606
1606,E,125424136827684,-9.612686,-2.2231598,-1.6939545
1645,E,1128932908333000,0.5843848,-9.2328005,-1.2358302
1648,E,463656948450000,3.171006,-8.854387,-0.011975098
1603,E,7542426529518,0.712275,9.677363,0.5057751
1629,E,603793610183624,-1.2585907,9.662811,-1.9696198
1627,E,439725331788414,0.078567505,-9.56221,0.862442
1620,E,940439122922734,3.824707,8.988037,-2.2233887
1650,E,356972484631000,-8.454419,-3.8487966,-0.852627
1637,E,12761448880414,-8.721778,-2.9923031,3.3629556
1601,E,260226906617618,0.9888053,9.648034,-0.037708677
1637,E,12746452163134,-8.781632,-3.0761003,3.011008
1603,E,7551806244511,0.49440265,9.749788,0.31783026
1641,E,1215571250530000,9.584868,-2.1363575,1.2909156
1619,E,171847260086037,-0.08080431,-9.766547,0.98700964
1610,E,15783123333503,-0.33772278,9.768814,-1.0283966
1650,E,357070818835000,-8.4304695,-3.66438,-1.9279908
1620,E,940427319919485,3.818283,8.76384,-1.6268158
1629,E,603886714730391,-0.7338104,9.7569275,-1.6037292
1603,E,7527106059783,0.8559271,9.711481,0.38965634
1640,E,169955148521582,8.491784,3.115455,3.6818333
1643,E,707619019660000,3.6955154,-8.669971,-0.17244141
1644,E,1815824188543000,-0.4167334,-8.782537,-3.0871804
1619,E,171813940899226,-0.17298107,-9.872491,0.94810385
1616,E,195517274230166,1.0241394,-9.411102,-0.5184479
1627,E,439661966319023,-0.4139862,-9.319763,2.7112885
1625,E,705127813275315,-5.3541107,-8.245987,-0.81440735
1637,E,12850033799304,-9.394548,-2.9563901,3.1929672
1624,E,515456107644767,3.898529,-8.726517,-1.2450104
1608,E,40094092837856,3.9876251,8.369934,-3.7957916
1641,E,1215582271868000,9.941727,-1.1975098,0.7759864
1646,E,1464375874330000,-9.814791,0.8286768,-2.208208
1643,E,707577242744000,3.3985329,-8.770562,0.098195806
1604,E,15369811049546,1.931366,9.245743,2.0451965
1614,E,84157517735000,0.90771246,10.104588,-2.088457
1622,E,289370941446899,-9.505676,2.1988525,-2.6999054
1632,E,3009331019704,1.2319336,-9.55542,-0.9099121
1644,E,1815895062091000,0.98914313,-9.295072,-0.8047266
1648,E,463611967008000,3.3099172,-8.866363,-0.2706372
1642,E,1469084203262000,-9.19927,1.9902613,2.2129982
1645,E,1128877131135000,1.1903248,-9.501043,-0.9987232
1637,E,12801741244774,-8.8127575,-3.0425816,3.0756514
1647,E,1216522891203948,-0.23104046,-9.367314,-2.0967221
1601,E,260396896933231,1.0534488,9.680955,0.18375498
1647,E,1216531828824152,-0.3453636,-9.489418,-2.6803088
1635,E,678460556115303,-0.84198,-9.684006,0.18191528
1609,E,39597543034712,0.3322754,9.930023,-0.23406982
1643,E,707578794421000,3.3554225,-8.772957,0.16286133
1614,E,84188456125000,1.2334352,9.917776,-1.949546
1626,E,596007593107629,4.100006,-8.140076,-3.4467468
1644,E,1815875272801000,-0.3879932,-9.041199,-2.191443
1620,E,940394650259145,2.8973236,7.620285,-0.7580719
1623,E,557575647529,-1.4291687,-9.639542,-0.702713
1602,E,98268617427639,-0.41822815,9.694672,-1.7859497
1644,E,1815905501026000,0.7113208,-9.359736,-0.48139894
1613,E,174608905654923,-1.9141643,-9.524135,-2.3876176
1645,E,1128903931714000,2.6057813,-9.074729,-1.8369801
1616,E,195474574051975,0.37475586,-9.621658,-0.28974915
1650,E,357066567146000,-8.406519,-3.66438,-1.8705103
1600,E,242060922335017,-1.8928986,9.564499,1.0132141
1623,E,603679789740,-1.4314423,-9.648254,-0.5576172
1637,E,12837535647214,-8.889372,-3.1646857,2.5704749
1645,E,1128955093924000,0.68737066,-9.14179,-1.089734
1614,E,84033425923000,0.87178713,10.063872,-1.9303858
1620,E,940409333488024,4.377289,8.506592,-1.8631287
1629,E,603793660537628,-1.2825623,9.670837,-1.965683
1605,E,179938333756599,-0.2885013,9.544485,-1.447295
1644,E,1815889137569000,2.2968237,-8.713081,0.021555176
1643,E,707536876732000,3.288362,-8.816068,0.038320314
1627,E,439653204722343,-0.29811096,-9.642227,0.4331665
1627,E,439698724746220,0.4179535,-9.761871,1.3359222
1613,E,174706472873012,-2.746748,-9.498995,-0.8702923
1641,E,1215592950384000,9.06994,-3.3530276,0.6945557
1642,E,1468975756430000,-9.220825,2.2369483,1.8369801
1646,E,1464399108066000,-8.954978,0.22273682,-2.6369166
1635,E,678383232515187,-0.9123535,-9.560669,-2.4297943
1646,E,1464395037645000,-9.074729,0.29937744,-3.06323
1620,E,940444802853767,5.4993134,8.729385,-1.9260712
1600,E,242038263052247,-1.9684448,9.518387,0.97250366
1613,E,174702203117908,-2.7605145,-9.507974,-1.0959458
1635,E,678372114351970,-0.9332123,-9.479202,-2.2824097
1601,E,260349770738976,0.83018947,9.690532,0.17238252
1628,E,1135751832823767,-0.46925354,-9.690674,-0.47187805
1611,E,291995326578880,5.40921,-7.7111206,-2.352478
1618,E,197410085669663,1.1438446,-9.597626,-0.359787
1646,E,1464497140968000,-8.923843,-0.16765137,-2.8093581
1622,E,289237352280607,-9.516998,2.3282776,-2.5639343
1612,E,5015917372522,-1.781189,-9.509933,-1.5443115
1623,E,661949432896,-1.0527191,-9.409485,-2.7665558
1625,E,705270234530427,-4.250824,-8.797409,-0.7966156
1647,E,1216558764092075,1.4167689,-9.3661175,-2.7180176
1620,E,940429918186087,3.612503,8.789642,-2.081833
1605,E,179988572512153,0.18614918,9.528923,-1.1150994
1605,E,179937615525140,-0.16220717,9.809045,-1.1941081
1632,E,2923729220020,1.143753,-9.604507,-0.7391815
1619,E,171863900015509,-0.1592144,-9.833585,1.1432313
1609,E,39661845093657,-0.123565674,9.720642,0.4464264
1619,E,171795943407306,-0.1945289,-9.841366,0.8619126
1621,E,169232869399776,-0.20829555,9.605537,-2.0147207
1616,E,195489680264915,0.4812622,-9.623596,-0.3421173
1640,E,169909457096382,9.370457,2.1386206,-2.030732
1623,E,534896207765,-1.4843445,-9.63298,-0.6920471
1614,E,84035621610000,1.0633887,9.79084,-2.1674929
1636,E,502026493725224,-4.49675,-8.653915,0.41419983
1642,E,1468939889728000,-9.189691,2.2561085,1.9423609
1602,E,98205775616134,-0.67259216,9.75029,-2.0135193
1621,E,169330514329478,0.11911154,9.709086,-2.0392613
1615,E,167168690605237,-3.0843658,-9.29245,-0.260437
1612,E,4916115740029,-1.8951263,-9.57959,-1.1779327
1605,E,179891564145888,0.8499416,9.636662,-0.7386112
1642,E,1468967172590000,-9.21364,2.3327491,1.8369801
1615,E,167157411291388,-3.7480621,-9.195801,0.57199097
1625,E,705284514915251,-4.2196655,-8.834305,-0.81759644
1601,E,260294743184415,0.7505822,9.673173,0.6841431
1642,E,1469087366758000,-9.163345,1.9447559,2.2872438
1617,E,267483650383784,-4.714035,-8.005661,1.177414
1601,E,260228741812877,1.0175357,9.7084875,0.04369418
1627,E,439616305294825,5.450241,-6.692459,3.1315002
1627,E,439586676997565,-1.7675323,-9.465851,1.3259888
1609,E,39744979541494,-0.015472412,9.757996,0.4348755
1648,E,463512775382000,3.283572,-9.14179,-0.5604346
1627,E,439701786269658,-0.16862488,-9.603302,0.72654724
1646,E,1464420367283000,-8.749006,-0.13651612,-3.0871804
1634,E,75402885015410,-2.7825317,9.509186,-1.1663971
1646,E,1464420689838000,-9.048384,0.5340894,-2.8836036
1644,E,1815856451501000,0.031135255,-8.919053,-2.6704469
1641,E,1215706245825000,9.81958,-1.5040723,0.6610254
1646,E,1464532102641000,-8.897498,-0.05748047,-3.6260598
1650,E,356978650782000,-8.394544,-3.9278321,-1.1687696
1604,E,15291409872195,0.7815857,9.57988,1.0891571
1604,E,15287885091922,0.916687,9.549805,1.1075592
1644,E,1815762543468000,-2.1028273,-8.171807,-4.009263
1625,E,705237121726585,-4.4767,-8.724335,-0.7346344
1620,E,940558300774631,3.6373901,8.961105,-1.8130493
1617,E,267503791989903,-3.9096375,-8.710556,1.3607788
1614,E,84040310191000,0.37122804,9.960887,-2.7231374
1645,E,1128961441685000,0.50534916,-9.235196,-1.0274634
1635,E,678439588696590,-3.6378021,-12.257782,-0.6712494
1611,E,291897891591599,5.0702667,-7.5887756,-3.5205688
1608,E,40238659191053,3.6131592,8.744888,-2.9348602
1622,E,289234230350883,-9.513687,2.1624146,-2.5511017
1613,E,174633608523192,-1.3377602,-9.806051,0.5554548
1612,E,4965664079228,-1.6667328,-9.5173645,-1.5647278
1627,E,439676427975471,0.038772583,-9.490219,1.1110077
1635,E,678367582491618,-0.8244324,-9.504028,-2.6572266
1627,E,439684927749594,0.4136505,-9.53125,0.9720459
1635,E,678357249849797,0.18283081,-9.639374,0.66581726
1642,E,1468942610234000,-9.237591,2.339934,2.0070264
1645,E,1128990216786000,0.66342044,-9.244776,-1.1232642
1630,E,1557282694714293,-9.016327,0.9578552,-4.793869
1648,E,463580025050000,3.3506324,-8.859178,-0.39757326
1633,E,691018109146637,-4.757416,-8.529465,-0.85995483
1650,E,356930451297000,-8.128696,-4.181704,-1.7890797
1641,E,1215555091178000,9.711804,-0.6466553,0.102985844
1647,E,1216619975412301,0.3716998,-9.607931,-1.2599486
1626,E,595967058121821,3.6548615,-8.4279175,-3.3085785
1641,E,1215677574012000,9.879456,-1.1304493,0.45505372
1618,E,197500773216091,1.3201294,-9.587036,-0.25878906
1614,E,84140426356000,1.0394385,10.336905,-2.071692
1649,E,1162315359350429,-1.7555484,-9.237429,1.5125369
1616,E,195571203405566,0.3719635,-9.002441,2.3724365
1600,E,241914845368811,-2.2915344,9.490234,0.637558
1619,E,171958072983075,-0.08080431,-9.872491,1.0720038
1629,E,603813953222161,-1.0838013,9.707962,-2.0170135
1632,E,3002986435374,1.1853485,-9.58989,-0.673645
1632,E,3056814851882,1.2851563,-9.586304,-0.68014526
1629,E,603800055492782,-1.173645,9.648087,-2.1615906
1630,E,1557208271489891,-8.821289,1.1059418,-5.1625366
1645,E,1129002347441000,0.42152345,-9.268726,-0.95561284
1646,E,1464519447978000,-8.837623,-0.22273682,-3.1207106
1641,E,1215628250619000,9.85311,-1.5376027,0.244292
1610,E,15887708601548,-0.0914917,9.822113,-0.8258362
1639,E,181174668778692,9.1551285,-3.0702643,1.4432547
1635,E,678356524720950,-0.116882324,-9.642899,0.70396423
1620,E,940479305399146,3.8001099,8.945251,-1.9927826
1605,E,179849188603143,-0.24001873,9.767744,-0.50397944
1603,E,7570880252317,0.6757634,9.7240505,0.31124622
1643,E,707640684230000,3.1901662,-8.830438,0.13172609
1646,E,1464357819164000,-9.489068,1.214275,-1.4394068
1617,E,267382187064668,-4.2137146,-8.910721,1.610672
1643,E,707620652040000,3.6452198,-8.648416,-0.086220704
1641,E,1215710356032000,10.011182,-0.7783814,0.4981641
1648,E,463658379336000,3.8200562,-8.753797,0.07664063
1650,E,357042446781000,-8.408914,-3.7625759,-1.7459693
1636,E,502018537792607,-4.516464,-8.503784,0.49934387
1603,E,7632810536355,0.75596917,9.621698,0.023942016
1635,E,678478421717444,-0.9615631,-9.609619,0.46658325
1647,E,1216578157163196,1.9692309,-9.776723,-1.0187328
1627,E,439625630878191,8.812622,-3.050888,1.2585602
1610,E,15891736922142,-0.13798523,9.814911,-0.79577637
1635,E,678495985188776,-0.7477875,-9.638016,0.56721497
1646,E,1464366101263000,-7.812554,-1.3076807,-1.829795
1616,E,195482127143753,0.30838013,-9.646973,-0.36050415
1614,E,84062604399000,0.7927515,9.829161,-2.6560767
1647,E,1216628075797183,0.5153519,-9.674371,-1.3976152
1636,E,502081530653831,-4.4327545,-8.703003,0.23622131
1603,E,7604160145827,0.81881696,9.689933,0.20051439
1635,E,678350623231692,-0.052200317,-9.626602,0.7223053
1623,E,589016674758,-1.3076324,-9.65773,-0.4704895
1649,E,1162382157246512,-1.8842367,-9.343372,0.9504981
1641,E,1215628029103000,9.80521,-1.575923,0.20597169
1611,E,291946634273022,5.3828278,-7.6974335,-2.3390656
1647,E,1216662073182281,0.41838676,-9.654019,-1.2503718
1613,E,174720399259412,-1.0875661,-9.799467,1.1941081
1641,E,1215651763912000,9.812395,-1.7220191,0.081430666
1643,E,707498506048000,3.9445972,-8.480764,-1.22625
1606,E,125308725454823,-9.730759,-1.8979797,-0.96188354
1635,E,678436063931034,-0.18437195,-9.669479,0.32070923
1637,E,12781195947844,-8.882189,-2.7433062,3.1953614
1633,E,690980192581036,-4.762909,-8.482895,-0.7872467
1618,E,197434104517132,1.207016,-9.601639,-0.06968689
1609,E,39692158194628,-0.3631897,9.692505,0.35839844
1610,E,15937659759264,0.18739319,9.741074,-1.3182068
1641,E,1215573305613000,9.623189,-2.1674929,1.3196558
1626,E,596016405070597,4.153763,-8.136902,-3.5199738
1613,E,174590629698523,-1.6831238,-9.657611,-1.7154455
1641,E,1215655652720000,9.81958,-1.7627344,0.083825685
1629,E,603738321503044,-1.3105927,9.695068,-1.8575592
1645,E,1128979839105000,1.961521,-8.823253,-2.2201831
1650,E,357002972137000,-8.315508,-3.9685476,-1.5423926
1607,E,289435098280577,2.1877017,9.543886,0.17956513
1615,E,167315220742429,-3.0697632,-9.311127,-0.5474396
1625,E,705223707444089,-4.4946594,-8.686707,-0.9090271
1620,E,940382384030961,8.97168,2.5963898,0.16693115
1612,E,4934998493780,-1.5842896,-9.591278,-1.3126373
1601,E,260294702955352,0.81283146,9.694122,0.60214174
1644,E,1815866446657000,1.710044,-9.16095,-0.9484278
1622,E,289210161130505,-9.639496,2.0973206,-2.5169983
1625,E,705200443877825,-4.759079,-8.91568,-0.6920166
1600,E,242021394434185,-1.2914734,9.686371,0.98420715
1648,E,463646267726000,3.2596216,-8.911868,-0.016765138
1605,E,179925444892228,-0.05207389,9.681553,-0.93493575
1610,E,15936703033190,-0.02961731,9.796982,-1.2187195
1633,E,690898266631914,-5.008484,-8.490967,-0.9118805
1620,E,940399202261098,3.7687073,8.759033,-2.4430542
1635,E,678380291841359,-0.848938,-9.494751,-2.4322662
1645,E,1128953381083000,0.6945557,-9.177715,-1.0298585
1611,E,291915616196775,5.4947815,-7.469101,-3.156067
1615,E,167257464695295,-3.1415558,-9.265488,-0.6719208
1615,E,167287475686967,-3.067627,-9.278885,-0.48661804
1623,E,613629724235,-0.9224701,-9.72406,-2.7097168
1640,E,169891661048562,9.384822,2.2319946,-1.9636943
1628,E,1135911354299849,-1.2778015,-9.577942,-1.5790863
1648,E,463666460663000,0.7568262,-9.314231,0.16046631
1603,E,7621956203546,0.81402856,9.714474,0.17597382
1630,E,1557168693263643,-9.001678,0.84506226,-5.0349426
1641,E,1215658755542000,9.783655,-1.8274,0.098195806
1636,E,502084199416038,-4.458954,-8.702377,0.317688
1634,E,75371363421106,-2.6583557,9.556046,-1.0982056
1625,E,705230515279625,-4.4226685,-8.80127,-0.8387451
1603,E,7576826560910,0.7625532,9.726444,0.077213004
1636,E,502083293043968,-4.4631042,-8.682495,0.28674316
1635,E,678486699915687,-0.77053833,-9.613831,0.29200745
1602,E,98268416011623,-0.51246643,9.730026,-1.7639008
1630,E,1557124381709530,-9.032852,0.78970337,-4.721588
1624,E,515394524712429,3.8235168,-8.686798,-1.3559875
1648,E,463545160353000,3.1925611,-8.966953,0.8813672
1645,E,1128887649811000,0.7209009,-9.280701,-0.98914313
1627,E,439596546393862,-1.4098969,-9.481033,1.889801
1629,E,603850157742734,-1.1398315,9.662521,-2.2698212
1613,E,174673831222447,-2.5785553,-9.479841,-1.316811
1641,E,1215693209663000,9.81958,-1.4226416,0.39996827
1623,E,598402690130,-1.4913788,-9.648544,-0.47787476
1634,E,75348250936375,-2.4023132,9.540482,-1.286499
1645,E,1128920979184000,0.5556446,-9.259146,-1.0514137
1624,E,515429973906786,4.025055,-8.790329,-1.1732025
1650,E,356923015381000,-8.052056,-4.3086405,-1.7723145
1606,E,125443120286967,-9.344925,-2.938797,-2.3121185
1644,E,1815930831620000,0.3161426,-9.19927,-1.1400293
1635,E,678455420020147,-0.76823425,-9.690872,0.072021484
1625,E,705149566198390,-5.2485504,-8.2808075,-0.97299194
1626,E,595987149371667,3.2006989,-9.108429,-1.1443787
1625,E,705133654339768,-4.416336,-9.056503,-0.010803223
1619,E,171963579629115,-0.074220255,-9.844358,1.1204864
1620,E,940534654540506,3.759018,8.638809,-2.7453156
1636,E,502163406265396,-4.731949,-8.454163,1.0141449
1626,E,596046113933577,3.6775818,-8.537064,-3.1244354
1629,E,603877651041954,-1.0797577,9.587509,-2.444275
1604,E,15295236776492,0.9334564,9.559418,1.1414948
1647,E,1216569817296014,2.6138697,-8.829217,-3.5170822
1614,E,84113740465000,0.48379397,9.879456,-3.1326857
1605,E,179903338081352,0.23343466,8.822035,4.0521865
1650,E,356947941647000,-8.123906,-4.2367897,-1.8274
1647,E,1216533146315947,-0.2172738,-9.634866,-2.3786395
1602,E,98148170643987,-0.19369507,9.783752,-1.7936707
1610,E,15930056304674,-0.04736328,9.749405,-1.1457977
1601,E,260332771715286,0.5793968,9.631873,0.8391677
1641,E,1215663994144000,9.814791,-1.8920655,-0.07185059
1615,E,167268794352708,-3.206726,-9.256073,-0.4183197
1633,E,691023547382670,-5.046631,-8.363846,0.3157959
1649,E,1162299916881266,-2.0446482,-9.201516,1.697489
1646,E,1464482391078000,-9.012459,0.17244141,-2.794988
1617,E,267463408077065,-3.0512848,-8.834442,1.2202454
1645,E,1128872134058000,0.974773,-9.326206,-1.0729688
1614,E,84117261778000,0.9508228,9.975257,-1.5376027
1645,E,1128952937887000,0.7185059,-9.273516,-1.0609937
1650,E,357003375336000,-8.370594,-3.9422023,-1.5208374
1639,E,181187210821862,9.208249,-3.0080152,1.3693337
1625,E,705289812165534,-4.631607,-8.992386,-0.61047363
1605,E,180014309828133,-0.4177882,9.681553,-1.0540473
1643,E,707565554073000,3.4488282,-8.789722,0.098195806
1624,E,515473026610700,3.691208,-8.882507,-0.9880371
1607,E,289436296331200,2.2798786,9.358934,0.0796072
1628,E,1135861050624406,-1.1769104,-9.645538,-1.7082672
1635,E,678431532070683,-0.14859009,-9.695938,0.44662476
1621,E,169193205104375,2.6647465,8.103176,-1.567005
1614,E,84158941965000,1.0035132,9.72378,-1.1783496
1631,E,1551438256556463,1.7246552,9.585831,-1.3750458
1621,E,169295638324804,1.0510546,9.197925,-1.7926586
1639,E,181225147948472,9.225009,-2.9074588,1.290325
1639,E,181171322360652,9.239075,-2.998588,1.3687352
1643,E,707558117350000,3.391348,-8.768167,0.13651612
1645,E,1128858250432000,0.26345217,-8.794512,-0.4766089
1630,E,1557284658520445,-9.022339,0.9453583,-4.9022675
1646,E,1464361809094000,-9.3309965,0.5412744,-1.0681788
1641,E,1215658433117000,9.7812605,-1.8489552,0.043110352
1650,E,356992352846000,-8.337064,-4.1888895,-1.2837305
1642,E,1468993367233000,-9.230406,2.1770728,1.9423609
1605,E,179837735566950,-1.1109096,10.065224,-0.6853402
1648,E,463635989285000,4.600833,-8.475974,-0.05269043
1646,E,1464473726278000,-8.957374,0.28740236,-2.7710378
1618,E,197358674232609,1.1367493,-9.515961,-0.24028015
1646,E,1464416780521000,-8.892708,0.4766089,-3.1973512
1649,E,1162350471567704,-1.7926586,-9.241618,1.5472529
1642,E,1469061292728000,-9.189691,2.0333717,2.1171973
1644,E,1815774433305000,1.7699195,-9.465117,-2.7614577
1638,E,1136279619681916,3.564667,-8.753651,1.2811972
1642,E,1468999613652000,-9.204061,2.1746778,1.9184108
1627,E,439555578376358,-6.1748505,-3.6349182,5.6402283
1604,E,15397304338792,1.7431793,9.160645,2.1535187
1634,E,75410740244802,-2.86438,9.523819,-0.9599762
1638,E,1136442602491316,3.373131,-9.045743,-0.8233061
1645,E,1128869836990000,0.48139894,-9.429193,-1.1376343
1614,E,84066857510000,0.92208254,9.927357,-2.9722195
1623,E,645493733716,-1.1063843,-9.438202,-2.6641083
1642,E,1469008338673000,-9.002879,1.9878663,2.7279274
1644,E,1815790292932000,-1.5088624,-9.010064,-3.439248
1640,E,169819630018252,9.478195,0.682946,-2.148048
1602,E,98287550520826,-2.141037,9.594986,-1.5267639
1645,E,1129018165830000,1.9830762,-9.740545,-1.8896705
1647,E,1216624923404169,0.43514615,-9.64983,-1.4119805
1640,E,169931352746102,9.329755,1.6597804,-1.5854105
1643,E,707622707753000,3.4871485,-8.727451,-0.08861572
1615,E,167242408827239,-3.2467499,-9.275574,-0.7467499
1623,E,703420994252,0.67292786,-9.106796,-3.8895416
1648,E,463500482251000,3.7314405,-8.693921,0.5843848
1615,E,167203686631183,-3.206955,-9.2100525,-0.70022583
1643,E,707665815056000,3.297942,-8.796907,0.05269043
1643,E,707666842861000,3.2404616,-8.825647,0.10538086
1641,E,1215542961775000,9.651929,-1.6070582,-1.707649
1646,E,1464405415564000,-8.954978,0.49576905,-2.8476784
1636,E,502060180529014,-4.451889,-8.70784,0.3261261
1641,E,1215641931607000,9.82437,-1.5711329,0.09340577
1646,E,1464385123571000,-9.15616,0.24189699,-2.7063723
1600,E,242017013664048,-2.1478882,9.515091,0.7680359
1643,E,707587863134000,3.302732,-8.765772,0.22513184
1650,E,357002045228000,-8.301138,-3.9637575,-1.5735279
1600,E,241922650248421,-2.3743744,9.501236,0.608078
1613,E,174623430311376,-2.4839842,-9.507974,-1.8650831
1648,E,463614748068000,3.0895753,-8.921448,-0.44307864
1619,E,171877985993317,-0.18974048,-9.825804,1.1408371
1600,E,241936145127303,-2.170929,9.54686,0.77067566
1611,E,291926996188731,5.1977386,-7.8140717,-2.6611023
1638,E,1136420658935956,3.6412816,-8.959552,-1.9006969
1648,E,463603684131000,3.3051271,-8.854387,-0.4742139
1610,E,15798783401142,-0.2575531,9.848251,-0.7959442
1650,E,356915781981000,-8.305928,-4.7325587,-1.6908839
1635,E,678468552333368,-0.714859,-9.689972,0.14259338
1646,E,1464448316029000,-8.931028,0.25866213,-2.929109
1639,E,181304681403802,9.272893,-2.768595,1.0437223
1601,E,260315134108834,0.89184016,9.599552,1.264737
1643,E,707647354971000,3.173401,-8.835227,0.122146
1645,E,1129016090211000,0.6011499,-8.804092,-0.8669971
1621,E,169241648292535,0.5033809,9.484032,-2.3385365
1645,E,1128882108471000,0.4239185,-9.201666,-1.6932789
1600,E,241929699814803,-2.3086548,9.531616,0.635376
1635,E,678449881079717,-0.9082031,-9.7447815,-0.02482605
1610,E,15776980122983,-0.3312683,9.836578,-1.1030426
1625,E,705155064855617,-5.283371,-8.268494,-0.91348267
1601,E,260233290851158,0.79487497,9.7324295,0.23163901
1611,E,291942454864678,5.2154083,-7.8503876,-2.134781
1637,E,12741653352394,-8.72896,-2.9994857,3.0062196
1650,E,356999284439000,-8.339458,-4.152964,-1.3699512
1647,E,1216651976866296,0.57760113,-9.621698,-1.3623008
1649,E,1162326931256722,-1.7549498,-9.342773,1.6053122
1610,E,15797625276646,-0.20344543,9.836838,-0.83576965
1614,E,84187546238000,1.0274634,9.889036,-1.3915064
1600,E,241955128573673,-2.3704681,9.497757,0.52108765
1627,E,439713971932187,0.43475342,-9.52507,0.76916504
1605,E,179993520763974,1.0342951,9.88925,2.034473
1631,E,1551331355002270,1.7750092,9.599655,-1.177185
1610,E,15800445083271,-0.30093384,9.839203,-0.8120117
1646,E,1464374282386000,-9.09868,0.17483643,-2.2393434
1604,E,15311098280993,0.89808655,9.593018,1.2185669
1644,E,1815902780332000,0.62749517,-9.350157,-0.6394702
1625,E,705266165914927,-4.3711395,-8.713242,-0.6307831
1605,E,179960200524715,-0.4285621,9.7719345,-0.95109665
1614,E,84152196413000,0.97237796,9.975257,-2.311194
1612,E,4951615316811,-1.5975189,-9.636536,-0.766037
1608,E,40226473513001,3.409378,8.837463,-2.8453827
1632,E,2963106049311,1.1151123,-9.701752,-0.7082825
1646,E,1464464074064000,-9.077125,0.32572266,-3.051255
1603,E,7560822059612,0.7026982,9.718064,0.27114335
1627,E,439570181037088,-1.8018646,-9.465515,1.054718
1646,E,1464422362226000,-9.074729,0.1939966,-2.7111623
1620,E,940560153801975,3.6977997,9.063889,-1.6910706
1617,E,267499662961582,-4.447052,-8.806976,2.1871796
1625,E,705265239401255,-4.3300476,-8.772797,-0.6551056
1627,E,439637171989938,0.86720276,-9.026947,2.3098145
1648,E,463558017933000,3.5949244,-8.729847,-0.57001466
1645,E,1128992957384000,0.6825806,-9.216036,-1.1160791
1642,E,1469011300323000,-9.053174,3.5829494,0.7592212
1622,E,289222648926217,-9.50708,2.3832397,-2.5523071
1639,E,181256240753652,9.210644,-3.0463223,1.1514614
1634,E,75407366526540,-1.249176,10.059326,-0.4478302
1607,E,289406006810119,-2.1278467,4.0665517,8.183381
1607,E,289574203301252,2.6898856,9.352949,0.11133038
1642,E,1468971262957000,-9.204061,2.4453151,1.9399658
1646,E,1464415470730000,-8.732242,0.41912845,-3.403323
1644,E,1815887505463000,-5.1756372,-7.074888,0.16046631
1608,E,40212021938621,3.4468994,8.796204,-3.0230713
1618,E,197401424768981,1.1431274,-9.60228,-0.3665161
1641,E,1215555655350000,9.750125,-1.3244458,0.62989014
1607,E,289533860341527,2.1517887,9.518747,0.41060558
1650,E,356967185196000,-8.231683,-3.8847218,-1.1088941
1634,E,75348502706395,-2.4522705,9.597504,-1.1535492
1607,E,289550859430740,1.941099,9.541492,0.39025488
1623,E,691114468073,-0.026977539,-9.449921,-2.858612
1639,E,181289283629362,9.359084,-2.7781718,1.134702
1627,E,439581520753454,-1.7080688,-9.484695,0.96365356
1622,E,289265701585223,-9.510513,2.2519531,-2.624466
1624,E,515387324105897,3.8653717,-8.725281,-1.5578156
1609,E,39686115705455,-0.521698,9.764664,0.4397583
1621,E,169188177144376,1.2707225,9.444528,-2.2547395
1648,E,463546732885000,3.1901662,-8.837623,-0.48379397
1650,E,356927730902000,-8.044871,-4.2248144,-2.0237916
1633,E,690911409012672,-4.196533,-8.880814,-1.3382416
1609,E,39738181754183,-0.41020203,9.595551,0.70806885
1612,E,4963146379033,-1.4603271,-9.618759,-1.3323212
1615,E,167330729770425,-3.1220703,-9.261307,-0.3947296
1644,E,1815864243428000,1.8968556,-8.749006,-0.69216067
1614,E,84179356727000,1.089734,10.133328,-2.1579127
1604,E,15386830702544,1.9844055,9.276566,0.9494171
1623,E,548612629482,-1.4749146,-9.61676,-0.6024475
1635,E,678345708712275,-0.14631653,-9.598785,0.8255615
1617,E,267432440358440,-4.3463593,-8.621933,0.64523315
1633,E,690924249280021,-4.269699,-8.693451,-1.8341522
1608,E,40112522410699,3.6938782,8.695297,-2.768097
1603,E,7649331328954,0.6488287,9.7162695,0.050876785
1635,E,678429779751347,-0.033218384,-9.618225,0.4862671
1630,E,1557289442150816,-9.111603,1.1658325,-4.530121
1613,E,174733926892478,-1.7471687,-9.838373,-0.023343466
1613,E,174747214647944,-2.0081367,-9.752781,-0.1921347
1609,E,39709731761290,-0.051589966,9.799561,0.5043335
1627,E,439730226197594,1.1780701,-9.100616,2.3873444
1612,E,5000055890344,-1.4319763,-9.642563,-1.291153
1636,E,502047440983179,-4.576767,-8.612732,0.39624023
1646,E,1464375229489000,-7.8556643,0.047900394,-2.1195924
1623,E,613810998649,-0.84617615,-9.455872,-2.688858
1608,E,40096106998012,3.4894562,8.819611,-2.845398
1620,E,940553527215061,4.7552795,8.962265,-1.6949158
1649,E,1162298957093506,-1.9967642,-9.215282,1.7304093
1642,E,1469102015870000,-9.168135,2.074087,2.2129982
1617,E,267443820357038,-4.485672,-8.665848,0.75831604
1636,E,502108167920456,-4.6625214,-8.556137,0.6338806
1641,E,1215701410181000,10.324929,-1.1184741,-1.2549903
1613,E,174623310620542,-2.3636756,-9.492412,-1.869273
1633,E,690928378308341,-4.3060303,-8.7673645,-1.629776
1612,E,4862790851129,-2.65271,-9.415665,-1.4033966
1650,E,356913665951000,-7.1132083,-4.382886,-3.6260598
1635,E,678406012655302,-0.35957336,-9.59758,0.5825043
1627,E,439618057614161,4.956955,-7.4650574,3.1763
1648,E,463567106886000,3.3410523,-8.804092,-0.38559815
1618,E,197350667944679,-0.489563,-9.5215,-0.6963501
1633,E,690997564713332,-4.905838,-8.514816,-0.5471344
1604,E,15266182501852,0.84724426,9.621689,0.9278259
1612,E,5022614465554,-2.040039,-9.491898,-1.533783
1639,E,181151560720912,9.176676,-3.1278749,1.1191397
1620,E,940421015609703,4.774826,8.640045,-1.6038818
1614,E,84156370510000,0.91729254,10.35367,-2.1291726
1641,E,1215553720979000,10.454261,-0.10777588,0.42870852
1606,E,125416029863263,-9.645676,-2.2603912,-1.7077332
1617,E,267388279899017,-4.445099,-8.90509,0.29794312
1620,E,940450563351814,3.898117,8.448441,-2.7631226
1617,E,267456710994545,-3.7800293,-8.761032,0.92974854
1607,E,289478592656027,2.5061307,9.427768,-0.09636662
1623,E,708214694509,0.6416321,-9.136139,-3.9035797
1646,E,1464499478461000,-9.0004835,-0.1341211,-2.9794044
1626,E,595941276900297,3.2194824,-9.043167,-1.3470612
1643,E,707605839687000,3.422483,-8.729847,0.035925295
1638,E,1136426057726396,3.5431192,-9.014618,-0.655712
1604,E,15342619893700,0.83750916,9.579834,1.2182465
1643,E,707667104967000,3.2236965,-8.823253,0.13172609
1635,E,678379687593312,-0.7901764,-9.523743,-2.4333954
1623,E,684850430357,-0.09616089,-9.437729,-2.854309
1623,E,531915250734,-1.4375305,-9.601074,-0.2154541
1602,E,98122741849389,-0.53019714,9.675507,-1.1562347
1627,E,439608208367535,7.204544,-5.9116364,2.159958
1637,E,12852633588134,-8.614038,-3.9811084,3.0732572
1622,E,289377890303364,-9.531631,2.2422638,-2.5469055
1637,E,12732556929404,-8.2716675,-3.2077813,2.9319992
1604,E,15377666274749,1.9090881,9.16684,1.9957886
1639,E,181177966214962,9.146,-2.9649196,1.5058032
1628,E,1135752437071814,-0.4333496,-9.742844,-0.5400238
1627,E,439609799554059,6.7470245,-5.0823975,3.8282013
1644,E,1815802290968000,-2.5938063,-8.346643,-2.2417383
1636,E,502118540849831,-4.6069336,-8.581528,0.58047485
1645,E,1128950278370000,0.70174074,-9.15616,-0.86939216
1650,E,356927065972000,-8.138277,-4.3158255,-1.9160157
1614,E,84098152626000,0.65384036,9.848321,-3.2093263
1606,E,125384508234145,-9.6545105,-2.2880707,-1.377945
1609,E,39670858460356,-0.2802124,9.7565155,0.4975891
1637,E,12814089124914,-8.731355,-3.4998739,3.1690252
1644,E,1815915798800000,0.18441652,-9.256751,-1.1184741
1647,E,1216517501737909,-0.08678981,-9.6923275,-0.93254155
1645,E,1129020301946000,0.34727785,-9.204061,-0.9963282
1641,E,1215677231573000,9.989627,-1.1304493,0.7544312
1630,E,1557121612239315,-9.038528,1.2276917,-4.9912415
1604,E,15271117194235,0.8207855,9.573776,0.99972534
1639,E,181222648649002,9.3112,-2.7781718,1.1897686
1614,E,84175143133000,1.3148658,10.066268,-1.7555494
1646,E,1464374645129000,-8.044871,0.26345217,-2.2441335
1606,E,125361043274968,-9.894394,-2.4132538,-1.7121277
1642,E,1468951818656000,-9.21364,2.430945,1.707649
1618,E,197361997596867,0.34191895,-9.57663,-0.6171112
1644,E,1815788700934000,-0.7232959,-8.741821,-3.1135256
1625,E,705152345739406,-5.277405,-8.278595,-0.9724884
1635,E,678386455171437,-0.78115845,-9.519043,-2.4864502
1646,E,1464443983655000,-8.986114,0.20357667,-2.7470875
1634,E,75326951174068,-2.523697,9.58139,-1.2685852
1600,E,241960516447709,-2.2671204,9.44162,1.0508881
1625,E,705188379053996,-4.5998535,-8.727982,-0.7485657
1644,E,1815785315375000,-1.331631,-9.096285,-3.3362625
1650,E,356927428553000,-8.109536,-4.267925,-1.8154249
1646,E,1464471630460000,-8.945398,0.19639161,-3.0105398
1600,E,242043902675435,-1.97995,9.525467,0.8641968
1619,E,171901450489244,-0.089184016,-9.866506,0.9307459
1618,E,197391756801481,1.354538,-9.535141,-0.17970276
1638,E,1136381969412796,3.7035308,-9.036166,-0.44023383
1639,E,181200205609872,9.086145,-3.0750527,1.491438
1644,E,1815786464099000,-1.3220508,-8.669971,-3.1997461
1640,E,169856968355792,9.260324,0.670975,-2.2126913
1641,E,1215655108646000,9.793235,-1.7531544,0.07664063
1609,E,39745936267568,-0.20249939,9.728989,-0.10812378
1625,E,705266508322154,-4.277405,-8.772766,-0.6344147
1613,E,174588075869983,5.203199,-2.7856536,-3.4183214
1644,E,1815841398016000,-0.23471193,-8.272398,-3.5087037
1623,E,673550985270,-0.02909851,-9.406311,-2.9051514
1629,E,603782784076872,-1.3044586,9.669998,-2.0672455
1626,E,596063083231953,3.96315,-8.251404,-3.494217
1612,E,4921453264443,-1.9608307,-9.569275,-1.6236877
1611,E,291942203094659,5.1920624,-7.902008,-1.911026
1628,E,1135750070433630,-0.44192505,-9.705795,-0.61102295
1645,E,1128946489852000,0.39757326,-9.230406,-1.3507911
1604,E,15248860727852,0.7261963,9.650192,0.9390106
1646,E,1464509130953000,-8.828042,-0.16046631,-3.2117214
1649,E,1162402627506170,-1.927931,-9.382876,1.1204864
1611,E,291999254191184,5.3842316,-7.7019653,-2.358017
1636,E,502154141109547,-4.411133,-8.7146,0.63217163
1630,E,1557187424932658,-9.177643,1.5265961,-4.356964
1615,E,167198147690753,-3.4398193,-9.16452,-1.109314
1627,E,439700436782353,-0.21003723,-9.509155,1.2266083
1620,E,940402868033922,3.9958496,9.09407,-2.588791
1648,E,463670954762000,4.016448,-8.327483,-0.89573735
1616,E,195452821131495,-2.7872772,-9.315933,0.10089111
1648,E,463505621166000,3.5901344,-8.825647,0.16765137
1616,E,195589733663698,-0.1538086,-9.262405,2.413742
1635,E,678339142550166,-1.7389221,-9.60051,0.9560547
1629,E,603784143630890,-1.2562103,9.643341,-1.9289246
1623,E,648313575980,-1.1374359,-9.437561,-2.6895294
1646,E,1464369426076000,-9.663904,0.44307864,-1.6741188
1607,E,289469575124574,2.4642322,9.4972,0.1592144
1648,E,463607674332000,3.1997461,-8.8879175,-0.2562671
1620,E,940419082015953,4.377304,8.618668,-2.2071228
1630,E,1557195229799221,-9.1658325,1.2144318,-4.5173492
1612,E,5007407535475,-1.4107513,-9.614517,-1.4701843
1606,E,125410440568829,-9.66983,-2.1648712,-1.7685242
1639,E,181248592425102,9.351901,-2.816479,1.0820296
1607,E,289556722842040,2.373851,9.430161,0.62009823
1642,E,1469037575857000,-9.0076685,2.0190015,2.7590625
1632,E,3011949427907,1.3150177,-9.624725,-1.0440826
1644,E,1815848652562000,0.07424561,-8.904683,-2.6608667
1629,E,603851215176816,-0.8113098,9.75061,-1.0324249
1641,E,1215692947745000,9.8938265,-1.3004956,0.3903882
1611,E,292001419413352,6.2467957,-7.099762,-1.1197968
1637,E,12736905112534,-9.399337,-2.5805006,3.3605614
1647,E,1216606926347717,1.3455414,-9.5809965,-1.158195
1646,E,1464410473375000,-8.928633,0.21315674,-2.9410841
1632,E,3031184667094,1.1484985,-9.605682,-0.87042236
1608,E,40130247010432,3.608017,8.770157,-2.7870636
1649,E,1162342573256508,-1.685518,-9.276335,1.6531962
1610,E,15868171236879,-0.1952362,9.777847,0.5383148
1621,E,169280674326946,0.5153519,9.594165,-1.3628993
1629,E,603858868984843,-0.84291077,9.842499,-1.0400238
1636,E,502161442459243,-4.8014984,-8.423065,0.8551483
1610,E,15892744002220,-0.16836548,9.8207855,-0.81503296
1613,E,174639514174600,-1.8920178,-9.700109,-0.16460137
1645,E,1128908445180000,0.7592212,-9.438772,-0.8981324
1624,B,518557388903003,1.9289856,-8.286942,-2.6321106
1649,B,1165239775636714,-10.535685,-17.79251,-11.366472
1627,B,442979517609532,0.7728119,4.1893005,7.7036743
1638,B,1140552032946446,-5.24001,-13.146262,-1.1990461
1638,B,1140535701941586,2.8595746,-19.909882,-19.698444
1601,B,265401298487884,-0.13347675,4.5076833,3.845088
1628,B,1138714229355564,-0.5935669,0.38702393,0.62342834
1647,B,1218604135165607,11.303026,-4.406528,3.70802
1637,B,16905718957449,10.395325,10.281151,-2.2255602
1622,B,1150004713259485,-0.094833374,-13.100983,3.4479218
1648,B,459938474444000,-2.339934,4.382886,2.8380983
1627,B,442862112219179,-4.4053802,-14.263931,-4.8395386
1645,B,1132059700608000,3.2739918,-1.6597486,3.911067
1644,B,1819674934308000,-0.855022,-33.602127,3.302732
1629,B,1127404397820873,0.24046326,-19.386353,-6.1332245
1648,B,459949313321000,14.887442,10.602752,-10.8997345
1632,B,5932174169589,14.057953,-19.386353,-8.883804
1622,B,1149941972164964,-4.309372,-13.9770355,4.7493744
1646,B,1468120198254000,-2.44292,-4.512217,0.9508228
1626,B,598853238804527,10.590652,-16.496368,14.490036
1612,B,3912510088758,-14.609879,-4.757309,1.768219
1602,B,99250753163171,0.5619812,-19.386353,-5.1950836
1631,B,1554172529302438,2.8792267,15.602402,-9.349289
1635,B,676482340315042,0.25126648,-1.0645447,-1.3479767
1604,B,18728210449677,2.2529602,17.407318,-3.0438995
1649,B,1165322253516578,-6.467936,-16.303915,13.390172
1641,B,1217587174938000,8.389753,4.806804,-10.641072
1628,B,1138629956890521,-1.5883331,-1.9962769,0.5260925
1608,B,111935525365803,-4.1825104,2.0973816,-2.6567688
1603,B,8880878834534,3.2543187,19.392435,-12.840104
1634,B,78138718747789,0.13354492,-1.2160645,4.1858063
1625,B,707678721388064,-7.8391724,-2.1008453,3.8173828
1637,B,16909468147569,19.552547,-19.952827,2.2922986
1650,B,359989258004000,1.6549586,-2.3255641,-1.9423609
1623,B,2418721597465,-8.142731,-14.598419,-14.104218
1610,B,19015145409719,19.250153,19.613052,-13.00827
1635,B,676418451164920,11.740326,-19.386353,-0.013290405
1647,B,1218576402507544,-5.380968,6.1967926,-0.866701
1642,B,1472621842372000,4.0859036,-2.6441016,-1.3100758
1606,B,124400491725909,-19.223068,-17.983093,-8.639633
1610,B,18986544320538,3.0487823,3.9765167,4.8398285
1633,B,695273580271272,-2.4292755,-6.773697,0.39523315
1624,B,518504668235991,3.8340302,-16.234879,3.0607452
1613,B,178730094676808,2.939481,3.5978866,3.1681273
1636,B,504966512936044,-16.057556,-9.042816,2.2977753
1648,B,460016582979000,27.746302,7.038963,-6.4186525
1623,B,2313431374815,2.0695496,-9.3854065,-8.680496
1628,B,1138754089582222,0.85176086,-11.686462,-0.49887085
1600,B,252033240541732,-0.074401855,1.3731995,-3.6208649
1617,B,269197636592412,3.7449036,-3.4773102,-7.140976
1629,B,1127440199529607,-7.876419,-1.2489319,3.706787
1603,B,8901626973694,-1.1575965,2.6420016,-9.332599
1626,B,598958196676231,17.776459,-13.75705,11.207581
1643,B,710339052480000,-0.30416748,-11.187137,6.0354495
1626,B,598932576556599,13.186325,-9.323227,-2.4894562
1621,B,167074825893640,4.0575733,-6.2464724,-1.5215151
1634,B,78180160090213,-7.897064,15.435059,-3.3713531
1631,B,1554258282178631,-0.15711975,17.683258,2.2721405
1606,B,124428538898655,-13.738129,-7.89447,-7.346039
1642,B,1472738563123000,2.2680836,-3.776946,-2.3926246
1644,B,1819800353421000,1.9303858,-7.661668,0.93405765
1608,B,111927629868777,-6.1742554,11.51297,-6.625046
1648,B,459919556106000,35.079853,0.4766089,0.040715333
1643,B,710452291022000,7.544312,-12.296031,-8.921448
1607,B,288996874752916,-4.3101616,19.612701,-1.0540473
1646,B,1468229594715000,-10.197993,-2.802173,2.2177882
1629,B,1127362301866212,2.8716583,3.184784,0.052749634
1637,B,16917266981669,4.4002433,-2.0202572,-4.8448167
1605,B,183260872757872,-0.41479546,-3.0083144,-0.65301853
1640,B,172865925633435,2.7246015,-13.351864,-3.9658456
1635,B,676451362551754,1.3392487,-16.71138,9.17865
1633,B,695157786201015,-0.704895,-15.292969,-2.5904388
1648,B,459886936601000,21.600681,19.823578,-5.130132
1641,B,1217582340306000,2.3686745,-1.9758912,0.99393314
1639,B,185383602790170,19.511847,-19.45214,-5.9160724
1626,B,598899000504248,18.952911,-18.948914,-12.648544
1639,B,185318376972270,3.7394438,6.3645363,0.9720459
1630,B,1560208312701144,-3.6108246,1.0619507,2.3896637
1642,B,1472628490196000,-1.2070899,-1.6525636,3.899092
1635,B,676468905859451,15.513336,-15.370041,-2.5032349
1613,B,178688913760834,-0.92895025,1.0761937,4.5603557
1608,B,111889119135480,3.9124908,2.29451,-1.068634
1636,B,504890579094631,0.21885681,4.405197,-1.0100403
1600,B,252124884835115,1.4345856,8.135941,1.9202881
1614,B,81540534475000,-3.1087356,12.427757,1.219065
1641,B,1217609897830000,5.8198977,-1.9687061,0.086220704
1649,B,1165231714022133,4.1706996,-19.6133,-19.6133
1605,B,183215100908724,-4.5459905,1.4371196,-1.858499
1642,B,1472739751478000,-3.9685476,3.774551,10.3872
1621,B,167204353829007,-7.8128786,19.612701,-9.065046
1635,B,676499742668642,-3.3748932,9.770493,4.361435
1648,B,459893968325000,0.15328126,5.8749833,-0.6562354
1622,B,1149892524538345,-3.2050018,-13.336365,3.0566254
1633,B,695120927076479,-1.9079742,-11.1137085,-0.23242188
1628,B,1138680391457590,-4.3992004,-17.162292,-2.9326935
1622,B,1150020423711460,-4.2369385,-7.027649,-6.403702
1606,B,124378940201428,-4.0395355,-2.6214447,-1.6768036
1620,B,938284595946116,-1.9244385,18.672668,-14.397461
1636,B,504925172311925,-16.20491,-13.438095,-2.8324738
1614,B,81537112246000,-0.56522465,-5.0822315,-4.382886
1613,B,178801323273343,1.4209588,5.501277,1.7902644
1608,B,111858040630644,-2.5540771,10.075256,3.387848
1650,B,359865061586000,2.6608667,-2.3566992,0.09580079
1640,B,172886468312835,-9.674969,-19.931131,-5.431097
1611,B,3562398689443,-9.016541,8.9747925,1.1354065
1610,B,19091814437709,4.5627136,-2.1925201,6.9483795
1605,B,183203450972008,-1.5346833,0.33159694,0.026934769
1645,B,1132029374497000,-13.9941,10.140513,12.145144
1615,B,169116685591525,3.7995453,-3.1168213,1.2579651
1636,B,504869430408658,3.9101715,-13.109848,0.7640991
1628,B,1138702788925907,0.7257385,-14.197327,4.85672
1623,B,2459105524916,5.7106323,-16.668365,-2.271759
1614,B,81611055128000,-0.16046631,13.536651,4.3301954
1621,B,167164051188554,0.66020113,5.687426,3.3357215
1608,B,112001207150650,4.958069,17.06073,-0.58932495
1614,B,81634239108000,-0.22752686,-3.539839,-0.92208254
1628,B,1138765892563950,3.0921478,-6.229431,5.347809
1626,B,598860590478752,0.065216064,-6.4310303,2.6486359
1645,B,1132060889425000,11.704461,-6.3707523,-14.118641
1631,B,1554108982552693,-0.78596497,19.50093,1.0180817
1624,B,518509049034331,-0.2978058,0.6753082,-0.7671509
1627,B,442952447320614,1.3100891,-0.7767792,-3.0001373
1623,B,2449991450209,1.3447876,-13.670166,-1.8791504
1633,B,695132971743021,-3.252716,-19.386353,0.8066101
1643,B,710347537379000,3.1183155,-2.6033864,0.4023633
1614,B,81559920161000,-1.9136207,1.5687379,-4.1098537
1621,B,167151481121633,-0.8535329,0.46267948,3.764882
1628,B,1138655395729460,5.0890656,-15.540039,3.202713
1627,B,442862434484804,3.3210144,-18.692825,2.038147
1635,B,676485280988870,4.424988,-0.49343872,-1.6634216
1606,B,124401951992022,-14.97023,-10.462875,-4.591614
1628,B,1138662807861098,-0.7993927,-0.4297943,0.13621521
1628,B,1138762085801255,2.1335144,-9.847855,-0.53411865
1648,B,459859433549000,27.55949,5.000801,-10.41115
1632,B,5866160071788,-5.4006195,0.48675537,4.860901
1639,B,185421890333620,4.534319,-17.56072,2.0614076
1608,B,111849460308379,6.970627,19.613052,-10.513382
1627,B,442921388956012,3.4019318,-19.386353,-0.6316223
1600,B,252088277473853,-1.504715,6.8866577,4.4189606
1643,B,710491272389000,-3.1446607,5.1804276,14.259947
1610,B,19024410566170,8.568665,-0.9521332,6.718628
1638,B,1140545488727416,1.1046249,2.4519618,5.3395185
1606,B,124430049520774,-13.796692,-8.466888,-7.3393555
1643,B,710393708815000,-2.694397,-10.918895,0.3784131
1634,B,78217875248100,-2.367508,13.007645,-0.94389343
1641,B,1217558206891000,15.083834,-4.6942387,-17.196241
1603,B,8921700595767,0.50158525,19.612701,-1.4796166
1629,B,1127310537967555,10.287369,-18.899323,-4.2927246
1607,B,289130272218752,-4.2413282,-6.7743936,-18.315643
1650,B,360029482190000,5.7911572,-13.215718,1.7699195
1613,B,178684605100107,-0.8295909,6.0561333,2.167351
1603,B,8769466886295,-2.2786815,19.612701,-4.8578353
1615,B,169005503942744,-3.4696655,-5.826996,16.383331
1648,B,459868440119000,-1.1735597,-0.37601808,-10.751244
1646,B,1468121326301000,2.1531227,-11.733201,-6.9144216
1636,B,504951306040931,-8.255234,-17.474182,1.317215
1645,B,1131926811701000,6.6509695,-12.082874,3.173401
1649,B,1165374447343798,-5.896919,10.693702,2.1877017
1635,B,676510880975603,2.346939,-1.6472168,-12.762619
1648,B,459868823014000,0.6945557,9.910591,5.709727
1640,B,172798198583345,2.372654,-5.2235494,-1.2364556
1612,B,3919962481336,-4.6111145,-1.3226929,3.522812
1605,B,183282659992347,-2.4229321,-5.551555,0.3345897
1629,B,1127390751892290,-2.8972015,5.5726776,9.714661
1601,B,265331307051867,-0.2621651,15.6790285,-3.9641995
1632,B,5783176650318,-2.444046,-18.05841,8.543549
1603,B,8873536598027,2.5073278,-4.1036615,3.9480386
1639,B,185382953018630,4.7569795,8.943091,-3.0502129
1617,B,269152620098216,4.4670563,-14.945663,-7.6085205
1633,B,695257648250348,0.61660767,-2.1030884,-1.7623444
1644,B,1819754578655000,-1.9064356,3.9589674,7.2736745
1635,B,676392146214693,-4.2699585,4.375717,1.5173187
1646,B,1468281100183000,-4.0356083,-1.9711012,1.1232642
1620,B,938324325249701,1.5374603,1.5181732,0.7601776
1600,B,252151371039964,1.6312561,17.750427,-0.2290039
1602,B,99378400555608,1.3505249,-1.9054565,0.858551
1639,B,185387051585770,3.9884408,-11.441142,1.2737153
1622,B,1150029537788640,-4.084732,-10.679337,5.5545197
1650,B,359995585718000,1.1208692,-6.0330544,1.5376027
1612,B,3825448019804,2.2993774,-14.878876,-2.7242584
1637,B,16975707791429,9.801562,-16.011972,15.326332
1638,B,1140668380980406,-14.97244,-1.2470798,0.8384195
1630,B,1560267377936902,-4.176834,-1.4698792,0.6713867
1635,B,676531989367321,19.250153,-18.938934,3.8439484
1605,B,183172849425457,6.4966664,0.110133275,2.119467
1617,B,269263801748051,-4.8083954,-7.7434235,-4.918991
1627,B,442876312060892,-1.5005951,-2.2370148,2.4183044
1632,B,5852111309705,0.49053955,8.640808,-5.7473907
1604,B,18628559878182,-4.165558,-2.5774536,-0.6644287
1627,B,442826119193007,-1.5107117,0.59342957,-3.3714752
1629,B,1127426704640791,1.7747192,-0.9997711,-6.6713867
1614,B,81622805389000,-1.4322218,0.97956306,-3.3554225
1622,B,1149971529951005,-3.0974884,-7.4083557,3.0209656
1628,B,1138766013413559,1.2741089,-0.2571106,-5.885132
1650,B,359909274265000,1.7723145,-8.691526,3.4464333
1650,B,359961589008000,8.375383,-9.417217,2.4189699
1641,B,1217599301953000,16.049026,1.8824854,-7.5155716
1633,B,695258131648785,-2.7112122,-11.36557,-1.9373779
1627,B,442920099893512,1.605072,-18.760086,6.824585
1645,B,1131922781854000,14.159356,5.6714063,-11.211087
1612,B,3790250574646,-6.972885,-4.3588257,-3.2342987
1614,B,81683059963000,-2.0525317,1.6166383,-2.818938
1625,B,707662205258197,-12.053253,-1.2871246,-1.6548309
1612,B,3783452784119,0.82092285,-16.774689,-12.058609
1649,B,1165331431505116,-3.2118216,2.1110873,-2.0488381
1642,B,1472618719927000,-0.20357667,-2.6704469,2.548301
1613,B,178762334786327,-3.8385038,14.0952635,2.167351
1626,B,598851486485191,4.637924,-19.101273,14.830612
1643,B,710469647025000,6.4258375,-12.770245,3.5566041
1603,B,8826408929035,19.612701,19.612701,-6.55712
1602,B,99342498157812,3.8178406,3.0333557,-6.7052
1643,B,710377045389000,-6.5264287,-16.346008,28.67078
1641,B,1217520878219000,11.754756,44.312653,-13.651612
1624,B,518580702809966,-3.210495,2.5483398,-0.6874237
1606,B,124431862264914,-17.244858,-14.591888,-7.3762817
1646,B,1468126180727000,-3.7122805,2.7734327,0.15567628
1633,B,695243085872280,3.4936523,-12.520172,1.3535156
1602,B,99345116566015,-2.8523712,-8.15564,6.8859253
1624,B,518518465254750,6.3591156,-9.415024,-1.9035187
1645,B,1131968058116000,6.605464,-13.555811,2.2608986
1633,B,695207213702543,3.7874603,-19.098358,0.7796173
1603,B,8788980153006,0.8678981,6.735488,-5.7203465
1642,B,1472655262870000,-3.1255007,-2.7063723,2.4213648
1646,B,1468122413992000,-12.506792,-4.9552956,-2.3590944
1602,B,99260723251062,-1.7485046,-14.319885,-1.7323456
1621,B,167097371684101,7.6255326,19.612701,19.612701
1622,B,1149971580305009,-1.1922302,-2.280655,0.90618896
1606,B,124448328033272,-8.469131,-0.4192047,2.063736
1614,B,81654099692000,-3.302732,10.063872,-1.2909156
1618,B,775687945460048,12.143692,3.3115082,-15.41066
1649,B,1165303659007522,0.077811554,-6.805518,1.8800468
1647,B,1218595955027952,-2.0033484,-2.0919337,1.0121487
1648,B,459930375250000,-1.81782,3.290757,22.711971
1619,B,173827653898286,0.8122329,0.4429273,-1.4173675
1635,B,676392669896334,0.7867737,0.4684143,-4.406601
1617,B,269301869357801,4.923935,-17.293701,-13.128723
1632,B,5919686363717,-0.43371582,-6.40567,-3.7532043
1645,B,1131957499615000,-4.471502,-9.520203,-0.24189699
1645,B,1132034593447000,-5.6929617,2.2345533,6.382727
1650,B,359893616385000,-10.317744,-29.367731,3.781736
1614,B,81577782742000,-9.309442,24.881859,-0.852627
1600,B,252159830491864,-3.7125092,-2.4879913,-1.5017853
1601,B,265356126999150,-5.391144,4.214992,0.97623575
1607,B,289082627120178,-3.494936,5.2786164,-8.6496525
1627,B,442894358939622,-1.0852203,-0.4728241,-1.9260559
1645,B,1131952804708000,-10.95961,11.5823145,5.9468336
1606,B,124507242203420,-18.243103,-14.565796,-5.598068
1648,B,460018053683000,-5.4055595,14.616805,-17.699196
1618,B,775756426920749,-4.4231873,-18.23201,-4.0383606
1611,B,3660387591512,-2.053131,-3.5047607,2.4476624
1635,B,676415893181521,7.213089,-13.799286,5.1137695
1629,B,1127465275809036,2.414383,2.0627136,-4.9815674
1611,B,3604091827332,10.97319,-14.140274,13.265808
1634,B,78135697509197,18.759369,-16.043335,1.0601196
1620,B,938363148174583,-3.0907898,9.203003,1.1785889
1632,B,5782723464283,-0.17495728,-15.012833,4.2901
1648,B,459873739300000,9.335787,7.4006104,-13.107943
1629,B,1127360136644044,-2.4832306,4.0723267,2.0181274
1646,B,1468124448374000,-1.8082398,-0.91250247,0.6849756
1603,B,8826089697991,-4.068946,19.612701,-4.7070007
1613,B,178716726069156,-1.8614918,-3.020884,4.908712
1631,B,1554159840106407,6.263275,-3.2480316,2.9842224
1628,B,1138760011216294,2.704712,-12.309097,6.198105
1628,B,1138669353884865,-6.406952,-16.117996,-0.7440796
1630,B,1560300712266353,0.76412964,1.0922699,-0.042282104
1643,B,710355961335000,-2.1650977,-9.956097,-3.0129347
1624,B,518620079620913,6.5921783,-16.253998,0.08859253
1611,B,3608925811707,3.8688507,-15.733627,9.888657
1629,B,1127387378174028,-4.4699554,-13.358093,-6.244049
1641,B,1217555608188000,7.1132083,0.25866213,9.716595
1627,B,442838526410378,5.7387238,-19.386353,1.999466
1608,B,111875080425322,-0.8324585,-0.1446228,-2.3170013
1605,B,183212108537840,-12.132018,19.612701,-19.6133
1617,B,269264456350102,-16.413605,-5.281204,3.208252
1635,B,676520105821546,1.0365295,4.5634613,-4.7953796
1635,B,676414382561404,17.915222,-14.120636,-7.3302917
1625,B,707677361829958,-12.980423,0.11802673,-5.0104523
1626,B,598912676666587,9.67067,-12.457947,0.09791565
1648,B,459934445319000,1.1496094,-8.849598,5.1708474
1619,B,173833720055160,-2.6497827,-9.852738,1.3293805
1641,B,1217496683776000,2.047742,-4.9720607,1.2310401
1643,B,710509086984000,4.5768824,-7.062913,-6.320457
1612,B,3794127843035,2.6707916,-17.88057,-3.7768707
1638,B,1140550234428666,8.7253685,-1.2710218,2.0762217
1631,B,1554094682017241,6.534149,12.997681,-1.6522064
1619,B,173780647088670,1.775899,3.6475663,-10.163984
1649,B,1165355652667815,6.9371996,-19.6133,-2.28347
1647,B,1218602658062481,-2.5306711,-13.763667,-8.822633
1643,B,710349914887000,0.3424878,-15.069464,7.0269876
1610,B,19083576504207,15.342529,19.613052,-16.678284
1614,B,81619956852000,-0.12454102,4.311035,-0.76161623
1621,B,167055114515731,-5.41748,8.464102,-8.986636
1635,B,676501716545595,8.095474,-6.1894684,0.8046417
1644,B,1819667096577000,2.6105714,-31.774725,-3.7410207
1630,B,1560341750798457,13.29483,-6.5796814,15.50647
1627,B,442958248101864,3.2027893,-19.2556,1.2541504
1605,B,183214701885964,5.243302,7.0826473,-2.4929626
1650,B,359974728602000,-20.451073,-10.844649,5.1828227
1646,B,1468170737068000,-0.80712163,-1.22146,2.0237916
1635,B,676440526361299,-4.7855835,-14.124069,5.4777985
1614,B,81677105693000,-1.214275,-3.8751419,1.6741188
1607,B,288998231450106,-3.1184478,19.612701,-7.4148426
1618,B,775766749488741,-7.1065674,-19.386353,1.5234222
1614,B,81602845877000,-1.4873072,7.800579,-0.46702883
1610,B,18915696276156,-1.2674103,1.1607056,0.7502289
1633,B,695132891176615,7.9177704,-10.458847,5.012085
1644,B,1819757741904000,-0.8885523,0.8262818,1.9303858
1631,B,1554107673348591,8.230728,-1.2367859,3.8687134
1628,B,1138709435654392,6.3108673,-13.720169,4.6533203
1642,B,1472777625356000,-17.981808,2.816543,4.253555
1629,B,1127357719651856,-9.380661,-19.386353,2.5068207
1634,B,78231521187975,1.9999237,17.98436,2.5397797
1650,B,359980753818000,-17.117205,-32.651302,-1.9639161
1644,B,1819715854766000,-3.2811768,1.9711012,4.6750784
1646,B,1468149808554000,-0.90052736,-2.1339624,3.4631984
1615,B,169048959438996,-0.30078125,-9.741592,-0.74946594
1644,B,1819702134188000,-2.1315675,-8.008945,12.339141
1646,B,1468270464657000,-34.603245,8.267608,-5.007986
1648,B,460009894427000,-7.6209526,9.77647,-12.846886
1627,B,442897581595872,-0.40719604,-1.6584167,-0.9828186
1644,B,1819678157975000,6.70366,-12.042159,-0.50534916
1608,B,111834253420507,-2.066162,-5.409668,0.41377258
1600,B,252157413499677,-0.030303955,9.36528,-3.1607666
1648,B,459845490238000,-24.27113,15.062279,5.4199295
1646,B,1468200709786000,-6.864126,1.6453785,4.90979
1633,B,695131320131693,8.243698,-13.58902,14.6592865
1602,B,99268074935632,-2.1725464,-18.223541,-1.3466034
1615,B,169066986193147,-8.791153,-12.759567,10.098251
1604,B,18587118517644,4.9930115,4.8614044,2.591568
1614,B,81540178542000,1.2430152,6.6198344,1.590293
1600,B,252114612611043,0.39796448,16.663422,-1.8674622
1621,B,167183962846879,-10.854712,19.612701,-14.651916
1647,B,1218539132994381,0.92655605,-14.759655,-5.7065797
1634,B,78183433100466,-2.547409,0.3259735,-0.469635
1644,B,1819701690915000,-0.6586304,-0.89573735,6.241421
1623,B,2454422602553,0.9813843,-10.037308,-9.08548
1632,B,5902666728611,6.4128265,-6.6672516,-1.4430542
1620,B,938388576947870,1.2159271,0.46844482,-0.9343262
1617,B,269202168452764,-4.8072815,1.9480286,-2.4236603
1614,B,81618908377000,-1.0729688,14.770086,-5.0654664
1626,B,598952657731902,-1.0731659,4.473053,-0.70114136
1601,B,265395033553406,9.530719,19.612701,1.073201
1637,B,16934614343799,-3.5054107,-15.185972,4.7152305
1625,B,707608779659579,-12.850235,0.039001465,15.293396
1637,B,16886171781049,-15.691897,-1.8215386,1.384896
1628,B,1138611708602338,0.36740112,-17.642136,1.6485901
1641,B,1217491325207000,-2.315984,0.13172609,-7.3694754
1637,B,16930965384009,19.552547,-19.952827,4.767903
1639,B,185337018829640,5.3507414,10.37243,2.0518308
1633,B,695225985674833,-4.99794,-8.000076,2.7182465
1647,B,1218703053192391,-2.5151088,-18.258781,-5.899313
1630,B,1560284045130555,-7.5115814,6.9358063,-1.9811096
1627,B,442957845269832,-0.674942,-16.363571,-1.0665283
1613,B,178830692639582,1.1791444,7.386112,0.08499416
1601,B,265359359488004,14.119804,19.612701,1.9871874
1601,B,265346350785718,4.95899,19.612701,0.6087258
1648,B,459989929176000,-3.9757326,6.0378447,-0.098195806
1648,B,459927070938000,7.6305327,2.7758276,-4.643943
1601,B,265390284974762,2.12246,19.612701,2.8574798
1608,B,111981971921039,-7.4152985,9.920502,-5.2325134
1608,B,111920620591433,1.7647705,-1.3437805,2.401825
1611,B,3566275947744,-6.166809,-14.876587,-2.796753
1600,B,251998445924185,-0.7871704,11.373627,-9.96553
1608,B,111931718603108,2.3529053,18.013977,-12.097321
1631,B,1554236277484935,8.581024,-1.219223,1.7568817
1635,B,676417021111209,-3.134735,-4.996811,7.688492
1623,B,2434381681565,3.4030914,-19.141388,-7.8407135
1628,B,1138704984360477,1.5263519,-9.004868,-1.1976776
1628,B,1138646694569725,-2.4178467,-1.0113525,0.83929443
1638,B,1140616850299316,1.5116391,2.133533,4.5542207
1630,B,1560309574603087,7.5332794,2.3431702,13.808121
1620,B,938345574638826,0.5092163,17.38591,-5.162033
1650,B,359871288320000,3.788921,-10.566827,-0.36883304
1601,B,265297428422404,3.0765493,15.498865,1.4718355
1637,B,16953312141969,-5.358523,-17.300053,-2.1154268
1613,B,178776902051164,-0.89303726,14.6172,3.4386723
1627,B,442987775680666,-4.437317,5.078964,7.9588776
1608,B,111994761820110,-3.848404,-5.304764,-0.31356812
1641,B,1217556716258000,6.0186844,6.342012,-11.361973
1623,B,2371288106184,-0.46731567,-19.386353,-14.562988
1626,B,598858133203362,6.92984,-8.04306,9.63295
1620,B,938323972771673,0.31840515,5.9416046,-3.1697083
1641,B,1217552505929000,43.493557,1.8848804,-21.471352
1627,B,442870571691835,-4.0229187,-19.386353,5.9916534
1608,B,111953753524608,3.707779,14.684525,-2.4299164
1646,B,1468237349855000,-0.5412744,-0.48618898,-21.706062
1633,B,695221534382042,4.514221,-2.3170166,-2.7384949
1635,B,676505382317080,5.6017303,-2.0253143,-0.8804016
1621,B,167135758960805,-7.07726,6.139332,-2.1416135
1615,B,169014315891944,-2.1872864,-5.9756317,-11.392059
1648,B,459976592720000,11.179952,8.128696,16.798668
1619,B,173788747715957,-11.419145,-19.6133,0.908001
1608,B,111832400393163,-1.324234,13.277084,-3.2184448
1624,B,518658247951928,-0.2781372,1.764679,-0.14389038
1626,B,598907480133384,11.982681,-7.885376,-1.7579498
1600,B,251991799204246,3.3193054,4.398636,-6.5910797
1641,B,1217606171032000,3.1278956,0.8933423,-0.80712163
1643,B,710459711325000,-1.099314,4.1074586,10.600357
1650,B,359856093833000,-0.9436377,-6.598279,2.0094216
1613,B,178816087125889,-1.2000936,-0.7661445,4.735132
1648,B,459964564741000,50.360077,11.967913,2.680027
1619,B,173751359823888,-4.148553,-3.750517,3.3680432
1627,B,442863562414491,-0.03164673,-19.268784,11.764328
1645,B,1131973176106000,5.6570363,-19.804417,6.799461
1645,B,1132017324725000,-6.3012967,-45.48861,-3.0129347
1634,B,78289629702786,3.8359375,8.735046,4.4336243
1641,B,1217592291642000,38.636456,-14.01326,10.552457
1641,B,1217496220363000,8.744217,-1.7244141,-1.22146
1601,B,265403533104497,1.1061212,1.9087774,7.0646906
1629,B,1127401225513220,-2.7247162,-6.471649,-4.004547
1628,B,1138625686885312,-1.4147186,1.1510468,-1.5759583
1648,B,459952537031000,47.787827,9.565708,2.2968237
1603,B,8838061929599,8.971672,1.8842367,-6.1207767
1615,B,169141006554323,-9.595123,-19.386353,0.985672
1626,B,598839320945168,-3.0319214,6.0457,-0.59968567
1632,B,5894610082550,1.4563599,-14.415268,5.3095703
1650,B,360004936415000,1.0849439,-16.508871,2.7111623
1635,B,676385841913547,5.638504,-3.4442139,-0.7452545
1619,B,173813171492564,1.5717934,-6.8522053,3.645172
1614,B,81614417984000,0.011975098,-3.0344899,-2.929109
1601,B,265469453765200,10.042479,19.612701,-6.415862
1638,B,1140626496769156,3.0726585,-4.986823,5.2413564
1648,B,459881778645000,-0.852627,1.2358302,-6.191126
1625,B,707745692209401,-10.530991,3.7437592,0.54222107
1624,B,518577228384383,0.44018555,-5.485214,-1.6628876
1612,B,3840856341489,0.21296692,-18.889816,-7.1657257
1637,B,16924616236989,19.552547,-19.952827,12.034306
1622,B,1149901386835576,-2.7463837,-10.698685,2.8594513
1650,B,359912740260000,-5.7648125,-4.7780643,0.40715334
1642,B,1472619686937000,-17.253721,4.687053,5.633086
1619,B,173869954614988,-0.39624038,-3.9636009,-3.0400376
1600,B,252144371833421,-1.8332977,6.3990326,3.3413696
1608,B,112002032956315,-4.367859,10.865723,-8.26886
1614,B,81675522974000,-2.6464968,0.366438,-5.213958
1614,B,81564212798000,1.3771362,3.03928,2.3734643
1612,B,3794379613055,-4.4823303,-8.234177,-7.4740906
1649,B,1165346753987454,-11.575367,-19.04348,1.3868413
1628,B,1138617146834760,-1.5008087,1.4593658,0.08329773
1644,B,1819753228798000,3.283572,0.4023633,2.3734643
1644,B,1819652186692000,1.2645704,-0.91729254,0.48139894
1623,B,2351901835291,3.607727,-16.000793,1.4464722
1607,B,288989053667087,1.745373,7.9631147,-3.0113072
1619,B,173761972572529,2.801216,4.7046065,-9.572617
1645,B,1131979986762000,0.07664063,3.178191,6.567144
1641,B,1217559113443000,-0.46463382,2.0022364,1.3531861
1603,B,8909170763483,2.5474305,-2.4983494,15.474923
1618,B,775674098124057,17.349808,5.965622,18.106781
1629,B,1127428718800947,2.169571,-2.5756378,0.011276245
1626,B,598896402237647,18.095749,-10.006607,15.042847
1612,B,3800774571551,-1.1105194,-15.582123,-0.5635834
1635,B,676534909899547,10.40773,-8.194138,-3.1097107
1624,B,518535585597435,1.2266235,-16.655823,-0.0032958984
1614,B,81668480758000,0.24908204,11.163186,1.1328443
1622,B,1149966142072587,0.9643707,-6.885544,2.0613403
1627,B,442949264952167,4.051895,-9.752502,0.44226074
1614,B,81508330321000,-0.05269043,2.8668385,0.85023195
1605,B,183211070887995,-2.098518,2.6767175,0.31663316
1624,B,518544196147798,2.2993011,-17.59703,2.990097
1645,B,1131919235473000,3.0728102,-5.839058,4.0930886
1619,B,173754392848573,-17.761385,-19.6133,3.1789012
1645,B,1131926348220000,-2.7183473,-4.1625443,-5.110972
1621,B,167182007641516,2.7665,11.6507845,1.371279
1604,B,18570350668075,-0.071502686,19.589523,2.3216858
1605,B,183214183258256,-11.387422,19.612701,4.3873744
1608,B,111840416753367,-1.8828583,-1.7431488,-0.90405273
1611,B,3542055681413,-5.3399353,-9.241333,-4.091812
1636,B,504866157413537,-3.9674377,-19.372635,11.207428
1610,B,18967158034454,3.309082,15.178406,0.5791931
1633,B,695197022033188,5.0447845,-6.532776,-4.539963
1641,B,1217507320603000,-2.42376,3.6811452,11.441009
1621,B,167195575267240,0.81343,10.784083,9.3661175
1605,B,183233857250851,-3.7948096,-6.0609217,0.51116204
1623,B,2338155183053,-0.10513306,-1.7052765,-3.0250702
1648,B,459885788190000,13.007352,-8.626861,13.891114
1627,B,442895023612474,0.6017761,-8.394867,-0.44995117
1646,B,1468206813177000,1.2310401,-0.13172609,-0.009580079
1649,B,1165268463770088,-7.6363063,-19.6133,19.612701
1629,B,1127380882497947,2.9758606,-12.123047,-6.6112976
1606,B,124453111667488,10.141525,3.5535126,8.055191
1636,B,504933380012069,0.38891602,0.79452515,-2.4607239
1633,B,695168078547387,-6.5554047,-2.604004,-3.2860413
1626,B,598941136738563,8.496307,-13.124191,12.671463
1607,B,289090249294548,-0.6063316,4.38498,2.4732103
1631,B,1554136022665572,5.6794434,9.755081,3.4904022
1627,B,442976576935703,2.7451782,4.401932,7.550308
1611,B,3604746429383,7.7459717,1.4353638,-2.3692932
1605,B,183300415900775,1.2473791,0.43155485,-2.6072857
1629,B,1127450018535235,-2.3170013,-13.736938,-6.654114
1612,B,3868702112519,5.7908325,2.5680695,12.437378
1604,B,18679870620427,1.568161,13.760391,-6.040161
1604,B,18552575682626,-0.12445068,9.722794,-0.29640198
1606,B,124391528697438,-14.62912,-3.9174652,-1.9489746
1624,B,518601952185980,11.109879,-3.4055176,1.6421814
1648,B,459906722001000,29.645554,2.2417383,-14.57609
1601,B,265451058836875,1.6376339,15.179238,-7.53575
1614,B,81630223294000,0.06706055,-1.1472144,-0.51971924
1621,B,167078058275306,5.719748,19.612701,-7.5626845
1644,B,1819752765357000,4.0739284,-7.7311234,1.7651294
1638,B,1140613251692316,-5.6877255,-2.3699603,1.1592425
1606,B,124363380813189,1.2433319,0.32162476,3.9508362
1642,B,1472746057364000,-30.725706,18.78414,-8.313113
1604,B,18688581848464,3.1057281,6.9207916,3.985672
1647,B,1218604813500606,17.70931,-3.6182373,3.5733461
1637,B,16853579398149,8.647557,1.1831845,-1.9214965
1628,B,1138681317971262,-0.29631042,-1.003006,1.3331146
1633,B,695149729572701,-4.0527496,-8.398254,-0.44003296
1623,B,2340773588658,-1.4714661,0.49676514,18.64038
1644,B,1819710132819000,0.2203418,-10.775193,2.5770411
1602,B,99355640545605,-0.021591187,-19.386353,-3.8106995
1618,B,775635476586482,0.78775024,-19.386353,-4.0456696
1628,B,1138724702965662,-1.4539948,-6.937134,5.645294
1623,B,2397119741766,4.992981,-18.569214,10.307831
1643,B,710406022699000,-2.196233,-23.085594,-2.6536818
1641,B,1217493762791000,7.9466753,-14.837147,-2.3375392
1649,B,1165340728358863,0.97982705,-4.8919525,-1.5921441
1646,B,1468235375847000,-4.897815,-0.55803955,-1.5040723
1614,B,81517667480000,0.8047266,9.340576,3.1326857
1634,B,78139474057847,3.2066345,-0.6513519,0.375412
1611,B,3519043898623,-4.0391846,-19.386353,7.1164246
1636,B,505005235173044,2.887497,2.66716,2.1573334
1615,B,169121670610154,9.8133545,-10.196274,-9.695755
1648,B,459964061002000,-0.5005591,4.8666797,-0.8646021
1650,B,359867298271000,1.9327809,-6.9862723,2.919529
1610,B,19080313564754,1.3197021,-13.0216675,5.532318
1603,B,8840456883456,-10.67814,4.0617633,-4.7764325
1614,B,81603281111000,-6.0186844,20.989952,2.8907888
1608,B,111917720214092,0.554718,-2.9648285,0.022506714
1644,B,1819745935408000,4.9529004,-16.734003,-0.8646021
1606,B,124400139247881,-19.749252,-7.8324585,-3.2743378
1604,B,18584550463445,0.6843109,-3.1801453,-5.1161346
1650,B,359910241898000,7.072493,-22.877228,4.756509
1641,B,1217466223664000,-2.7494826,-0.36164796,0.2083667
1624,B,518537146571557,8.2669525,-15.649918,-3.037796
1608,B,111861847410678,-3.6824036,-5.073929,1.5764618
1642,B,1472708445995000,0.07903565,-0.55803955,-2.8668385
1628,B,1138761682969223,-3.624527,-19.386353,-3.100235
1603,B,8823295143516,-4.26527,19.612701,-4.824915
1622,B,1150001893435266,-0.8479309,-6.6135406,3.9222717
1648,B,459973167532000,-1.8202149,8.808882,3.3745828
1643,B,710385083166000,-8.660391,-29.034822,-8.49753
1648,B,459956969331000,1.8202149,10.047108,-0.36883304
1629,B,1127428668446943,4.7060394,-0.5548401,-1.8319092
1650,B,359997480345000,5.360054,2.0142114,0.17004639
1633,B,695285846511492,1.5977478,-5.4542694,0.043884277
1602,B,99410627139264,-0.5305939,-6.9533234,0.19067383
1641,B,1217599745042000,15.059883,1.2286451,-6.2677665
1621,B,167053557183492,-0.87927055,10.622475,-2.938284
1648,B,459920422119000,2.078877,7.9897857,-5.8989334
1648,B,459842628994000,-4.397256,-2.668052,8.636441
1626,B,598829149455155,0.5695038,-16.159103,18.207443
1606,B,124470886619436,6.9595947,3.601944,1.8588562
1610,B,19004218608570,17.894028,9.225739,18.581726
1648,B,460015777093000,2.799778,-12.039763,9.958491
1625,B,707744634775319,-12.290878,1.116745,13.101624
1605,B,183187567821495,-4.9386396,-0.5746084,-0.7224504
1608,B,111885372806969,-7.170685,15.781143,-5.4921417
1608,B,111847728154734,4.944504,16.826218,-5.051529
1646,B,1468122232553000,-2.6704469,-3.6859353,-1.1711646
1628,B,1138759004136216,1.8291931,0.8645935,-0.9354248
1633,B,695129849794779,-1.6596375,-10.4648285,19.246399
1636,B,504887708921210,-5.1848145,-6.8211517,1.9252472
1608,B,111961246190904,1.1235199,-6.1416016,1.8560333
1646,B,1468277454251000,-36.828217,7.2257743,7.92033
1621,B,167115846988938,-6.6044054,7.428011,-8.280945
1601,B,265353852579880,-0.62608373,10.362105,-2.1733365
1614,B,81619205124000,-1.7842896,-2.8979738,-0.91250247
1623,B,2376323506574,-0.2624359,-7.408737,-0.78297424
1649,B,1165288614699298,-8.769362,-19.056648,6.751649
1618,B,775723394673990,-8.262833,-17.25296,1.1743317
1628,B,1138729295272145,3.8142853,-1.9661865,-0.37438965
1649,B,1165409044266076,-4.9895163,-8.244433,-3.271078
1611,B,3582943144697,-6.26532,11.626465,-8.368118
1645,B,1132021495857000,18.290766,-35.5373,6.734795
1636,B,504888363523261,-6.8182373,-14.31778,5.9134827
1626,B,598861396142815,8.136398,-3.9888916,-3.7707977
1649,B,1165383744412699,8.380903,-0.15981296,-6.1782374
1628,B,1138772176744229,0.02709961,-3.6749725,3.3497162
1650,B,360003264102000,2.4812403,-2.1267774,-1.8705103
1628,B,1138624820796445,-6.815613,-19.386353,1.7601624
1650,B,359854865180000,3.2165112,-17.670454,5.965994
1635,B,676543651336908,17.002335,-13.565201,-4.4114075
1604,B,18653283707237,-0.2859497,4.144821,2.9329376
1634,B,78205639233593,-0.6502228,4.287018,-1.6690826
1631,B,1554195843205345,-0.6641693,15.884216,4.422241
1641,B,1217612335333000,-0.72569096,-2.5842261,-3.4799635
1603,B,8829601709137,4.935048,19.612701,-4.482544
1635,B,676533761828258,-3.7377167,-2.138443,6.1516876
1634,B,78162234083912,1.420929,1.1701508,-1.1299591
1628,B,1138634045635638,1.4544373,0.6224365,-0.21099854
1611,B,3499305132937,-14.934692,-18.370209,7.5855103
1622,B,1149993484318228,-1.5643005,-17.785828,7.515564
1644,B,1819660890797000,1.1424243,-0.74006104,2.1507277
1623,B,2436194425706,1.3127136,-15.478027,0.3834381
1628,B,1138628003169492,5.481659,-10.346237,0.8966522
1645,B,1131996731321000,19.088306,-16.880098,-15.536492
1641,B,1217462859263000,12.10922,-4.0595584,-8.4448395
1644,B,1819766082918000,0.4406836,-9.0148535,0.9867481
1631,B,1554176960457902,8.129562,14.916977,3.8425446
1623,B,2471492595942,-4.017868,8.005951,5.682266
1643,B,710479582425000,-3.4823585,-12.660074,-1.2310401
1628,B,1138761320420395,7.2944946,-10.766174,3.053421
1640,B,172820941220565,-6.9240313,-17.266384,-5.25632
1610,B,19058349140665,1.1390991,5.9570923,-2.2806091
1634,B,78261481809932,1.0741882,16.34938,-0.6011505
1620,B,938397842086635,1.6281586,4.450409,-2.237732
1641,B,1217484516020000,0.4167334,0.7209009,-1.6429834
1633,B,695211362872465,-1.7586212,-6.2910767,-0.99147034
1644,B,1819653959874000,-1.7818946,-22.168303,11.448194
1604,B,18649507143487,1.5767822,4.3245087,2.3698578
1620,B,938267475571888,-0.8400879,0.08958435,-1.1894836
1639,B,185421640405280,5.867889,6.2974987,-0.21547815
1636,B,504858856094020,4.9485474,-8.945343,-4.4381104
1637,B,16805254292459,19.552547,-19.952827,9.671228
1633,B,695132327211771,-1.1280518,-6.0783386,-2.5426788
1650,B,359900729747000,-4.7469287,0.43589357,2.7734327
1645,B,1132046079053000,-15.407162,13.613292,15.502962
1646,B,1468113409960000,2.8692336,0.364043,-22.424568
1603,B,8852866305951,4.203021,19.436129,2.9293058
1621,B,167068002388747,-2.8766334,-1.4700398,-0.670975
1642,B,1472690597272000,-25.803942,18.484762,-2.44292
1641,B,1217490982686000,26.390722,-0.9915381,38.111946
1644,B,1819718151675000,0.21794678,0.79993653,1.4920973
1611,B,3488630094273,2.8010254,-13.83725,-13.361206
1646,B,1468136816249000,2.3447242,-2.0932472,-1.4250367
1635,B,676403465815619,0.9846649,-2.9594727,6.8857574
1643,B,710499534280000,-2.5027955,1.1639795,-0.4622388
1601,B,265325082093485,-0.60812724,9.491214,4.8698063
1633,B,695278313533468,-6.523224,-4.924301,3.6789093
1640,B,172725952910065,-6.9982514,-9.114127,0.0947206
1650,B,359913929488000,-3.781736,-5.47741,4.5625124
1614,B,81540138977000,0.34488282,11.931988,4.1074586
1642,B,1472693659419000,-6.6294146,1.0873389,6.229446
1641,B,1217441797418000,2.0501368,2.3064039,-4.0978785
1627,B,442956616632137,2.8562164,-16.516602,1.6585236
1602,B,99296524947075,-3.397644,-13.875839,-5.524643
1636,B,504945515315256,-13.554901,-19.338135,8.322662
1633,B,695290680495867,0.9122162,-18.528671,-1.4888916
1607,B,289123527891984,-0.27353755,2.0871453,-2.7246015
1642,B,1472638945426000,-16.044237,1.9136207,5.949229
1647,B,1218703254357234,-3.1986535,5.309741,0.47345337
1628,B,1138662183471450,-0.60072327,0.64823914,-0.14842224
1648,B,459908918128000,-0.852627,9.704619,-9.352551
1627,B,442823883475233,-1.5504913,-17.336853,-3.7476196
1603,B,8894286594790,4.5016975,-5.3779755,3.888782
1641,B,1217453833776000,-3.0943654,-3.7266505,0.9053174
1632,B,5945568320214,-2.194168,-2.4735565,2.465744
1614,B,81602529352000,1.7627344,18.048868,-0.4047583
1650,B,359972813697000,-1.7962648,-10.516531,1.336421
1623,B,2325012783485,2.891388,-17.110016,-2.3619537
1645,B,1132038824962000,2.7446926,-6.095325,-8.447234
1629,B,1127334959646265,2.0614471,-2.3255463,-0.9753113
1644,B,1819715834670000,-2.1267774,1.7627344,3.9278321
1643,B,710466764966000,-1.2741505,-4.605623,-2.943479
1638,B,1140591210990406,0.62099606,-19.909882,-3.9428012
1635,B,676547558807611,-2.5497284,7.960373,-5.1108246
1611,B,3538631618186,5.0901184,0.33270264,-2.9434662
1627,B,442814638465552,12.811691,3.8497467,-4.271408
1600,B,252055497029314,-0.35221863,14.521317,0.7875366
1608,B,111897759882550,6.6446075,19.613052,-0.47686768
1649,B,1165365628514946,-7.45315,5.367202,2.8215668
1640,B,172818242482095,-4.1419687,-3.887585,-1.0808325
1636,B,504902311602481,-7.751663,-16.09076,6.423401
1608,B,111886802860679,4.196228,11.7955475,-1.1666718
1644,B,1819663731780000,-2.0166066,1.4897022,4.2200246
1629,B,1127310135135524,-3.1818848,-19.386353,-9.172821
1628,B,1138764039536606,-1.0106354,-2.0194244,0.19636536
1641,B,1217551861237000,3.1039455,-1.2166699,-2.4525
1608,B,111886903568687,4.315094,19.613052,-7.6314087
1629,B,1127473987064791,2.8503876,-2.0791473,-1.9982147
1617,B,269268686090769,-17.61499,4.490555,7.588669
1600,B,252099153956366,-0.7242584,-5.8955994,-3.5829315
1618,B,775686585890642,-3.4166565,-19.386353,0.731308
1637,B,16920366746459,4.6731825,-19.952827,-0.954239
1638,B,1140525523431596,4.7797246,0.5318121,0.78574705
1635,B,676372890874111,-0.65541077,6.0914764,7.08757
1626,B,598857831079338,-4.732361,3.3460846,3.7541351
1635,B,676449126833981,-0.8460541,-15.351593,1.0827637
1633,B,695129708803568,-1.6747894,-2.9951477,-0.39762878
1646,B,1468156375102000,-4.8091993,-2.8764186,-1.9734962
1604,B,18676144424138,4.3280487,5.4826813,2.6215057
1626,B,598942486225868,11.020309,-8.19632,2.1992645
1614,B,81609947409000,-1.092129,2.335144,-0.51971924
1631,B,1554156315326134,0.74931335,19.197998,1.291336
1637,B,16967409056959,15.8972,-19.952827,12.805238
1625,B,707649163562166,7.1819763,0.3692932,-1.3235016
1641,B,1217442228493000,2.555486,0.5556446,3.9805226
1608,B,111874234478056,1.9352112,5.6794586,-6.2798004
1633,B,695129326113138,-0.7867279,-7.5318756,-0.48947144
1601,B,265318896956195,5.8723783,11.291654,-3.846285
1650,B,360024443835000,-2.047742,-6.349197,-0.28500733
1632,B,5836249811109,12.059616,-4.6168823,14.447891
1629,B,1127473433170748,-2.5761108,-17.37474,-4.388092
1626,B,598983272984378,4.1514435,1.0666504,0.79299927
1626,B,598849935581871,1.7405396,-7.4202576,9.830734
1646,B,1468258419326000,-13.227694,0.20118165,-15.558047
1632,B,5860570777354,-6.8495483,-1.3910522,2.916626
1625,B,707660191098040,-8.092163,-1.5920258,-3.9974976
1650,B,359971484564000,-1.8896705,-7.110813,0.9532178
1641,B,1217566023146000,17.04296,-3.8703518,-0.9699829
1644,B,1819646162444000,1.9016455,0.73048097,2.1507277
1631,B,1554189397906018,1.7957153,19.613052,7.713928
1645,B,1131978656891000,4.1793094,-5.6977515,-1.0514137
1613,B,178785840493142,-3.7822402,8.017583,8.717288
1644,B,1819710394691000,1.1136842,-2.1579127,5.654641
1638,B,1140528266428096,-1.3230957,-19.909882,-19.698444
1647,B,1218689328347323,4.1982327,-16.73547,-7.457938
1628,B,1138688931503858,1.4996033,-16.130127,3.7126923
1643,B,710360798511000,0.09101075,-8.025711,-5.151687
1635,B,676416034172732,4.794571,6.6884613,-5.7788086
1646,B,1468240572711000,-3.0752053,-0.55324954,3.1925611
1638,B,1140523379789756,-2.0892403,-8.666711,-2.4967034
1633,B,695157383368984,-5.8342285,-6.7339783,0.9671631
1623,B,2443445417041,1.2530365,-18.269745,-1.352005
1623,B,2482369055282,-2.9456482,5.7316437,6.293396
1646,B,1468141489389000,-11.0051155,-5.750442,-3.8895118
1650,B,359851528048000,-2.9051588,-11.029065,2.8620484
1644,B,1819794087627000,17.363892,-26.893675,17.826132
1645,B,1132052849570000,0.40715334,-9.08431,-2.201023
1627,B,442867046911562,4.5815125,-18.353714,3.4870148
1627,B,442881830836075,-1.5730743,-1.9124298,-1.2093048
1622,B,1150041219907689,-1.9302673,-3.982895,3.0999756
1639,B,185325623120170,3.8974612,-19.926193,-2.932897
1601,B,265455008994165,6.015432,19.612701,-5.8304796
1605,B,183243913542671,-4.979341,-5.6569,2.4887726
1644,B,1819651159176000,0.8286768,-12.291241,18.88952
1632,B,5926333092233,-1.7887726,-0.05836487,5.0101013
1628,B,1138668427371193,4.378479,-4.0690613,2.7783203
1629,B,1127416079956261,0.91796875,-5.407913,-4.0351715
1642,B,1472665496518000,-20.76003,-9.354947,2.069297
1642,B,1472674259563000,-12.947476,-2.6704469,4.5649076
1618,B,775792530717490,-1.0693207,-1.1362915,0.4752655
1649,B,1165314714075178,2.947861,-19.6133,6.727707
1633,B,695144956013131,-1.2749481,-5.576889,-0.41786194
1608,B,111848231694773,-0.5983124,-4.485626,0.93022156
1638,B,1140625497129956,-1.0884639,-18.77503,-0.10010756
1623,B,2386696459501,-8.550369,4.4450836,6.074402
1604,B,18666979978534,-5.1393127,19.19989,12.905624
1626,B,598959465597130,0.6517639,2.8758698,5.4133453
1611,B,3608371917664,6.8775787,0.050567627,3.9296265
1641,B,1217589511646000,5.977969,-2.8500733,-1.8202149
1645,B,1132014644827000,14.885047,-24.41962,14.073135
1604,B,18678813186345,-1.2166443,10.226013,-6.4467926
1602,B,99261881393151,-6.762451,7.1770782,10.589645
1649,B,1165390408329103,0.24540567,-18.276737,-1.1354501
1628,B,1138709455795994,3.9873962,-7.484619,4.299286
1633,B,695285604812274,3.444641,-8.363815,1.811142
1615,B,169073683275923,-2.1435852,-8.556,-1.4443359
1636,B,504842944223529,-0.29039,2.004547,-2.0434418
1603,B,8757815092343,5.313332,13.745112,19.612701
1627,B,442893533133958,-0.7664032,0.7172699,-3.287674
1628,B,1138751954572457,3.309311,-0.33607483,0.6042023
1619,B,173830207633442,-7.1748238,-10.102334,-11.546038
1645,B,1131912465206000,2.1818628,-0.102985844,-3.2380664
1626,B,598960935934044,-0.23535156,8.366806,5.3980255
1615,B,169154853929928,5.6597443,-13.252747,5.9840546
1627,B,442929203913675,0.80870056,-1.1006775,-0.83488464
1639,B,185428787737890,-1.8342577,2.0837038,3.7134068
1632,B,5792643231406,1.881897,-14.831833,-7.043091
1613,B,178814451054484,-1.4526819,0.36391866,3.7780502
1642,B,1472779357841000,-0.847837,-2.5363257,-1.4513819
1621,B,167095017063007,-2.2679076,5.517438,-2.167351
1635,B,676456156252926,-9.727173,-19.043228,0.41322327
1647,B,1218689247604227,-3.591901,-16.03696,-2.606687
1623,B,2392185049383,2.9021149,-7.494339,-6.8568726
1626,B,598932334857380,-1.6944885,10.382858,1.6746368
1635,B,676489571165843,12.77887,-8.136307,-7.503891
1618,B,775767907630831,14.982361,-19.386353,-3.3732605
1612,B,3850473972676,1.9839935,5.3115997,4.2796783
1636,B,504915252574868,-15.316025,-16.964691,-2.7462769
1608,B,111986866330219,2.0697174,19.55159,-8.205963
1611,B,3615169693517,-3.9505157,3.6141663,5.6393585
1619,B,173847286507914,-0.05865794,-3.144784,3.1471782
1629,B,1127453039775470,1.3885803,-2.8932495,-2.5807495
1622,B,1149928376599798,-3.7364044,-5.031784,0.8505707
1602,B,99254630421472,-2.2033844,0.95944214,8.981903
1650,B,359869011053000,2.315984,-13.730647,7.8580594
1636,B,504922402841710,0.6398773,4.1112823,-2.1940002
1646,B,1468215736426000,-5.5516553,-1.9663111,-1.5663428
1632,B,5821193945687,-2.639557,-7.6788025,1.9878693
1614,B,81584251290000,-1.2502003,12.79659,2.186653
1630,B,1560181171894674,1.2221832,0.733963,3.6086884
1614,B,81647947574000,-0.7831714,3.9302273,1.214275
1637,B,16973608039439,11.716924,-9.24117,-2.4889224
1626,B,598899886734717,5.7239075,-4.133423,5.854416
1630,B,1560341952214473,-1.8452148,1.9337616,8.227203
1625,B,707614822140048,-2.0088043,-0.99864197,-1.8252869
1632,B,5926685570260,7.062561,2.1875763,-6.1765137
1649,B,1165242487187494,-0.4357447,-19.6133,-1.0127473
1600,B,252098449000311,-1.3824768,9.733322,-7.4795685
1628,B,1138636019512591,4.1363983,-16.512238,-2.7515411
1636,B,504942040888986,3.281021,4.8660736,-0.3587799
1641,B,1217577163134000,-1.6334034,-1.214275,-1.3124708
1621,B,167211496700515,-4.32333,19.612701,-10.5602255
1629,B,1127407519769116,-3.4344177,-1.5757599,0.98139954
1614,B,81534184884000,-4.0595584,14.353353,4.2751102
1641,B,1217512135306000,15.989151,-0.7879615,4.605623
1611,B,3622269604740,7.3391724,-19.386353,9.779221
1634,B,78273365376432,-5.2233734,19.442673,-4.1400146
1630,B,1560239078997933,-2.0113983,0.40753174,1.6880493
1621,B,167062575196978,-0.28431144,-1.1432313,-1.1671734
1627,B,442939576829257,-1.6031189,-14.789749,-2.0621948
1635,B,676375932255947,3.4283752,-4.5642853,-2.8792267
1642,B,1472782157974000,-9.572893,5.2091675,4.2367897
1631,B,1554213316053702,-2.6428528,0.19813538,1.6868744
1634,B,78297384223607,-0.9417267,17.887009,-1.8303833
1638,B,1140688873301806,2.8667572,-3.9525278,7.5924625
1648,B,459986504438000,-4.26553,5.7145166,5.9300685
1649,B,1165393001953061,7.140108,-15.097836,-12.912528
1606,B,124527937713102,-18.892258,-6.094467,-4.51799
1610,B,19000593120289,4.222931,-1.044754,3.311142
1636,B,504859107864040,-0.41600037,1.105133,-1.7203064
1645,B,1132055952671000,4.191284,-24.541767,6.6509695
1643,B,710357066410000,1.3004956,-8.248447,-7.589817
1636,B,504965807979989,-5.122879,-13.193405,7.5245056
1629,B,1127361294786134,2.7438354,-4.0654144,0.76086426
1623,B,2337248810983,-0.66807556,-15.254974,-5.9750214
1644,B,1819642374336000,0.15567628,-7.213799,14.722186
1637,B,16911767654279,2.410662,-19.952827,-2.1848588
1612,B,3843575474141,-3.4803772,3.1107025,-4.467453
1618,B,775643130403751,-7.2698364,-17.76361,-5.202881
1603,B,8804981570605,0.6745663,-0.8487445,9.986814
1648,B,459940831942000,7.101233,2.7518775,-5.137317
1640,B,172748022645935,2.0231004,-19.931131,-2.69213
1615,B,169030680952919,-1.6788635,-4.467743,-4.9114685
1635,B,676384834833469,19.000153,-19.386353,11.8485565
1632,B,5881266281360,1.8222504,-13.6119995,-4.177948
1619,B,173745733339516,-7.0371575,-4.9398365,-9.767146
1644,B,1819632461231000,6.7707205,-19.030827,-2.0573218
1629,B,1127355403367677,6.7949524,1.7514343,-0.77456665
1632,B,5780205764088,-3.4233398,-4.9764404,0.805603
1625,B,707767092654578,-10.886673,-1.1389465,-3.3045197
1644,B,1819665766709000,-2.1124072,2.193838,2.550696
1617,B,269285252554184,1.8255615,-19.386353,-16.684158
1603,B,8917231403842,9.673772,8.015189,0.08439561
1623,B,2488461889754,-0.4597473,-13.605957,-4.2392883
1603,B,8827886452213,-6.599617,8.898649,-5.1660886
1636,B,504955636485267,-10.618256,-16.27626,0.63012695
1603,B,8881916369950,0.7823054,19.612701,7.2203135
1602,R,102571599729441,-1.3192902,-1.8254089,8.965408
1642,R,1469530665682000,-4.6032276,4.87626,7.537127
1629,R,604757661433651,5.434067,4.711624,5.711609
1630,R,1557961819174885,7.5867004,1.8791046,-6.4140015
1645,R,1129699912164000,7.462881,-2.8093581,-5.6809864
1620,R,940649582493941,3.6872559,8.845245,-2.099823
1620,R,940598604127056,5.7165985,7.508972,1.5101318
1615,R,167926014821403,7.62175,-5.4873657,-2.0553741
1648,R,462860599073000,-9.323812,-0.8095166,-1.2765454
1611,R,293136801501728,-4.6845093,-8.521042,-1.1696472
1613,R,175430547689922,2.0883424,3.7966053,8.533533
1610,R,16079859470938,5.230179,5.1009064,5.7005615
1614,R,84247125574000,4.7229786,6.473738,6.4905033
1605,R,180111671989371,8.008605,1.1737574,5.2624555
1644,R,1816501057367000,0.29937744,-8.667576,-3.4344583
1648,R,462787344233000,-9.369317,-0.86939216,-1.0130934
1641,R,1216397905165000,9.711804,-1.7244141,0.43589357
1642,R,1469524176856000,-4.4547367,4.8594947,7.5323367
1647,R,1217282149288736,6.205771,-2.782661,-8.102577
1648,R,462816283565000,-9.354947,-0.85741705,-1.2070899
1622,R,289123803999664,4.135742,8.663544,-0.15412903
1648,R,462840547168000,-9.371712,-0.81909674,-1.1879297
1645,R,1129604796226000,7.6329274,-2.2872438,-5.9133034
1632,R,3588905625316,4.2339478,-2.4338837,-8.921295
1619,R,172172716091953,-5.3683987,-2.2427685,7.6692266
1608,R,41238113697378,0.364151,-2.3319244,8.839767
1620,R,940774097873052,1.8180695,8.5499115,-5.163147
1646,R,1464871346878000,-8.897498,-1.707649,-2.680027
1649,R,1163529966751035,5.686229,-0.31304187,-8.574235
1631,R,1551990186787766,2.7565002,2.6573944,8.311371
1645,R,1129629441872000,7.2281694,-3.527864,-5.6738014
1603,R,11764074535796,6.857592,0.90261406,6.9491706
1618,R,197596747963945,-2.6498566,-0.9268341,8.797592
1645,R,1129529025990000,7.585027,-3.1111305,-5.3552637
1633,R,691130046105457,-3.7984924,-7.290085,-5.55072
1633,R,691244752539257,-2.9659424,-6.932602,-6.46286
1620,R,940634657585645,2.816452,9.130127,-1.905365
1634,R,76400347492481,-3.465393,-3.2253723,7.9417267
1642,R,1469435671236000,-4.636758,5.1756372,7.1443434
1619,R,172018609596701,-5.412093,-2.5480292,7.752425
1647,R,1217173909139246,5.8185086,-3.4799721,-7.2047515
1618,R,197721877653071,-2.5453491,-0.7245331,8.792831
1617,R,267581370533182,-9.00264,-0.86668396,3.7981873
1647,R,1217229776002714,6.2967505,-2.7341783,-7.4447703
1619,R,172066651991002,-5.333683,-2.1823149,7.7105265
1629,R,604737217697959,5.594879,4.7417755,5.6493835
1609,R,40150631420901,1.360611,9.95726,0.4373169
1627,R,440610900019475,0.7264252,-9.638184,-1.5705261
1649,R,1163386395647756,6.903681,-3.8247373,-6.3446345
1623,R,911574513518,3.8602753,-2.1509094,-9.221756
1642,R,1469359296748000,-4.6607084,5.3313136,7.079678
1628,R,1136780293213115,-5.639984,-3.6836243,-7.8163147
1643,R,708472393931000,4.5385623,-2.7686427,-8.123906
1641,R,1216294901695000,10.255474,-0.50534916,-0.83586186
1614,R,84419582649000,4.87626,6.351592,6.3899126
1645,R,1129547445061000,7.5083866,-2.5962012,-5.997129
1624,R,515893079694687,6.9912567,-4.2760315,-5.5582123
1607,R,288193251453325,3.3333273,-9.156026,0.6003461
1614,R,84416180244000,5.623506,6.1408305,6.3779373
1650,R,358033095729000,-7.213799,-0.8047266,-6.1456203
1641,R,1216382490651000,9.699829,-1.585503,0.31853762
1627,R,440543969475967,-1.1203308,-9.191879,-0.6502533
1614,R,84356657338000,5.199588,6.3635674,6.095325
1634,R,76362330198230,-3.5184937,-3.344513,7.996765
1646,R,1464967367764000,-7.767049,-1.0562036,5.47262
1646,R,1464907397400000,-8.346643,-1.7651294,4.9864306
1611,R,293072348376007,-4.582062,-8.589676,-1.3751984
1628,R,1136669252539806,-5.719223,-3.4503632,-7.964447
1610,R,16161080469855,5.6844177,4.7710724,5.6753693
1617,R,267681071447215,-8.2604065,-1.4797821,4.4437256
1624,R,515926716156460,6.9497223,-4.3755646,-5.458725
1646,R,1464792614699000,-9.453142,-0.80712163,1.0801538
1637,R,13106343081928,10.592248,-8.381651,-2.8116906
1642,R,1469439056736000,-4.4403663,5.2666483,7.3000197
1605,R,180189005672934,9.026739,2.308609,3.5236664
1612,R,5191350725971,-7.936661,1.9953308,4.9999695
1622,R,289106935416785,4.751648,8.319305,0.81365967
1625,R,705829768218273,-6.217987,-5.642914,4.5150757
1606,R,123966792675907,-10.637939,-6.2543335,-0.90026855
1619,R,172132735148427,-5.433641,-2.3882163,7.740454
1628,R,1136710139983941,-5.880127,-3.3966217,-7.8363647
1641,R,1216381120541000,9.75252,-1.5399976,0.36883304
1640,R,170784997693803,-2.81603,-4.431069,-1.4058453
1613,R,175379072486555,2.059612,3.7870286,8.567052
1646,R,1464850832474000,-8.950189,-1.6118482,-2.565066
1605,R,180180704755334,8.521563,2.790442,4.196437
1638,R,1136600509362517,-8.210017,0.4161422,-8.570943
1641,R,1216274651367000,9.541759,-1.214275,-0.8167017
1641,R,1216435040069000,9.7621,-1.9591261,-2.0237916
1611,R,293034885004137,-5.232498,-8.4513855,-1.43396
1632,R,3717056553889,4.5582886,-1.888794,-8.805603
1614,R,84289458788000,4.5601172,6.3947024,6.444998
1614,R,84306728328000,4.737349,6.6509695,6.09293
1625,R,705935600043320,-6.2885895,-5.9753265,3.9906769
1628,R,1136615514752837,-5.8366394,-3.5325012,-7.9083557
1604,R,15541316780526,5.166092,3.4497375,6.7989197
1608,R,41361531367239,0.77182007,-2.5218506,8.63652
1643,R,708445891590000,4.6966333,-2.7399025,-8.375383
1614,R,84335945789000,5.1852174,6.5000834,6.1312504
1641,R,1216331029325000,9.984837,-1.4226416,-0.87418216
1624,R,515906524206173,6.924179,-4.2609253,-5.4630127
1618,R,197699117657298,-2.617981,-0.8220062,8.870575
1618,R,197645994167872,-2.3846283,-0.5971985,8.878067
1617,R,267639076209727,-8.481995,-1.4649048,4.2487183
1641,R,1216347068343000,10.020762,-1.1424243,0.31135255
1630,R,1557866901879807,6.63356,0.7258148,-7.6026917
1642,R,1469413142153000,-4.4499464,5.096602,7.3790555
1639,R,181984678332999,-6.8281136,-6.8914104,3.7276225
1616,R,195741248865233,-0.19490051,0.027191162,9.127563
1620,R,940612179548088,1.4742584,9.735107,-1.9605865
1647,R,1217170320285390,6.2368956,-3.5775359,-7.005434
1627,R,440617305048772,1.7285919,-9.165405,-1.9150696
1626,R,596784857519292,5.848694,-2.5578918,-7.8930054
1648,R,462783797087000,-9.364527,-0.86939216,-1.0825489
1611,R,293145915567341,-5.1973877,-8.4075165,-0.8674927
1643,R,708393773559000,4.6511283,-2.802173,-8.301138
1606,R,123908382035599,-8.34848,-4.6026,-0.13087463
1603,R,11689015805355,6.927024,0.94570965,6.882133
1623,R,820937317876,3.5178223,-1.6226349,-9.48465
1614,R,84391393878000,5.264253,6.128855,6.4833183
1646,R,1464803033271000,-9.513018,-0.49097902,0.7664063
1650,R,358159309963000,-6.9311867,-0.4742139,-6.4186525
1648,R,462905317262000,-9.189691,0.73527104,-2.3471193
1623,R,927023123549,3.8710175,-2.1630402,-9.349747
1619,R,172037245226742,-5.241506,-2.2661119,7.892486
1623,R,890687671586,3.9427032,-2.1159668,-9.237946
1607,R,288304222602919,3.365649,-9.415796,0.47225627
1623,R,905330617033,3.844864,-2.0788574,-9.231766
1620,R,940763261695005,2.0435486,8.616638,-5.032959
1605,R,180241077693593,8.406641,2.4875755,4.3155484
1637,R,13086846372528,5.765537,-4.54614,-5.6751556
1648,R,462912854278000,-9.18011,0.7113208,-2.5363257
1646,R,1464969241719000,-7.776629,-0.852627,5.2858086
1629,R,604631877124379,5.7603455,4.3538055,5.7264557
1627,R,440637607808862,1.5936737,-9.543915,-2.1432495
1605,R,180192956113141,8.65025,2.4779987,3.845088
1614,R,84347023542000,4.751719,7.110813,4.988826
1643,R,708362595726000,4.5792775,-3.0416749,-8.207732
1615,R,167830644323337,7.494095,-5.9920044,-0.9819946
1631,R,1552023974314479,2.7404633,2.5044556,8.362946
1642,R,1469415882646000,-4.629573,4.9289503,7.350315
1646,R,1464854500027000,-8.660391,-1.8058448,-3.0033545
1617,R,267547582972242,-9.033325,-0.009643555,3.519989
1616,R,195760081257766,-0.4154663,-0.20288086,9.08815
1628,R,1136728227166746,-5.4895477,-3.7470398,-7.906723
1614,R,84416872508000,4.524192,6.5216384,6.622229
1644,R,1816427821615000,1.0130934,-7.7478886,-7.6496925
1625,R,705835548857922,-5.929825,-5.72818,4.687668
1645,R,1129615597511000,6.9168167,-3.7194655,-5.9133034
1627,R,440548400628311,1.1419525,-9.595032,-2.6651764
1603,R,11780236204070,7.1311297,1.0205284,6.525397
1650,R,358143993999000,-7.7311234,-0.5843848,-5.886958
1612,R,5113654512055,-7.7805176,2.0685272,5.2156067
1626,R,596895737028576,5.7241974,-2.6581116,-7.807144
1646,R,1464927327114000,-8.169412,-1.4465919,5.1636624
1639,R,181939585893219,-6.260688,-7.4037695,-6.531532
1641,R,1216348982439000,10.135723,-2.4189699,-0.5676197
1629,R,604629057300160,5.6235657,4.834381,5.5845337
1605,R,180165382627476,7.941567,2.0638018,4.5765166
1626,R,596842059670632,5.6402283,-2.6420288,-7.839554
1608,R,41286856387118,0.8426666,-2.59581,8.820923
1626,R,596765924418149,5.648834,-2.5576935,-7.8215485
1601,R,267938325370401,-7.759608,3.2740707,4.7417164
1637,R,13082846997598,6.6777277,-3.643526,-9.752481
1646,R,1464945422953000,-7.704778,-1.2981006,5.2858086
1606,R,123978525173888,-7.993149,-4.939575,-1.4376221
1646,R,1464916002050000,-7.8748245,-1.84177,5.352869
1642,R,1469440870414000,-4.648733,5.0702567,7.2401443
1643,R,708446617056000,4.524192,-2.8883936,-8.246053
1649,R,1163403434406136,6.9569516,-3.8031895,-6.347627
1616,R,195652021583170,-0.19152832,0.020812988,9.228363
1645,R,1129703378260000,7.4101906,-2.9841945,-5.760022
1605,R,180115303240515,7.7626004,1.3706805,5.427057
1644,R,1816441686936000,0.96040285,-8.744217,-3.3482375
1640,R,170695819278803,-7.362619,-15.042171,3.119196
1631,R,1551905843811279,2.2963562,2.4712524,8.498688
1638,R,1136659693884187,-6.5795655,7.2563763,-11.135133
1650,R,358032290270000,-7.3551054,-0.7041358,-6.085745
1631,R,1551911382751708,2.3252106,2.4586792,8.512131
1643,R,708399053820000,4.598438,-2.9961696,-8.174202
1620,R,940672282083109,2.3986053,9.103668,-3.116394
1628,R,1136639986795341,-5.9007416,-3.6355286,-7.7154236
1644,R,1816399708319000,1.2022998,-8.538245,-3.66438
1648,R,462854996718000,-9.369317,-0.84544194,-1.2549903
1623,R,898220640745,3.794464,-2.1087189,-9.317581
1646,R,1464906893727000,-7.9802055,-1.7292042,5.1732426
1641,R,1216398852219000,10.2387085,-1.3939015,0.62749517
1646,R,1464804463982000,-9.402847,-0.45026368,0.6993457
1623,R,905008351408,3.851532,-2.158722,-9.2712555
1601,R,267787288373793,-7.6931686,3.241749,4.875193
1630,R,1557912975789362,6.7766876,1.5140839,-7.139221
1627,R,440591322412938,1.4154968,-9.372986,-2.557602
1637,R,13099493712068,7.862858,-1.4552257,-9.082105
1640,R,170671585080583,-4.2429743,-19.923948,-0.13931261
1643,R,708472837456000,4.5529323,-2.8788135,-8.207732
1647,R,1217188634985593,6.427833,-3.0490158,-7.0209966
1648,R,462803829136000,-9.357342,-0.8813672,-1.0226734
1612,R,5087923623141,-7.704483,2.1171417,5.2191467
1625,R,705902016134211,-6.1521454,-6.08757,4.2941437
1614,R,84315906806000,5.1157618,6.246211,6.310877
1606,R,123888089373155,-7.934143,-6.241577,-0.9039612
1647,R,1217265168627179,5.7484784,-3.1794999,-7.234679
1642,R,1469396879727000,-4.533772,5.017566,7.316785
1617,R,267592901600524,-9.086456,-0.7378235,3.499771
1639,R,181871282587149,-5.9254994,-6.3718686,-2.6696846
1623,R,918321959096,3.8070526,-2.134552,-9.257217
1614,R,84287701065000,4.991221,6.8497562,5.750442
1629,R,604768739315812,5.507889,4.707138,5.7534027
1615,R,167876919657426,7.714798,-5.1341248,-1.8525543
1644,R,1816563047521000,0.5987549,-8.586145,-3.5997145
1625,R,705855227203746,-6.2576447,-5.9499054,4.1976166
1642,R,1469414008542000,-4.624783,5.0894165,7.4844365
1631,R,1552013802813272,2.7584991,2.555008,8.284592
1639,R,181908892617779,-2.904017,-9.786,-4.5826516
1641,R,1216380375100000,10.214759,-1.8513502,0.19160157
1627,R,440528762571523,2.3592987,-8.90715,-3.131424
1607,R,288203224862072,3.5745432,-9.202114,0.83737206
1627,R,440493454356692,-0.42218018,-9.187241,-0.8900299
1642,R,1469441394364000,-4.6607084,5.0846267,7.3622904
1629,R,604682885740574,5.5752716,4.7789764,5.607712
1628,R,1136666110456378,-5.7200165,-3.6512756,-7.908371
1640,R,170668389346953,-7.1184106,-1.8046296,-6.2373443
1643,R,708447664993000,4.5840673,-2.8333082,-8.361013
1629,R,604734750351767,5.5460663,4.7533417,5.661087
1610,R,16109971157012,5.352951,4.927765,5.6924744
1650,R,358042063408000,-7.194639,-0.8646021,-6.1240654
1614,R,84379524794000,4.864285,6.6246243,6.219866
1647,R,1217282587558213,6.642114,-3.1591492,-8.090606
1648,R,462930891053000,-9.14179,0.7041358,-2.7207422
1633,R,691135031165441,-4.201599,-7.4739075,-5.613922
1620,R,940624405501357,5.5006866,8.147003,0.25282288
1607,R,288303743742190,3.3848026,-9.279925,0.7032967
1621,R,169475545163120,-8.965088,3.389591,-2.630629
1629,R,604658615087751,5.6471863,4.6399994,5.662079
1646,R,1464852605777000,-9.019644,-1.8753004,-2.6464968
1650,R,358094096957000,-7.4054008,-0.8765772,-6.2797413
1611,R,293059155619968,-5.042038,-8.56871,-1.1482849
1625,R,705790693517063,-5.7102203,-5.5759125,5.106262
1620,R,940650045750777,3.6639404,8.797546,-1.9961243
1620,R,940748981294448,2.1324615,8.559616,-4.909378
1628,R,1136675436011485,-5.650879,-3.5688324,-7.725052
1619,R,172172436770494,-5.46297,-2.4037786,7.695563
1649,R,1163526575837182,5.6467247,-0.40462008,-8.605958
1627,R,440590033334887,1.0985565,-9.191254,-2.1983185
1631,R,1551984597493332,2.7490082,2.7271576,8.292435
1649,R,1163387949515986,6.843227,-3.8744168,-6.3380504
1610,R,16036857142200,5.4095154,5.0325165,5.610138
1643,R,708490290393000,4.703819,-2.811753,-8.468789
1625,R,705840523847143,-6.2243347,-5.771179,4.4161987
1608,R,41315104971056,0.82954407,-2.5666046,8.808197
1608,R,41259413451113,0.49667358,-2.3692932,8.826706
1643,R,708358645345000,4.6271777,-2.9770093,-8.2197075
1645,R,1129540935690000,7.822134,-2.5027955,-5.527705
1636,R,502957791004372,2.084488,-9.017456,2.0457764
1649,R,1163424263895346,6.919243,-3.933075,-6.3129115
1637,R,13034024780928,-1.273416,1.7482162,-9.86022
1642,R,1469476800801000,-4.414021,4.91937,7.398216
1634,R,76468677862676,-3.7411957,-3.3349,7.8470917
1626,R,596880026584153,5.5395966,-2.5935364,-7.8971252
1628,R,1136649231818608,-5.798706,-3.4879608,-7.9376373
1629,R,604751719638457,5.4757843,4.7591705,5.802109
1634,R,76359308957996,-3.614334,-3.2180328,7.9228363
1625,R,705963445795596,-6.177414,-5.7996216,4.1304474
1620,R,940636671745801,3.0013428,9.2000885,-1.8019867
1627,R,440530313476934,1.669632,-8.786667,-3.2251892
1622,R,289173352344698,8.5103,4.2319946,0.3327942
1624,R,515913825544862,6.942978,-4.372223,-5.457367
1646,R,1464919387417000,-7.6209526,-1.0370435,4.998406
1601,R,267891956845211,-7.626131,3.3051953,4.894945
1643,R,708366243578000,4.6199927,-2.7183473,-8.334668
1648,R,462928593606000,-9.134604,0.7041358,-2.6201515
1631,R,1551905390625243,2.254547,2.4584808,8.507065
1615,R,167974153248476,7.503586,-5.5659485,-1.4292145
1649,R,1163421430753251,6.919243,-3.8492777,-6.3542113
1648,R,462776078564000,-9.374106,-0.855022,-1.101709
1646,R,1464935750379000,-7.561077,-1.5639478,5.240303
1605,R,180222442958757,8.773552,2.6755204,3.3812113
1642,R,1469364757957000,-4.550537,5.2355127,7.220984
1643,R,708341191678000,4.021238,-2.2129982,-8.737032
1612,R,5129163534560,-7.7393494,2.1400452,5.242279
1617,R,267549244654371,-8.9592285,-0.027435303,3.8379517
1640,R,170761152605753,-1.2023382,-19.923948,-0.14410101
1616,R,195707662750645,-0.2290039,0.062805176,9.203781
1650,R,358138129681000,-7.8580594,-0.55803955,-5.927674
1633,R,691131002845129,-3.9371185,-7.3632813,-5.6879425
1611,R,293025569499653,-4.729477,-8.486572,-1.7411346
1646,R,1464861875612000,-8.919053,-1.9591261,-2.7973828
1642,R,1469372617423000,-4.536167,5.137317,7.335945
1628,R,1136612130963774,-5.8521576,-3.4977875,-7.8246613
1643,R,708374889571000,4.622388,-2.8380983,-8.356223
1650,R,358030636878000,-8.5430355,-0.76161623,-5.9180937
1629,R,604702725204660,5.6026764,4.596817,5.673111
1606,R,123891211338474,-7.6581726,-6.4906006,-0.8141327
1646,R,1464813491771000,-9.388477,-0.39757326,0.8143067
1628,R,1136633360228083,-5.9026337,-3.4914093,-7.7810516
1620,R,940757360215776,1.9216003,8.547913,-5.0025024
1635,R,679133426584499,-8.167007,-1.998291,4.5950165
1625,R,705793553624485,-5.6858215,-5.6470184,5.174774
1637,R,13087696246498,7.633014,-3.583671,-10.248081
1637,R,13186980174888,8.253113,-0.5717653,-7.4660187
1620,R,940683561384102,2.0908508,9.157776,-3.3092499
1639,R,181906043506109,-6.5096846,-7.104494,-4.4844894
1648,R,462897598693000,-9.19448,0.6442603,-2.3830445
1640,R,170767401743133,-7.8989205,-8.946533,0.1695394
1627,R,440513434826943,0.85917664,-8.959595,-3.968048
1610,R,16079355930899,5.2694244,5.100754,5.6088257
1642,R,1469434865211000,-5.017566,4.711004,7.32876
1620,R,940741408065968,1.7987366,8.892258,-4.571396
1616,R,195718841318012,-0.20896912,-0.008728027,9.1267395
1634,R,76354172869263,-3.500946,-3.3233032,8.078796
1625,R,705829345244640,-6.3634033,-5.712631,4.5414276
1630,R,1557866650109788,6.489105,0.77830505,-7.4068756
1633,R,691109048476876,-4.0275574,-7.508438,-5.543213
1631,R,1552015968035440,2.722107,2.5142365,8.299057
1611,R,293161424604244,-4.578705,-8.661392,-1.2845154
1641,R,1216340902909000,9.716595,-1.2525953,0.119750984
1623,R,783735762584,3.4601746,-1.7611237,-9.450409
1620,R,940715304561228,4.1170654,8.608795,-2.5257263
1637,R,13081747183738,10.673651,-6.51178,-5.6272717
1633,R,691254370142253,-3.1362762,-7.098297,-6.591873
1630,R,1557945705868749,8.153763,2.3209686,4.2205963
1614,R,84331771963000,5.357659,5.9013286,6.7707205
1622,R,289079945671265,4.632675,8.378006,0.8305664
1637,R,13126939834138,3.7424366,-7.5029793,-18.819323
1630,R,1557880598167435,6.3657227,0.67385864,-7.571045
1645,R,1129654792359000,7.903565,-2.4572902,-5.7863674
1642,R,1469451147989000,-4.6846585,4.988826,7.2736745
1604,R,15513420666461,5.087784,3.3995514,6.7031097
1627,R,440488721080824,1.1077881,-10.018021,-1.1358032
1628,R,1136745871199289,-5.4428253,-3.9937134,-7.7969513
1621,R,169544579321947,-9.203311,2.7162218,-2.565387
1628,R,1136764784169481,-5.580841,-3.9011383,-7.7802124
1641,R,1216417510036000,9.692644,-2.1435425,-2.543511
1603,R,11762556504340,6.9246297,0.89543146,6.8330517
1649,R,1163392498879005,6.963536,-3.8588545,-6.367379
1609,R,40184872116766,1.1177368,9.621002,-0.043762207
1632,R,3711467261350,4.1227417,-2.3576965,-8.875641
1645,R,1129654993943000,7.838899,-2.3806496,-5.527705
1619,R,172107752932289,-5.3713913,-2.3008277,7.716512
1629,R,604783795164164,5.4519043,4.709091,5.7580566
1614,R,84399385656000,4.9313455,6.2965064,5.7983427
1609,R,40137136521614,1.5500641,9.597137,-0.12332153
1626,R,596773981053448,5.6206055,-2.627243,-7.9373627
1643,R,708426866296000,4.6032276,-2.8428884,-8.178992
1620,R,940769465308286,1.9998322,8.533203,-4.7618256
1629,R,604639984094282,5.64534,4.618866,5.6830597
1627,R,440639843526636,1.1039886,-8.780426,-2.1863098
1611,R,293050595451957,-4.7476044,-8.518875,-1.3559723
1617,R,267662490803811,-8.502686,-1.5301971,4.3739166
1644,R,1816497470088000,0.57719976,-8.737032,-2.9889846
1638,R,1136604058415507,-7.716811,-5.969194,-6.6531873
1644,R,1816397330332000,1.1903248,-9.419612,-2.8907888
1623,R,949400431973,3.5902863,-2.1047668,-9.263397
1650,R,358016107787000,-10.5764065,-4.009263,-3.8440065
1621,R,169532288994192,-8.498817,2.3187842,-2.0452468
1643,R,708492023924000,4.6271777,-2.823728,-8.277188
1627,R,440562258060387,1.4063416,-9.69397,-2.4580688
1644,R,1816517703591000,0.88376224,-8.523875,-3.642825
1623,R,781197912163,3.524002,-1.6566467,-9.492294
1628,R,1136640027078544,-5.6880035,-3.7234344,-7.7923584
1621,R,169541426549136,-8.782531,2.9095535,-1.9794062
1642,R,1469450704580000,-4.634363,5.0439115,7.2616997
1628,R,1136764522328661,-5.5771027,-3.9425964,-7.7103577
1617,R,267706852694071,-8.438553,-1.8866119,4.302994
1642,R,1469373040636000,-4.519402,5.142107,7.29523
1625,R,705887111351181,-6.009918,-6.092636,4.1674805
1606,R,123842065819468,-7.2336273,-5.3089447,1.1751099
1628,R,1136659342878253,-5.7146606,-3.663559,-7.8255157
1641,R,1216437054970000,10.571617,-2.7854078,-2.6225464
1638,R,1136669790741397,-4.771943,-6.136788,-4.407426
1641,R,1216321377963000,9.354947,-0.55803955,-1.099314
1619,R,172132216234208,-5.4168816,-2.3864205,7.6590514
1608,R,41222302563018,0.56288147,-2.4641266,8.988403
1645,R,1129559273941000,7.3934255,-2.7399025,-5.9013286
1604,R,15653304098956,5.4502716,3.537033,6.583359
1621,R,169445417708393,-8.4647,3.6709096,-3.1112652
1645,R,1129554578254000,7.3383403,-2.7973828,-5.9037232
1641,R,1216402277315000,9.960887,-1.3579761,0.5676197
1601,R,267862188565275,-7.820061,3.29502,4.791396
1607,R,288326888457235,3.3315318,-9.221268,0.7326257
1650,R,358161566885000,-7.446116,-0.52690434,-6.0330544
1633,R,691138958777746,-4.073654,-7.1515045,-5.5582886
1621,R,169515050114303,-8.686762,2.8933928,-2.2421699
1620,R,940658243385294,2.6302643,8.988174,-3.0718536
1613,R,175356367256458,1.1761516,3.5865142,8.808268
1631,R,1551888924896145,2.0593262,2.5347748,8.475662
1623,R,880375174833,3.9619598,-1.5874481,-9.227264
1646,R,1464833401544000,-5.839058,-3.774551,-6.246211
1638,R,1136522490418877,-7.6234374,-3.7545571,-4.881478
1607,R,288214359694620,3.4476504,-9.527725,0.4309563
1612,R,5132335836807,-7.6722565,2.156952,5.338257
1643,R,708334279263000,4.643943,-2.9051588,-7.999366
1616,R,195721107248188,-0.22750854,0.034347534,9.146545
1635,R,679045961703271,-8.090668,-2.2736511,4.744446
1643,R,708405886063000,4.5864625,-2.7135572,-8.150251
1625,R,705887635032821,-6.0684204,-6.14769,4.219391
1628,R,1136694671231319,-5.6923676,-3.4357758,-7.863022
1626,R,596882443576340,5.606003,-2.4549713,-7.8456573
1643,R,708483881578000,4.5696974,-2.7087672,-8.159832
1623,R,863375662927,3.5328674,-1.5860748,-9.386414
1629,R,604662039160017,5.756424,4.6112823,5.709656
1622,R,289067709640373,4.706009,8.281067,0.9550781
1632,R,3604515367759,4.255188,-2.269699,-8.996735
1644,R,1816469255982000,0.96758795,-8.47837,-3.515889
1649,R,1163518236070260,5.6922145,-0.37588966,-8.615535
1646,R,1464817864665000,-9.283096,-0.58677983,0.3879932
1618,R,197573182301394,-2.81279,-1.0151672,8.783966
1606,R,123835167332707,-9.3573,-4.009506,-1.1502838
1641,R,1216365928082000,9.659114,-1.3388159,0.15088624
1644,R,1816403356089000,0.9580079,-8.775352,-3.0201197
1645,R,1129565641852000,7.429351,-3.1015503,-5.9037232
1640,R,170806942384283,-6.6275992,-4.8428717,-7.693019
1642,R,1469425051235000,-4.5601172,4.912185,7.443721
1625,R,705810492704814,-6.1024323,-5.160309,5.160019
1625,R,705911077626107,-6.302841,-5.810959,4.3037415
1630,R,1557863779931565,4.720581,2.250183,-6.562439
1623,R,778478795952,3.5496674,-1.6158295,-9.336395
1648,R,462782225147000,-9.362132,-0.87178713,-1.101709
1632,R,3705223364865,4.429825,-2.2627258,-8.813629
1605,R,180258356975043,8.445546,2.6060886,4.197036
1631,R,1552002171036028,2.6800537,2.667099,8.315506
1642,R,1469469445509000,-4.239185,4.8020144,7.6353226
1646,R,1464807527045000,-9.534574,-0.45984375,0.6610254
1633,R,691225064124732,-3.6444397,-6.9256897,-6.4973145
1614,R,84358220053000,5.3121533,6.351592,5.589976
1646,R,1464964244202000,-7.7718387,-1.341211,5.367239
1633,R,691161769137578,-3.6212769,-7.167267,-5.8483276
1648,R,462854170378000,-9.350157,-0.84065187,-1.2741505
1645,R,1129533620561000,7.9849954,-3.1207106,-4.89542
1625,R,705953626772794,-6.7500305,-5.5404053,4.023987
1648,R,462832526373000,-9.371712,-0.88376224,-1.2022998
1640,R,170655068491843,-7.5661263,-3.0017304,-3.0817864
1628,R,1136722768794151,-5.5522614,-3.7187042,-7.8112793
1631,R,1551994416519427,2.7770844,2.646164,8.297165
1605,R,180175398486065,8.454525,2.8353333,4.0282445
1632,R,3754117107309,4.0833893,-2.2922668,-8.947922
1602,R,102500852361958,-1.2856445,-1.806778,9.047363
1609,R,40157882380800,1.6425323,9.576157,0.31739807
1638,R,1136670590493497,-7.000945,0.5933131,-11.618762
1644,R,1816401763975000,1.1424243,-8.689131,-3.2668068
1644,R,1816482677859000,0.5484595,-8.638836,-3.3434474
1616,R,195791048983578,-0.2137909,7.6293945e-05,9.134613
1645,R,1129672787689000,7.4676714,-2.8668385,-5.6809864
1619,R,172024632846437,-5.434838,-1.7220296,7.873931
1623,R,813464783696,3.4419098,-1.6347961,-9.322769
1650,R,358084725792000,-7.2832546,-0.9388477,-6.1719656
1631,R,1551890687286282,2.0510254,2.517273,8.498886
1615,R,167905571079039,8.439819,-4.7272034,-0.5274353
1650,R,358043473928000,-7.2329593,-0.69695073,-6.119275
1600,R,243842649749228,2.8609467,8.037933,3.9830017
1634,R,76362581968250,-3.561386,-3.2880096,7.9708557
1650,R,358131801943000,-7.6209526,-0.5364844,-5.965994
1627,R,440585441049730,2.1515045,-9.503479,-2.198227
1603,R,11728001892113,6.9108634,1.0402806,6.8438253
1639,R,181916039905549,-8.925434,-12.510602,-0.91712886
1614,R,84316342149000,4.711004,6.588699,6.1384354
1612,R,5130372030654,-7.7079773,2.0298462,5.2902985
1602,R,102524720130657,-1.253006,-1.9980927,8.960281
1627,R,440628604503879,1.2122803,-9.421051,-1.459137
1629,R,604646882620669,5.618576,4.6224213,5.6766205
1649,R,1163467678700122,6.9665284,-3.8792052,-6.3021374
1645,R,1129568201151000,7.4006104,-2.9578493,-5.944439
1605,R,180184177395247,8.260594,3.1519666,4.3861775
1649,R,1163398685927545,6.923433,-3.8420951,-6.321291
1628,R,1136666150739581,-5.651657,-3.598587,-7.808029
1641,R,1216386460108000,9.699829,-1.6525636,0.57001466
1619,R,172049574627521,-5.3516393,-2.509722,7.6626425
1631,R,1552000156875872,2.731598,2.6048737,8.309921
1650,R,358071626901000,-7.110813,-0.8262818,-6.2605815
1614,R,84390385199000,5.007986,6.1743608,6.3707523
1623,R,945090129239,3.5206604,-2.1324768,-9.255112
1645,R,1129645663786000,7.2760696,-3.278782,-6.0354495
1607,R,288210407794987,3.192668,-9.248801,0.7266402
1637,R,13153185348448,6.6035075,-3.643526,-5.6344543
1610,R,16117977443633,5.2988434,5.069824,5.736847
1601,R,267915300763274,-7.762002,3.3369186,4.771644
1627,R,440467793954365,1.5040131,-9.304199,-1.9563293
1600,R,243870092701144,3.6245422,7.2226563,4.9781494
1633,R,691181054702349,-3.71521,-6.983032,-6.0327454
1614,R,84376280542000,5.0654664,6.191126,6.6844997
1648,R,462944171500000,-9.129815,0.6466553,-2.7087672
1619,R,172120921669680,-5.4114943,-2.2918496,7.7201033
1643,R,708388432996000,4.598438,-2.7327175,-8.224498
1619,R,172043508142470,-5.161899,-2.8042088,7.6722193
1650,R,358122753220000,-7.7239385,-0.5292993,-5.740862
1627,R,440466605599873,1.6506042,-9.334534,-1.8714447
1601,R,267807121127691,-7.679402,3.210026,4.924873
1609,R,40121778579103,1.1458588,9.732803,0.28579712
1648,R,462849172549000,-9.362132,-0.8334668,-1.2717555
1600,R,243890032894144,3.2221375,7.192032,4.779663
1649,R,1163437551722267,6.8653736,-3.8857894,-6.331466
1618,R,197563917142319,-3.0482635,-1.0345154,8.733002
1631,R,1551898643190768,2.1301117,2.429596,8.453888
1634,R,76384737743046,-3.6454163,-3.2114258,7.919174
1623,R,846698411619,3.409378,-1.6510925,-9.532806
1645,R,1129655739554000,9.053174,-1.9926564,-4.720584
1645,R,1129553167746000,7.472461,-2.8213332,-6.0043144
1605,R,180212588796103,8.652046,2.429516,3.8989575
1608,R,41292898880289,0.84620667,-2.6080017,8.755295
1650,R,358159773340000,-7.472461,-0.47900394,-5.9300685
1601,R,267875635917665,-7.6410947,3.3806129,4.8285065
1614,R,84385301163000,4.528982,6.806646,5.989944
1644,R,1816524293430000,1.3268409,-8.703502,-3.2572267
1630,R,1557950539870629,7.3705444,1.5412598,-5.912857
1650,R,358142845350000,-7.6592727,-0.45026368,-5.863008
1625,R,705905601339289,-6.3292084,-5.7987213,4.2071686
1629,R,604689884917450,5.6948547,4.622116,5.676132
1633,R,691140016211828,-4.0591736,-7.337738,-5.6813354
1632,R,3734378343050,4.214493,-2.5198212,-8.954117
1603,R,11734304493414,6.8743515,0.84814596,6.8988924
1622,R,289061213973552,4.7515717,8.260391,0.99038696
1636,R,502848925673746,2.1814575,-9.175446,1.8677979
1623,R,889962573929,3.854782,-1.9419403,-9.180435
1612,R,5249912432654,-7.8329315,2.127243,5.1222076
1625,R,705948692080411,-6.2114563,-5.967972,3.9170532
1643,R,708330993743000,4.591253,-3.1446607,-8.023315
1638,R,1136661893075487,-4.7887025,1.2876316,-9.5932665
1631,R,1552012896441201,2.7239227,2.5369415,8.307739
1609,R,40062763683020,1.1068115,9.725327,0.10990906
1637,R,13032477217898,4.5253406,-4.675427,-7.228993
1641,R,1216293390368000,10.2315235,-0.6322852,-0.5340894
1600,R,243832730015602,2.647766,7.778366,4.392517
1611,R,293057695353855,-5.178253,-8.31279,-1.464386
1623,R,867262992028,3.7261353,-1.6996002,-9.447098
1611,R,293017865337055,-4.66037,-8.493164,-1.2933197
1610,R,16107050633171,5.565689,4.7888336,5.695221
1603,R,11806612685366,6.8970966,1.1713632,6.8647747
1605,R,180137447682174,8.22109,1.1067197,5.463568
1642,R,1469406048789000,-4.524192,5.0487013,7.206614
1642,R,1469440044118000,-4.5529323,4.9720607,7.2976246
1614,R,84394717273000,5.7935524,5.8510327,5.973179
1607,R,288220186754825,3.1316159,-9.500791,0.2088941
1629,R,604764207454159,5.437607,4.6969604,5.7895966
1602,R,102584792486038,-1.4444275,-1.7848511,8.897766
1635,R,679054672929473,-8.130432,-2.3334808,4.7269745
1622,R,289146211523967,4.387024,8.7382965,-0.2224884
1610,R,16033835901965,5.5711365,4.93042,5.5546875
1606,R,123968202588016,-7.367752,-6.2578125,-3.3081818
1641,R,1216345154068000,9.965676,-1.1855347,0.43110353
1614,R,84313810282000,4.984036,6.7755103,6.0210795
1638,R,1136494966366137,-5.269937,-1.6787843,-13.668199
1634,R,76427941465296,-3.786148,-3.2757874,7.845001
1608,R,41223511059111,0.5898285,-2.3036194,8.771576
1623,R,861361509268,4.086838,-1.4853516,-9.21196
1621,R,169453438676253,-9.130288,3.2112231,-3.2016463
1623,R,853909116689,3.4945068,-1.6222229,-9.49614
1601,R,267775716578278,-7.7667904,3.2273839,4.853047
1634,R,76473914679082,-3.5382538,-3.5536346,7.7597656
1625,R,705865358425554,-6.4239044,-5.5767975,4.48526
1629,R,604725585919636,5.6566315,4.6463776,5.6381226
1647,R,1217193343477623,5.9867015,-3.642778,-7.41604
1648,R,462902636899000,-9.311836,1.0035132,-2.2297633
1649,R,1163369155612399,6.9569516,-3.8660371,-6.3242836
1603,R,11708688404308,7.047333,0.9295488,6.791752
1617,R,267551460230542,-8.710022,-0.5359497,4.190506
1638,R,1136643547713857,-8.772655,3.3346741,-9.873388
1612,R,5090793801364,-7.7422485,2.038391,5.211029
1647,R,1217223630912663,5.831677,-2.5258827,-7.748235
1621,R,169476423413329,-9.181764,3.6182373,-2.5713725
1603,R,11735783161122,6.9707184,0.8086416,6.794146
1628,R,1136702868873987,-5.7251587,-3.5965118,-7.84198
1646,R,1464878742172000,-8.598121,-2.074087,-2.787803
1621,R,169495935990716,-9.474455,2.6036944,-2.89459
1604,R,15489200402830,5.43573,3.4422913,6.7143707
1618,R,197690053944231,-2.5711517,-0.89175415,8.832474
1630,R,1557878432929183,6.502243,0.5821228,-7.667755
1615,R,167830946447360,7.687027,-5.817444,-0.48330688
1631,R,1551982381907004,2.903473,2.7067413,8.178314
1647,R,1217222710877456,5.957372,-2.1242554,-7.8212585
1647,R,1217236958584741,6.76362,-2.8054059,-7.6602483
1623,R,809094032632,3.6917877,-1.6960449,-9.466873
1623,R,860555845205,3.8355408,-1.5900116,-9.364639
1646,R,1464890188075000,-8.202942,0.0,5.6498513
1635,R,679161121293720,-7.723419,-1.7785645,5.381119
1620,R,940688073102852,2.6753998,9.111237,-2.9840698
1614,R,84417742907000,4.639153,6.4426026,6.6461797
1623,R,812920960454,3.4375,-1.6440125,-9.421295
1614,R,84248431304000,5.017566,6.67971,5.9707837
1650,R,358055484728000,-7.589817,-0.488584,-5.278623
1630,R,1557898675225310,8.558746,1.0834808,-7.474045
1641,R,1216368406340000,9.716595,-1.1328443,0.39757326
1612,R,5143161964206,-7.7267303,2.16922,5.2238007
1650,R,358158362608000,-7.8341093,-0.47181886,-5.9372535
1634,R,76425675535120,-3.4781036,-3.1573944,8.030716
1646,R,1464881039894000,-9.395662,-2.4764502,0.9436377
1623,R,838964050156,3.52565,-1.6287842,-9.47879
1617,R,267549697840406,-8.7417145,-0.45318604,3.9782715
1614,R,84416041781000,4.9169755,6.4138627,6.4426026
1646,R,1464794428444000,-8.938213,0.043110352,0.34727785
1624,R,515939808211471,7.048111,-4.312622,-5.4089355
1620,R,940680298440531,2.6005096,9.115524,-3.3321228
1614,R,84370840827000,4.7133985,6.6270194,5.8845634
1631,R,1551941444093333,2.335556,2.2640991,8.515686
1612,R,5126897604385,-7.7525024,2.1121979,5.26828
1645,R,1129647094931000,7.173084,-2.7303224,-5.870193
1618,R,197636426925937,-2.583786,-1.0019684,8.843536
1620,R,940674336526469,2.5456238,9.032425,-3.0882416
1640,R,170736107787153,-8.535778,-8.805275,-0.5439327
1642,R,1469499854194000,-4.5553274,4.8427296,7.4509063
1627,R,440638252340112,1.5316162,-9.285812,-1.6495209
1641,R,1216357606471000,9.970467,-0.9651929,-0.05748047
1643,R,708463163036000,4.5553274,-2.8333082,-8.178992
1603,R,11777003977667,7.0634937,1.1563994,6.543952
1626,R,596879925876145,5.6174164,-2.6846466,-7.8399963
1629,R,604642098962446,5.6475067,4.625717,5.651306
1629,R,604655895971540,5.655472,4.6491394,5.62883
1637,R,13095644087088,9.20361,-1.7832314,0.43963528
1650,R,358116546956000,-7.062913,-0.6466553,-5.8989334
1602,R,102493097828533,-1.6486206,-1.6426239,8.833176
1640,R,170666691987873,-6.541408,-4.505289,-4.582951
1620,R,940759152818315,1.9309082,8.574585,-4.923477
1626,R,596937430138430,5.7737885,-2.4510956,-7.8580627
1626,R,596877659917170,5.7562256,-2.5200806,-7.880127
1641,R,1216435966951000,9.616004,-2.8596535,-2.7015822
1648,R,462872751038000,-9.3381815,-0.8765772,-1.2885206
1648,R,462848890310000,-9.362132,-0.8143067,-1.2693604
1614,R,84376379603000,4.88105,6.480923,6.488108
1615,R,167893385428751,7.7869263,-5.053467,-1.6932373
1623,R,947970378262,3.6346588,-2.1094666,-9.349533
1628,R,1136670682593516,-5.725952,-3.4093018,-7.8230896
1622,R,289032058997245,4.6142883,8.412552,0.916687
1603,R,11768823697202,7.107786,0.6464345,7.119757
1641,R,1216315474042000,10.071057,-0.71371585,-0.8214917
1626,R,596782037695073,5.9437256,-2.6842499,-7.753998
1615,R,167926518361442,8.1311035,-5.3167877,-0.91674805
1644,R,1816533825854000,0.8885523,-8.732242,-3.2692018
1631,R,1551902218325045,2.3358765,2.378601,8.5073395
1650,R,358062678947000,-7.2449346,-0.852627,-6.07856
1616,R,195820455706999,-0.15435791,-0.00044250488,9.153702
1644,R,1816501037271000,0.26345217,-8.751402,-3.5206788
1650,R,358026021850000,-6.847361,-0.59156984,-6.0593996
1631,R,1551929409500169,2.2382355,2.333969,8.5890045
1644,R,1816400776427000,1.092129,-9.649534,-1.3388159
1628,R,1136667298810870,-5.9516296,-3.3944244,-7.8730316
1606,R,123994588078601,-8.647522,-5.1280823,-1.7668457
1633,R,691196009843101,-3.6826477,-7.013336,-6.5842133
1647,R,1217219640764122,6.2063694,-2.7742813,-8.209718
1613,R,175312792167622,1.3012487,3.8097734,8.699332
1639,R,181885258644329,-6.287024,-7.8921866,-1.5156794
1641,R,1216392464616000,9.807606,-1.4034815,0.9196875
1622,R,289169172962374,8.737747,4.1587067,0.110321045
1603,R,11787298589016,7.114969,1.2808979,6.55293
1601,R,267858437598244,-7.6847887,3.1974564,4.981137
1616,R,195825037921354,-0.1974945,0.049865723,9.118118
1643,R,708421505141000,4.591253,-2.684817,-8.277188
1623,R,872942923856,4.0737457,-1.7010956,-9.436188
1643,R,708365296094000,4.536167,-2.8404932,-8.289163
1628,R,1136604799410421,-6.050583,-3.7970276,-7.513138
1642,R,1469473032333000,-5.103787,4.509822,7.685618
1610,R,16160526575812,5.3492737,5.100189,5.649765
1648,R,462803325321000,-9.352551,-0.86220706,-1.1328443
1622,R,289086944875646,4.68956,8.296143,0.8925171
1642,R,1469398391224000,-4.3182206,5.0846267,7.2976246
1646,R,1464902984354000,-8.772957,-0.45744875,5.3097587
1626,R,596822522304998,5.6196136,-2.6054993,-7.908554
1628,R,1136650037482671,-5.780472,-3.4063568,-7.855713
1645,R,1129692919729000,7.668853,-2.8261232,-5.6282964
1647,R,1217254555940568,6.142923,-3.7732618,-7.1580644
1608,R,41351510916952,0.85180664,-2.518219,8.60202
1627,R,440572651143812,1.4879456,-9.465225,-1.5278778
1643,R,708472111684000,4.6104126,-2.8692336,-8.344249
1645,R,1129621763868000,7.199429,-3.4512234,-5.9085135
1627,R,440527090818593,2.2180634,-9.065887,-3.59404
1645,R,1129625794256000,7.158714,-3.6955154,-5.8007374
1618,R,197650223914565,-2.4181366,-0.8054352,8.852615
1621,R,169445298151986,-9.0429,3.4919431,-3.4422636
1628,R,1136751349739176,-5.7103424,-3.7417908,-7.639328
1644,R,1816399607497000,1.5615528,-8.650811,-5.621111
1601,R,267790161702229,-7.8188643,3.2082303,4.8081555
1640,R,170700966975123,-5.406556,-8.498817,-0.7115268
1617,R,267661685161611,-8.626007,-1.3292694,4.233261
1612,R,5257213751486,-7.8511963,2.1250153,5.078598
1608,R,41250651872922,0.51297,-2.4369812,8.968445
1614,R,84249044591000,6.466553,5.46304,6.5048733
1616,R,195764109578079,0.072006226,-0.13726807,9.024063
1629,R,604693611113739,5.6452484,4.687958,5.643585
1649,R,1163463648474551,6.9066734,-3.9270895,-6.296152
1601,R,267892994083283,-7.7087307,3.245939,4.8656163
1613,R,175436850999606,1.9913772,3.9318779,8.500613
1610,R,16092045144234,5.144211,4.86882,5.9173737
1641,R,1216438969267000,10.30098,-1.4441968,-0.34727785
1618,R,197697254566789,-2.4750824,-0.6049957,8.883774
1603,R,11782031868603,6.9503675,1.2455834,6.7546415
1647,R,1217316006595388,6.5864487,-3.555988,-6.9982514
1647,R,1217205195646523,6.0166287,-3.0879216,-7.4645224
1625,R,705792888951633,-5.5480194,-5.7795563,5.0257416
1611,R,293037301973825,-4.9531097,-8.573959,-1.5318451
1641,R,1216286761299000,10.013577,-0.6346802,-1.2430152
1641,R,1216332661536000,9.718989,-2.2537134,-0.7664063
1628,R,1136615434186431,-6.0317993,-3.501587,-7.6021423
1606,R,123949470913229,-8.019943,-6.3341675,0.30647278
1628,R,1136649030402593,-5.6529846,-3.5233307,-7.8503265
1648,R,462794639503000,-9.369317,-0.87178713,-1.094524
1624,R,515811254437725,7.0351105,-4.327301,-5.3925323
1636,R,502970933409353,2.0951538,-9.039093,2.25029
1628,R,1136644760354912,-5.838272,-3.6093445,-7.6497345
1616,R,195714460545740,-0.1809845,-0.004623413,9.184616
1608,R,41228697521514,0.58833313,-2.3048859,8.7187805
1622,R,289165144657917,8.539856,4.132309,0.3766327
1650,R,358081038070000,-6.8904715,-0.73048097,-6.1767554
1607,R,288213441831598,3.027468,-9.457695,0.7278373
1640,R,170750254621983,-6.828712,-6.9665284,-1.2861352
1604,R,15596353716879,5.1525726,3.4108276,6.792862
1635,R,679062729587406,-8.04953,-2.2688599,4.708679
1641,R,1216416905609000,9.8938265,-1.2166699,-2.4213648
1622,R,289122041609527,4.249069,8.625519,-0.02986145
1615,R,167833514501559,6.8709564,-6.3286896,-2.4512024
1636,R,502875009029805,2.1286469,-8.276428,1.2760925
1646,R,1464822882392000,-9.381292,-0.4023633,0.16046631
1617,R,267624624625326,-8.316223,-0.71961975,4.6621704
1646,R,1464915599118000,-7.7718387,-1.6932789,5.5947657
1645,R,1129594176389000,7.1371584,-2.955454,-6.4905033
1632,R,3636439807529,4.5556335,-2.3328705,-8.74791
1616,R,195740543909179,-0.20283508,0.031982422,9.16066
1645,R,1129609955257000,7.398216,-2.4189699,-6.0617948
1600,R,243843707183310,2.6789703,7.8110657,4.5189056
1637,R,13084796681928,5.600337,-4.895694,-6.144419
1627,R,440494803843996,-0.11943054,-9.367371,-6.27623
1620,R,940738447250538,1.8762665,8.819321,-4.330139
1621,R,169507548427588,-9.518148,2.7419596,-3.240552
1600,R,243897082446982,3.5251617,7.203232,4.77446
1605,R,180211431591572,8.826224,2.15957,3.5260606
1619,R,172145381937900,-5.4617724,-2.3517046,7.701548
1645,R,1129555827550000,7.213799,-2.8500733,-5.831873
1644,R,1816436628634000,0.9580079,-8.732242,-3.4560134
1616,R,195668990855025,-0.27947998,-0.034500122,9.101929
1644,R,1816489086489000,0.3784131,-8.660391,-3.4799635
1621,R,169398331359920,-7.193379,5.2636523,-2.9460652
1600,R,243882983312962,3.7068634,7.310318,4.7534637
1630,R,1557819921578763,7.216522,0.76997375,-6.942993
1614,R,84418514480000,5.223538,6.2270513,6.5048733
1605,R,180153491289513,8.3312235,1.1701661,5.0517654
1623,R,884745899125,4.0786896,-1.7121887,-9.119537
1642,R,1469516418702000,-4.521797,4.782854,7.4772515
1628,R,1136602543551046,-3.7656555,-5.056122,-8.278229
1623,R,795820743077,3.7372284,-1.5501862,-9.55275
1629,R,604657104467634,5.664032,4.591568,5.6393433
1640,R,170692021212193,-7.1543236,-4.565144,-3.395427
1600,R,243934142978221,4.023056,7.076233,4.701233
1650,R,358017175097000,-9.326206,-1.2334352,-5.0199614
1620,R,940682413312813,2.2608185,9.0733185,-3.4605713
1632,R,3618664824697,4.4241333,-2.2841034,-8.858643
1605,R,180251215717860,8.522161,2.3343468,4.134786
1628,R,1136704601051722,-5.803528,-3.5714417,-7.701538
1620,R,940735164169483,1.7387238,8.907532,-4.374481
1603,R,11819381985629,7.0227923,0.9540894,6.7253127
1639,R,181886007910229,-8.255058,-5.4333415,-7.9273515
1627,R,440496636729738,0.45651245,-9.345596,-4.2036133
1634,R,76407245980669,-3.5623932,-3.2743835,7.9125824
1634,R,76489071240785,-3.5295258,-3.4131927,7.9716797
1641,R,1216386943671000,9.778865,-1.4370118,0.58198977
1616,R,195748499841796,0.03933716,-0.16178894,9.015015
1646,R,1464906027220000,-7.7071733,-1.6693287,5.223538
1648,R,462938629662000,-9.115445,0.68976563,-2.7518775
1619,R,172121878894731,-5.391144,-2.2331917,7.6943655
1602,R,102528647742961,-1.6495819,-1.578598,8.863312
1624,R,515821728065423,6.939987,-4.6257324,-5.195755
1604,R,15495746423338,5.181015,3.3628693,6.7863617
1647,R,1217285839915192,5.835268,-3.0304608,-7.689577
1635,R,679150244837269,-8.271194,-0.95162964,4.8418884
1611,R,293144656726337,-4.788742,-8.443481,-1.5619049
1650,R,358006071186000,-6.248606,-3.6500099,-4.8666797
1644,R,1816448196207000,1.0681788,-8.638836,-3.5661843
1618,R,197584360867199,-2.9724274,-0.6877136,8.89563
1614,R,84403203476000,4.758904,6.454578,6.476133
1648,R,462773599756000,-9.374106,-0.8286768,-1.0346485
1644,R,1816508312305000,0.57719976,-8.681946,-3.04407
1634,R,76320486032518,-2.6906586,-3.5568848,8.112854
1619,R,172141353106704,-5.3923407,-2.1930888,7.732673
1633,R,691135937537511,-4.037079,-7.311035,-5.8486176
1628,R,1136712134002496,-5.838791,-3.442276,-7.8071747
1614,R,84409593177000,5.5396805,6.2845316,5.815108
1645,R,1129546094521000,7.6137676,-2.9051588,-5.9133034
1628,R,1136624779887931,-5.857483,-3.50914,-7.8347626
1646,R,1464922611711000,-7.6041875,-1.3220508,5.144502
1620,R,940685837385079,2.2658691,9.04628,-3.3504028
1604,R,15535777836688,5.2777405,3.2755585,6.729065
1623,R,946298625333,3.5641022,-2.143753,-9.344452
1648,R,462883048896000,-9.362132,-0.8765772,-1.2909156
1641,R,1216373161594000,10.020762,-1.104104,0.72569096
1613,R,175378591403222,1.6466122,4.100669,8.523358
1642,R,1469505798718000,-4.550537,4.790039,7.510782
1628,R,1136632856688044,-5.8259735,-3.473587,-7.952896
1615,R,167810603429333,6.787613,-6.606888,-0.6365814
1609,R,40105967405539,1.0799866,9.672424,0.33511353
1614,R,84354105630000,4.718189,6.1073003,7.048543
1603,R,11659763913651,7.245453,0.6655881,6.663662
1606,R,123848863609391,-7.787964,-6.005478,1.1892548
1628,R,1136690340786983,-5.836899,-3.3240204,-8.053329
1601,R,267858836630745,-7.8212585,3.2704794,4.8817773
1643,R,708365497615000,4.636758,-2.8668385,-8.066426
1608,R,41289172684000,0.95376587,-2.7328186,8.941818
1605,R,180200298412982,8.6257105,2.28347,3.7966053
1647,R,1217237557135993,5.99149,-3.128623,-7.53156
1607,R,288267312009808,2.1230583,-9.896433,0.25079262
1638,R,1136663492390687,-6.3401456,0.35149872,-8.029853
1627,R,440607032837891,1.7294159,-9.371353,-2.4625092
1646,R,1464884424756000,-7.92991,-0.85023195,4.988826
1636,R,502947317385157,2.2162628,-9.376709,1.9936371
1633,R,691142987095965,-4.018631,-7.3891144,-5.7123566
1646,R,1464796443666000,-9.532178,-0.6394702,0.48139894
1613,R,175356328678126,1.3323733,3.639785,8.804078
1619,R,172077625563083,-5.315128,-2.529474,7.6548615
1634,R,76369127987012,-3.5998383,-3.1262665,7.995682
1642,R,1469489375386000,-4.5649076,4.88105,7.4580913
1646,R,1464796685480000,-9.78605,-0.5891748,1.1328443
1627,R,440575027852797,0.97566223,-9.402252,-2.4592133
1642,R,1469482281932000,-4.4571314,4.761299,7.563472
1606,R,123866286108273,-7.714432,-6.1233063,-0.659256
1642,R,1469529577491000,-4.7014236,4.737349,7.32397
1636,R,502921737548400,2.2419891,-9.015167,2.26857
1642,R,1469500277331000,-4.636758,4.888235,7.441326
1644,R,1816514559677000,0.89573735,-8.665181,-3.9565725
1625,R,705940081555432,-6.218689,-6.2477875,3.8853912
1606,R,123930336387795,-8.586609,-6.6671753,-2.7910461
1620,R,940705012190775,4.0419006,8.611786,-2.047058
1642,R,1469506262294000,-4.4595265,4.8139896,7.424561
1601,R,267802212984256,-7.599196,3.3225534,4.921282
1616,R,195787070992362,-0.203125,0.02104187,9.110809
1645,R,1129667325413000,7.5706573,-2.9410841,-5.609136
1627,R,440571241231703,1.3834686,-9.505463,-2.2414093
1610,R,16022858725913,5.4600983,4.8519897,5.5820923
1635,R,679104422688247,-8.137833,-2.3029022,4.712509
1639,R,181901145687589,-6.978948,-6.1611786,-7.245004
1624,R,515851084467442,6.904129,-4.191269,-5.5174103
1605,R,180118016706504,7.915829,1.4377182,5.412093
1629,R,604717126461050,5.5945587,4.713455,5.6009674
1648,R,462814308589000,-9.371712,-0.85741705,-1.0753639
1622,R,289107388602820,4.6800995,8.4210205,0.828537
1602,R,102529956947063,-1.4303741,-1.7843628,8.93309
1606,R,123994034184558,-8.253052,-5.015457,-1.036789
1642,R,1469412718937000,-4.543352,5.015171,7.3646855
1637,R,13082147111338,7.759907,-4.251653,-10.719739
1603,R,11742287537580,6.862979,0.919972,6.8719573
1642,R,1469433998603000,-5.2666483,4.9433208,7.0221977
1650,R,358161042958000,-7.654483,-0.49337405,-5.877378
1650,R,358009295713000,-7.4269557,-3.9877076,-4.397256
1630,L,1558782035543873,8.226257,-0.362854,4.1356506
1610,L,16589492354801,8.4835205,2.9873962,2.7707825
1605,L,181993847475578,8.80767,3.2734723,4.7961845
1639,L,183071924846909,-9.407118,-0.49006316,2.9352913
1600,L,251307236522218,1.8087616,6.836014,6.0926666
1611,L,2039192886008,7.734558,-0.6140442,4.9913025
1617,L,267080026405833,-6.20636,-0.3414917,7.084915
1650,L,359100334048000,-7.2329593,-5.613926,-1.6214283
1616,L,194608475131239,-0.22584534,-0.0005340576,9.109787
1601,L,264707265285150,-3.3273418,2.468422,8.6712
1617,L,266961644123546,-6.0270386,-0.4414673,7.2607574
1642,L,1471394626840000,0.79993653,9.589659,1.9806812
1619,L,171209988189231,-5.4019175,-4.092888,6.9198413
1631,L,1553419837661157,-2.203064,1.4549713,8.799728
1635,L,678689666843473,-7.910431,1.0836945,5.198807
1614,L,83460592155000,3.8655617,7.788604,5.611531
1628,L,1137048659905493,3.7041626,-6.274948,5.6992645
1627,L,440847237254553,-1.0249786,-9.5829315,1.2731171
1623,L,4536822024813,5.91687,-3.5025177,-7.321167
1644,L,1817258878598000,1.8800904,-8.988508,-2.0142114
1622,L,290325653377625,-9.440933,-2.146988,1.8008423
1600,L,251278484402041,1.6852875,7.0070496,5.9617615
1647,L,1220769370029619,5.631162,-1.2425907,-8.359954
1607,L,291264470107057,-6.38354,5.7766104,-5.2540755
1627,L,440871286322057,-0.7420654,-9.500656,1.5000458
1642,L,1471511668848000,3.9445972,9.462723,-2.0190015
1605,L,182012562708122,9.239224,3.875614,3.6098576
1632,L,3156868237910,-3.748108,-0.94189453,8.464172
1642,L,1471548989676000,0.20597169,5.7935524,2.4141798
1637,L,14832092085137,-2.6722283,-10.093506,0.26440966
1620,L,941669643839143,-4.2841187,8.92128,-0.16758728
1602,L,101007805787175,-3.6756592,-2.1648102,8.314697
1619,L,171109510518644,-4.663306,-5.369596,6.359598
1604,L,17459369704047,5.5069733,4.6015167,5.8357697
1612,L,7886347374966,-8.526764,3.9161835,2.73172
1614,L,83412166026000,3.915857,7.534732,5.7887626
1610,L,16523881069686,8.549255,2.7879791,2.7760315
1637,L,14961500501507,-7.120655,-0.5669769,7.152528
1605,L,182028205713013,10.084976,4.156334,4.1299977
1641,L,1219886834444000,9.611214,0.5364844,-2.926714
1637,L,14989996060107,1.1968015,-0.51430446,9.7741785
1604,L,17436911817093,5.4078827,4.600403,5.88797
1615,L,166291876331550,9.259476,-2.243164,-0.9514313
1641,L,1219871803378000,9.584868,0.5388794,-2.955454
1646,L,1466248106676000,-6.3851223,-2.7614577,-6.337222
1649,L,1163623703801915,5.954978,-1.3491327,-8.243835
1629,L,605397358677441,4.886856,4.275772,6.5457916
1644,L,1817306682554000,1.2573853,-9.05557,-2.0094216
1607,L,291148669118507,-5.7005944,5.747281,-5.6778493
1648,L,461438393332000,9.829161,1.1424243,1.3986914
1627,L,440755270714581,-1.0389404,-9.242477,2.1584625
1632,L,3266136451519,-3.0879517,-1.9101257,8.547089
1628,L,1137075971905223,4.42395,-5.3768463,6.052704
1613,L,176859076680564,2.134431,5.385158,7.724293
1604,L,17511133633057,5.514221,4.4799194,5.8584747
1648,L,461495397674000,8.600515,1.0322535,-5.103787
1635,L,678581345280071,-8.25206,0.12684631,4.996353
1645,L,1130470466185000,8.909473,-2.5866213,-3.6380348
1612,L,8012131676162,-8.679581,3.7819977,2.562378
1633,L,692814891080592,-0.18148804,-9.017334,-4.282181
1643,L,708824098856000,4.89542,-2.9458742,-8.01613
1626,L,597640079917010,5.4459686,-2.0414581,-8.243912
1642,L,1471423786881000,5.3097587,9.687855,0.34967285
1610,L,16462600250739,8.427826,2.7891846,2.9441833
1641,L,1219964871323000,9.407638,0.5340894,-3.542234
1627,L,440869131170690,-0.7423401,-9.500351,1.3841858
1634,L,76786210210914,-4.6976013,-3.9629211,7.201004
1618,L,199378826519730,-2.6321564,-0.9102783,8.8063965
1624,L,517373359000103,6.42218,-4.93985,-5.6435547
1642,L,1471545422926000,-0.488584,7.91075,2.2585034
1644,L,1817276734446000,1.7747096,-8.940608,-2.064507
1642,L,1471436019035000,-0.1460962,9.606423,1.5280225
1648,L,461521633423000,8.605306,1.0011182,-5.096602
1613,L,176916700115126,1.9913772,6.196194,7.117363
1634,L,76822314035395,-4.5298157,-4.4597015,6.974594
1633,L,692779089364834,0.032104492,-8.994644,-3.9680939
1650,L,359171916633000,-7.690408,-4.8307548,-2.071692
1637,L,14885064382267,-3.2779615,-3.463961,6.3600473
1646,L,1466305964445000,-8.178992,-2.3423293,-3.8152664
1623,L,4594678805067,5.868927,-3.3394318,-7.3952484
1608,L,77795509241909,5.499359,1.9893341,6.970932
1604,L,17485654489208,5.609436,4.422638,5.79303
1649,L,1163678889972258,6.013636,-1.364695,-8.243237
1649,L,1163612251149889,5.9747305,-1.4305356,-8.26239
1650,L,359138382744000,-7.4006104,-5.381609,-2.0860622
1650,L,359099608728000,-7.2569094,-5.606741,-1.6381935
1645,L,1130559336313000,9.16095,-2.3710694,-3.0943654
1608,L,77793958338589,5.5169067,1.8712158,7.026657
1648,L,461476658394000,9.901011,1.1831397,-0.8334668
1606,L,126674376401577,-9.820679,-0.97109985,1.4285889
1643,L,708873718268000,4.8594947,-2.8907888,-8.068821
1620,L,941601968061999,-3.780716,9.13266,0.09451294
1635,L,678580438908000,-8.253189,0.24154663,4.9662933
1603,L,10469712242258,7.5734587,0.58298814,6.193201
1628,L,1137051580437720,4.009186,-5.874588,5.8856506
1648,L,461448407665000,9.905801,1.1783496,-0.7041358
1616,L,194643038116598,-0.20872498,0.054870605,9.185455
1613,L,176867259188164,2.0045455,5.321113,7.7572136
1637,L,14999695121927,-7.4055653,-1.8287212,6.6521397
1643,L,708806725906000,4.878655,-2.9482691,-8.006551
1602,L,101086458736882,-3.7151184,-2.1357117,8.256409
1606,L,126556497686478,-9.903763,-0.5070648,-0.2310791
1626,L,597738471657910,5.774353,-2.283554,-7.9241943
1608,L,77737783412027,5.066452,2.4253693,7.2268677
1620,L,941516567690612,-4.004654,9.019745,-1.7344208
1625,L,706226819611836,-6.77359,-4.724579,4.7911987
1626,L,597635548056659,5.4902954,-2.2195587,-8.197968
1622,L,290267192378884,-9.446793,-2.2176208,1.7028656
1618,L,199372431561234,-2.6317444,-0.7994385,8.80394
1633,L,692787397801066,-0.43841553,-9.012146,-4.1297607
1636,L,503849560421414,0.3157959,-9.1167145,2.8388824
1641,L,1219829792638000,9.656719,0.6682105,-2.7758276
1628,L,1137125943230910,3.9015045,-5.5401917,6.288727
1638,L,1138137359524183,-6.7455134,-5.4453125,3.8660371
1645,L,1130432399005000,8.746612,-2.703977,-3.8464015
1612,L,7969632906784,-8.660538,3.9154053,2.4372406
1650,L,359111317470000,-7.3934255,-5.2977834,-1.8968556
1602,L,101073870232295,-3.6921082,-2.0839233,8.291626
1627,L,440828143018193,-0.62887573,-9.4500885,1.5760651
1650,L,359096001200000,-7.2545147,-5.606741,-1.5591577
1617,L,266981634650834,-5.851059,-0.978775,7.4044495
1646,L,1466197483326000,-7.460486,-2.4501052,-5.113367
1633,L,692763026439195,0.108947754,-8.683914,-4.946472
1644,L,1817327520987000,1.1400293,-9.081915,-2.076482
1646,L,1466327829872000,-7.278465,-2.684817,-5.1756372
1633,L,692730195642272,-0.32533264,-8.537506,-5.2979584
1648,L,461544725417000,8.322693,1.0370435,-5.53489
1602,L,101097738035139,-4.0207825,-1.2183228,8.219727
1608,L,77824452709286,5.7113495,1.525528,6.987335
1608,L,77800302943604,5.573471,2.2529907,6.995331
1625,L,706311666097396,-6.9974365,-4.6540833,4.562393
1631,L,1553458408812638,-2.3545532,1.1411896,8.860092
1639,L,183083172198999,-9.32332,-0.547524,3.0478187
1624,L,517250797345788,5.966156,-5.723816,-5.372452
1617,L,266950465540445,-6.176071,-0.2565918,7.1301117
1639,L,183071574933569,-9.378387,0.39818567,2.3989902
1613,L,176808518547458,2.030283,5.380968,7.724293
1650,L,359111418146000,-7.3838453,-5.3408937,-1.8800904
1641,L,1219876679415000,9.613608,0.50534916,-2.8596535
1629,L,605416342156141,4.8174286,4.3964233,6.425232
1624,L,517344757902274,6.594116,-4.485504,-5.8055115
1628,L,1137087654038817,4.2448273,-5.350296,6.21875
1642,L,1471549755287000,-1.1927198,8.741821,2.3974147
1636,L,503718740727995,-0.8353119,-9.034317,2.9118195
1609,L,42619639279671,9.103287,-2.7618256,-1.037323
1638,L,1138107670834793,-6.745663,-6.5855513,2.7783215
1614,L,83504527850000,3.9014869,7.599397,5.824688
1629,L,605285371381202,4.9714813,4.822342,6.099304
1627,L,440826269849248,-0.69444275,-9.306412,1.5562439
1620,L,941628806764853,-4.056366,8.974899,0.35250854
1631,L,1553448942278662,-2.1345062,1.6733246,8.849899
1628,L,1137122458733839,4.304184,-5.34639,6.1138
1629,L,605286428815284,4.959793,4.8063965,6.1602173
1638,L,1138197096999933,-6.604555,-7.134272,1.0857705
1608,L,77813898527520,5.7307587,1.5072937,6.9156647
1602,L,101130115653611,-3.7560883,-1.4513245,8.394653
1626,L,597707403241247,5.773575,-2.267685,-7.9452667
1633,L,692822897363851,-0.032852173,-9.217087,-3.5653229
1620,L,941629058534873,-3.9575195,9.040802,0.38258362
1613,L,176838688281352,2.0320787,5.3169236,7.7907324
1604,L,17361632584237,5.251053,4.7855835,5.9053497
1601,L,264611456097842,-3.1920695,2.6420016,8.634688
1648,L,461437889733000,9.898616,1.1496094,0.855022
1643,L,708864588165000,4.8115945,-2.8668385,-8.073611
1610,L,16451522350030,8.389954,2.7847748,3.0201874
1631,L,1553513596815694,-2.341095,1.1120453,8.833694
1611,L,2024539867878,7.7226105,-0.6593323,4.923538
1647,L,1220827431412461,5.771822,-1.282095,-8.304887
1615,L,166368112292515,9.172806,-2.4725647,-1.3148956
1642,L,1471437328952000,-2.5219557,8.6077,2.1076174
1641,L,1219858424421000,9.620794,0.5724097,-2.8668385
1630,L,1558823124391284,5.710083,-0.50183105,7.0820465
1631,L,1553454581908341,-2.3062744,1.1625214,8.806076
1643,L,708788909619000,4.8571,-2.9482691,-8.01613
1609,L,42614201047249,9.1604,-2.2435303,-0.96157837
1628,L,1137143309785687,4.2294617,-5.494049,6.1067963
1605,L,181975213416262,9.168595,3.6056678,5.2121773
1635,L,678587125932424,-8.218155,0.17874146,4.987854
1608,L,77717037556279,4.594986,3.0700684,7.3328247
1635,L,678612806473709,-8.22229,0.2419281,5.0097504
1632,L,3163162488399,-3.7249298,-0.97839355,8.445175
1623,L,4543921948644,5.919922,-3.5718842,-7.2673798
1612,L,7870334790727,-8.430038,3.8966064,2.9580994
1629,L,605289198285499,4.977463,4.281311,6.380249
1635,L,678632484835531,-8.155518,0.46018982,5.0726166
1626,L,597676787981417,6.1934357,-2.186203,-7.9733276
1647,L,1220769130243682,5.7784057,-1.1785458,-8.343793
1608,L,77831018896467,5.795761,1.3925018,6.9584045
1637,L,14839661793687,-7.5779476,-0.21742344,5.96261
1628,L,1137145072175824,4.1996155,-5.47377,6.132248
1611,L,2007117391388,7.830948,-0.7834778,4.869034
1603,L,10518753980366,7.5770497,0.63087213,6.205172
1629,L,605303247063178,4.965149,4.148819,6.5153046
1629,L,605294938652533,5.0415497,4.3345947,6.396637
1635,L,678634579562093,-8.087067,0.48999023,5.1291656
1615,L,166402101230260,8.725494,-3.4007416,-2.546753
1631,L,1553429404928268,-2.214325,1.4515533,8.836838
1645,L,1130545128986000,9.18011,-2.3638844,-3.0704153
1635,L,678559572221305,-8.124054,0.39779663,5.194275
1639,L,183179386338221,-8.617031,-0.26021978,4.735731
1644,L,1817387295412000,1.1112891,-9.201666,-1.1280543
1650,L,359083929677000,-8.006551,-4.191284,-1.9327809
1601,L,264695413707758,-3.328539,2.4785974,8.613141
1606,L,126511128739214,-9.928833,-0.8447418,-1.0770721
1642,L,1471416229557000,0.85023195,8.466394,4.1242237
1625,L,706362876124496,-6.7928925,-4.683136,4.804077
1634,L,76887472112454,-4.6695404,-4.0909424,7.173538
1617,L,266982188544877,-5.954376,-0.62898254,7.278839
1646,L,1466176221912000,-7.6041875,-2.4740553,-4.7804594
1644,L,1817237999529000,0.613125,-9.079519,-1.9016455
1642,L,1471389709640000,0.4981641,12.645703,3.9422023
1623,L,4614971449587,5.928192,-3.2882996,-7.27713
1644,L,1817397794828000,0.13891114,-9.079519,-2.059717
1640,L,171530344917599,-2.0853498,-9.413403,-1.1382933
1625,L,706282460780073,-6.8077087,-5.115677,4.5442657
1635,L,678674802323696,-7.821701,1.3755646,5.277313
1643,L,708915940392000,4.8044095,-2.9027638,-8.071217
1638,L,1138140108834213,-8.040777,-5.900211,-1.6406267
1629,L,605341465741148,4.8062286,4.2030487,6.5867767
1623,L,4478008554598,5.747238,-3.633255,-7.5289
1648,L,461554961891000,8.396939,0.97956306,-5.4678297
1609,L,42496423022637,9.459244,-1.0198212,-0.46385193
1631,L,1553399595335821,-2.2208405,1.5082092,8.839066
1641,L,1219806459708000,9.388477,0.44307864,-3.6883302
1628,L,1137059737792734,3.696579,-6.314926,5.6508636
1608,L,77856659156758,5.8636017,1.3133087,6.8922577
1648,L,461538418523000,8.384964,1.0370435,-5.4342995
1616,L,194571394407905,-0.17955017,0.03907776,9.147385
1629,L,605302189629096,5.021652,4.0987854,6.5376434
1641,L,1219949235578000,9.371712,0.62989014,-3.547024
1616,L,194655848161830,-0.16993713,-0.022537231,9.135574
1637,L,14882914927787,-5.7368064,-4.287566,6.1876645
1616,L,194651054460658,-0.25354004,0.11659241,9.033646
1601,L,264634440441218,-3.1992521,2.743755,8.608353
1603,L,10486591601730,7.5387425,0.60214174,6.1866174
1636,L,503838331489660,0.2639618,-9.108704,2.625824
1646,L,1466295323873000,-5.3552637,-2.6776319,-7.3455253
1625,L,706326671612878,-6.629669,-4.9775696,4.7136383
1628,L,1137175385267885,4.231903,-5.4195404,6.131241
1607,L,291237694585244,-6.0836663,5.257068,-5.7478795
1606,L,126518329356249,-9.910858,-0.90875244,-0.85046387
1650,L,359222984366000,-7.599397,-4.988826,-2.095642
1617,L,266991302645631,-6.1711426,-0.24201965,7.1195526
1644,L,1817307710360000,1.2454102,-9.031619,-2.0190015
1611,L,1896237882680,7.874008,-0.85343933,4.7215424
1629,L,605427218617025,4.8663025,4.5531616,6.3865204
1611,L,2054097678178,7.788864,-0.62750244,4.9054413
1641,L,1219953305441000,9.393267,0.55324954,-3.5542092
1601,L,264555630734478,-3.1609447,2.4612393,8.694544
1647,L,1220877350229551,5.7023897,-1.4173675,-8.398261
1642,L,1471522752283000,-2.4836354,5.223538,3.3554225
1616,L,194623823021772,-0.13409424,0.051879883,9.152557
1644,L,1817326634279000,0.84065187,-9.17053,-1.9830762
1648,L,461472789509000,9.910591,1.2046949,-0.81191164
1634,L,76800762527064,-4.5898285,-4.0059967,7.12677
1628,L,1137128138675905,4.225281,-5.490799,6.127136
1607,L,291132946954659,-5.679645,5.805939,-5.5737014
1606,L,126518933604296,-9.941864,-0.85084534,-0.7618103
1609,L,42608007519699,9.244156,-2.1755981,-0.9846344
1622,L,290243878474763,-9.332947,-2.2417755,1.9994354
1639,L,183164187830078,-9.557953,0.4269161,2.4468741
1614,L,83435469189000,3.784131,7.709568,5.702542
1635,L,678612786332108,-8.231384,0.22259521,5.0336456
1649,L,1163588668254377,6.043564,-1.3676877,-8.164826
1609,L,42595368654638,9.521973,-1.4984436,-0.7120514
1614,L,83395707468000,3.5685792,7.8556643,5.6809864
1627,L,440742923918924,-0.8997803,-9.289017,2.0348206
1614,L,83366390523000,3.4823585,7.8029737,5.7552323
1635,L,678645113620098,-7.8772583,1.4169769,5.3032227
1648,L,461472950748000,9.891431,1.1951149,-0.8310718
1618,L,199408736779249,-2.5070953,-0.60591125,8.699951
1650,L,359169397971000,-8.061636,-4.4116263,-1.7363893
1607,L,291229953379571,-6.291962,5.303157,-5.254674
1646,L,1466249396336000,-6.2989016,-2.9003687,-6.423443
1623,L,4613410475466,5.9305725,-3.4221497,-7.406372
1612,L,7859458335476,-8.377365,3.9768066,3.0374298
1604,L,17506198940674,5.4858246,4.5162354,5.9187317
1621,L,170441979294124,9.714474,-1.9608512,0.9983821
1609,L,42545719600829,9.473007,-1.0311279,-0.52627563
1627,L,440789007890410,-0.87371826,-9.212845,2.0995026
1600,L,251347116902870,1.6824799,6.8265533,6.129776
1608,L,77841955762313,5.723236,1.6063385,6.9278564
1649,L,1163643976547844,6.027403,-1.38325,-8.239645
1647,L,1220821964718297,5.7664347,-1.3455414,-8.359355
1638,L,1138156754367993,-9.090634,-2.941127,-2.4075193
1634,L,76760428949927,-4.680496,-3.8096466,7.150482
1605,L,182026449908587,9.907805,3.9695864,4.0043025
1607,L,291200105168331,-5.9920883,5.4659624,-5.6946087
1648,L,461470955812000,9.896221,1.1951149,-0.90052736
1645,L,1130520987227000,8.976534,-2.680027,-3.3626075
1631,L,1553479758909206,-2.3484344,1.2010956,8.823425
1630,L,1558810485554052,6.0386047,0.019577026,6.8540344
1642,L,1471398153399000,0.07664063,6.7467704,6.255791
1618,L,199407427575147,-2.5796509,-0.8602295,8.961182
1645,L,1130558570538000,9.1849,-2.3519094,-3.06802
1629,L,605429937733236,4.8946075,4.3602295,6.4237366
1641,L,1219829611266000,9.6615095,0.68737066,-2.7854078
1648,L,461479620449000,9.922566,1.2022998,-0.79754156
1643,L,708756441250000,4.8571,-2.9482691,-8.0017605
1609,L,42595116884618,9.375793,-1.258728,-0.84602356
1617,L,267014415121551,-5.97023,-0.8800049,7.193878
1643,L,708798583670000,4.89542,-2.9674294,-8.035291
1650,L,359087194305000,-7.9155397,-4.8044095,-1.9567311
1619,L,171141853719413,-4.5005007,-5.245696,6.8330517
1642,L,1471545402719000,-1.3292359,8.054451,1.9375709
1630,L,1558850063803878,4.9305115,-0.47764587,7.5868225
1629,L,605277365098469,5.193817,4.2914886,6.379425
1628,L,1137037259767294,3.3517303,-6.07045,6.14563
1612,L,8027741398620,-8.654343,3.75914,2.5555267
1645,L,1130553109479000,9.172925,-2.3806496,-3.05844
1650,L,359145133964000,-7.3383403,-5.2858086,-2.2058132
1648,L,461535073524000,8.339458,1.0106983,-5.5324955
1621,L,170427494358141,9.669582,-1.5951369,0.8218097
1606,L,126612994875496,-9.925461,-0.2639618,-0.08943176
1608,L,77732748011636,4.7304535,3.0301056,7.245056
1604,L,17421050305901,5.343933,4.5941772,6.031494
1636,L,503821211110761,0.104003906,-9.124619,2.8576355
1626,L,597700605442853,5.737442,-2.2743683,-7.961273
1632,L,3228975195560,-3.8473663,-1.0969086,8.423874
1645,L,1130483242682000,8.863968,-3.06323,-3.2620168
1637,L,14913858418117,-2.1000142,-1.0601825,8.34484
1648,L,461491689971000,8.602911,1.0346485,-5.094207
1607,L,291154973482880,-5.8801594,5.6545057,-5.509058
1618,L,199486433006584,-2.7028809,-0.89556885,8.807983
1648,L,461498500849000,8.349038,0.96758795,-5.5061502
1627,L,440855213328771,-0.9860077,-9.454193,1.6646881
1646,L,1466281559861000,-5.985154,-3.06802,-6.6198344
1627,L,440746932091534,-0.9297638,-9.287827,2.0827332
1647,L,1220847861803674,5.7843914,-1.3581109,-8.418014
1616,L,194647650543356,-0.16169739,0.020904541,9.201218
1628,L,1137042335438848,4.0585938,-5.875763,5.9008026
1622,L,290240504756501,-9.341156,-2.262146,2.0285797
1632,L,3177563744378,-3.6447906,-0.9984131,8.461578
1628,L,1137083041612060,4.1206055,-5.276779,6.0588074
1643,L,708831253468000,4.854705,-2.9770093,-8.025711
1640,L,171589310050539,-7.5920134,-4.6657004,1.5743372
1641,L,1219940753039000,9.196876,0.51492923,-3.8631666
1614,L,83492302690000,3.7362306,7.6353226,5.7719975
1631,L,1553428498556198,-2.1730804,1.4420929,8.828812
1614,L,83523360092000,4.047583,7.6137676,5.6618266
1630,L,1558845733359542,5.2933044,-0.49246216,7.3433075
1620,L,941605593554729,-3.784729,9.112045,0.028503418
1644,L,1817337416158000,0.5292993,-8.907078,-2.2608986
1650,L,359084897592000,-7.551497,-5.4414845,-0.57959473
1608,L,77809930632012,5.6033325,1.9104462,6.9159393
1641,L,1219928583071000,9.560919,0.48379397,-3.0704153
1611,L,2053694846147,7.743805,-0.60443115,4.948349
1607,L,291224805769989,-5.9346275,5.4007206,-5.677251
1614,L,83395292034000,3.5637891,7.817344,5.712122
1647,L,1220727713438023,5.7879825,-1.2024878,-8.342596
1615,L,166374507251012,8.698151,-3.4533386,-2.6763306
1627,L,440818354207238,-0.5362091,-9.514038,1.271637
1606,L,126630568432462,-9.930359,-0.2543335,0.18762207
1627,L,440859765336257,-0.70866394,-9.511627,1.1811066
1612,L,7974768994693,-8.674942,3.8730774,2.3394165
1643,L,708883210846000,4.8115945,-2.9003687,-8.068821
1617,L,266974987936016,-6.0219116,-0.5826721,7.2211304
1641,L,1219887600061000,9.613608,0.5340894,-2.907554
1648,L,461458724598000,9.922566,1.1687696,-0.6945557
1617,L,266938783403453,-6.027542,-0.7627411,7.1685944
1634,L,76821709787348,-4.5403595,-4.4546814,6.9655457
1647,L,1220869130181088,5.78499,-1.3311762,-8.359355
1607,L,291137495816013,-5.7059813,5.8107276,-5.5539494
1641,L,1219940652385000,9.251961,0.5484595,-3.67875
1627,L,440745622887433,-0.9235077,-9.287109,2.0326843
1646,L,1466247199709000,-6.5407987,-2.924319,-6.06419
1628,L,1137209340654207,4.289322,-5.4119263,6.156616
1650,L,359209965706000,-7.688013,-4.785249,-2.179468
1650,L,359082619506000,-6.109695,-6.346802,-2.43813
1628,L,1137046827015996,3.9323425,-6.0221252,5.852997
1626,L,597788724943633,5.7752533,-2.4452972,-7.9181213
1639,L,183042685641949,-9.282619,0.5633856,3.2872388
1647,L,1220876153153587,5.781997,-1.347337,-8.338406
1644,L,1817276956169000,1.707649,-9.048384,-2.0357666
1616,L,194613329257215,-0.1427002,0.04536438,9.138718
1614,L,83366529043000,3.4679885,7.774234,5.9300685
1646,L,1466252641034000,-6.222261,-2.6369166,-6.200706
1642,L,1471438014144000,0.95561284,8.966953,4.7876444
1635,L,678555060489444,-8.059708,0.44247437,5.2447205
1601,L,264648646461057,-3.0484173,2.6761189,8.695142
1646,L,1466174911945000,-7.558682,-2.3255641,-4.998406
1630,L,1558767332173126,6.2756195,0.14663696,-7.8679504
1641,L,1219926024241000,9.642349,0.4981641,-2.8836036
1627,L,440870520941198,-0.6441803,-9.498383,1.2820587
1628,L,1137074924541942,4.6546326,-4.854187,6.3257446
1642,L,1471548082911000,-4.5074267,14.305452,-5.319339
1612,L,7881110550648,-8.574188,3.8285522,2.8460388
1644,L,1817324921227000,1.456172,-9.036409,-1.7914747
1643,L,708777542779000,4.8523097,-2.9698243,-8.028106
1619,L,171225950299743,-5.365406,-3.8175547,7.0622964
1616,L,194583902371533,-0.16741943,0.006164551,9.200562
1642,L,1471544153288000,1.5352076,8.849598,2.7782228
1621,L,170315444091671,-1.6519991,-9.250597,-3.256713
1649,L,1163606784401974,5.9585695,-1.4000094,-8.257003
1613,L,176784097689966,1.8986019,5.3474493,7.8158712
1605,L,182089218643980,8.966286,3.2004492,3.8600516
1602,L,100967975761798,-4.1250305,-1.6134033,7.9567413
1644,L,1817267041146000,1.947151,-8.8879175,-2.0190015
1618,L,199402895714796,-2.6233673,-0.8047638,8.728699
1635,L,678714662544238,-8.060394,1.0340576,5.1874847
1619,L,171125991061451,-4.50888,-5.385158,6.70556
1606,L,126634395336759,-9.945435,-0.30903625,0.1716919
1607,L,291187495335940,-5.9585695,5.6000376,-5.625177
1608,L,77845097852157,5.820648,1.356308,6.919739
1647,L,1220741996448228,5.703587,-1.1522095,-8.43178
1610,L,16551223300445,8.564117,2.6334229,2.7905731
1623,L,4608324736809,5.857086,-3.3419342,-7.391632
1640,L,171605107114159,-1.5035586,-9.669582,0.32456398
1646,L,1466247260122000,-6.5096636,-2.8285182,-6.1408305
1619,L,171179065355545,-4.751293,-4.943428,6.8958993
1606,L,126546678645463,-9.947159,-0.6273651,-0.5215454
1617,L,266981936774857,-5.8496704,-0.8953705,7.331482
1618,L,199499373982515,-2.556778,-0.7974243,8.858734
1644,L,1817306118314000,1.22625,-9.041199,-2.0812721
1643,L,708824280176000,4.8331494,-2.9506643,-8.049661
1647,L,1220775235890868,5.755661,-1.2425907,-8.366538
1605,L,182124892850529,8.933365,3.0969,2.9562407
1645,L,1130419723362000,8.923843,-2.7854078,-3.420088
1647,L,1220858516416564,5.756858,-1.3335704,-8.323442
1608,L,77763665362420,5.42807,2.2099304,7.0774384
1622,L,290310144323564,-9.393646,-2.134781,1.6816254
1621,L,170424301714339,9.788095,-1.6921021,0.7374141
1620,L,941542097159484,-3.853836,9.066559,-0.25012207
1628,L,1137139236696088,4.1131287,-5.5754395,6.154831
1648,L,461559153152000,7.8341093,1.2358302,-6.325247
1647,L,1220880601991919,5.828684,-1.3904326,-8.457518
1645,L,1130465710396000,8.945398,-2.543511,-3.5925295
1603,L,10534713004734,7.545925,0.6015432,6.167464
1622,L,290366389760382,-9.252243,-1.8601685,1.9152374
1645,L,1130500311488000,9.086704,-2.6704469,-3.032095
1601,L,264637513341270,-3.2279825,2.678513,8.629301
1644,L,1817341950672000,0.78556645,-9.08431,-2.076482
1635,L,678662374965557,-7.8859253,1.0158081,5.3002777
1640,L,171652931032185,-1.5059528,-9.329605,-2.119916
1625,L,706248824319956,-6.849228,-4.6591644,4.895706
1650,L,359125424460000,-6.9886675,-5.513335,-2.0094216
1608,L,77757784032293,5.062134,2.3166046,7.1925507
1643,L,708880953587000,4.82357,-2.955454,-8.052056
1602,L,101109319445829,-3.7461548,-1.3838196,8.377548
1641,L,1219968095161000,9.383687,0.5388794,-3.6140847
1645,L,1130461458372000,8.990904,-2.6321266,-3.7218604
1641,L,1219856691504000,9.678274,0.4382886,-2.9410841
1641,L,1219966059966000,9.378897,0.5388794,-3.5733693
1628,L,1137124009637160,4.3330383,-5.5736084,6.0585327
1638,L,1138249087252423,-6.4591074,0.39968204,5.901857
1616,L,194576832640327,-0.19926453,0.028045654,9.152969
1641,L,1219857537589000,9.671089,0.5939649,-2.7758276
1632,L,3166737644702,-3.677124,-0.95339966,8.492996
1645,L,1130501520592000,9.05557,-2.7183473,-3.0847852
1648,L,461549722841000,8.382568,1.0442286,-5.4414845
1644,L,1817296041649000,1.2933106,-9.12263,-1.9591261
1608,L,77802780360596,5.557144,2.0556335,7.0282593
1627,L,440877087104494,-0.8043976,-9.344482,1.5935669
1624,L,517317768152353,6.474823,-5.0815735,-5.46611
1614,L,83476041915000,3.9829175,7.6664577,5.6761966
1644,L,1817412164255000,0.5604346,-9.060359,-2.1579127
1617,L,267075746287199,-6.0126038,-0.5618439,7.167099
1601,L,264709898851502,-3.4608185,2.7910407,8.567052
1629,L,605334114050374,4.9848175,3.9919739,6.565338
1610,L,16447443705824,8.5377655,2.5611877,3.0447235
1648,L,461489856373000,8.55501,1.0442286,-5.1540823
1617,L,267019198763002,-6.008972,-0.81915283,7.154663
1644,L,1817321857880000,1.0562036,-9.189691,-1.7363893
1642,L,1471491718657000,0.3784131,9.867481,0.97956306
1644,L,1817265005259000,2.3327491,-8.938213,-1.9447559
1608,L,77858028785664,5.8559113,1.2918243,6.9016724
1633,L,692749581919588,0.001159668,-8.731583,-4.767502
1627,L,440776056851675,-0.68063354,-9.30928,2.6297302
1635,L,678565715409781,-8.117371,0.44770813,5.185974
1643,L,708865979145000,4.8499146,-2.9338992,-8.013736
1642,L,1471459133232000,1.468147,7.94428,3.3793726
1643,L,708888088057000,4.8044095,-2.9219239,-8.092772
1601,L,264572749115253,-3.12982,2.5540147,8.694544
1643,L,708836291969000,4.8451247,-2.943479,-8.032896
1627,L,440716417563980,-0.45373535,-9.154602,2.6557617
1629,L,605347810342218,4.8605804,4.0707245,6.634796
1608,L,77783726417806,5.491226,1.7499695,7.0598907
1613,L,176808401014488,1.9692309,5.3019595,7.754221
1602,L,100969133903888,-3.5747375,-1.993927,8.364212
1618,L,199430237964700,-2.6780853,-0.829834,8.79364
1650,L,359255168365000,-7.9083548,-4.4403663,-2.201023
1616,L,194588796787925,-0.16760254,0.048583984,9.144165
1612,L,8034992400293,-8.630692,3.7581024,2.5727386
1650,L,359091709277000,-7.6017923,-4.6654983,-2.3662794
1647,L,1220857837582502,5.792771,-1.3329718,-8.39048
1629,L,605290255719581,5.015732,4.2020874,6.4094543
1633,L,692709449811530,-0.29055786,-8.833328,-4.146805
1606,L,126516969803667,-9.899277,-0.6531067,-1.040741
1642,L,1471553644750000,-1.951941,8.109536,3.2141163
1601,L,264711215457231,-3.2501287,2.534861,8.604162
1638,L,1138171401827773,-7.2653546,-5.882105,3.0226796
1644,L,1817340016033000,0.9580079,-8.957374,-2.2417383
1638,L,1138178600705263,-6.937349,-6.868516,0.022744916
1618,L,199340406400821,-2.6915436,-0.96499634,8.7730255
1647,L,1220885470171086,5.7400985,-1.377863,-8.429984
1640,L,171682972538075,-4.4915223,-7.3448124,4.8065095
1629,L,605319813538086,4.9718933,4.189087,6.499054
1642,L,1471469954673000,-1.4346168,8.346643,1.8082398
1616,L,194590307408042,-0.21485901,0.018432617,9.199036
1604,L,17514960537354,5.4972534,4.5417633,5.8372803
1647,L,1220856640547973,5.767632,-1.3497312,-8.383297
1614,L,83353235456000,3.0081446,7.5179667,5.980364
1618,L,199428777694504,-2.6845703,-0.8191681,8.821136
1640,L,171512107096129,-8.406042,-5.393538,0.88480717
1628,L,1137124533318800,3.9152374,-5.6457977,6.053604
1633,L,692848678601905,0.0460968,-9.124405,-3.7248993
1639,L,183049082124129,-9.344869,0.54662615,3.4117374
1641,L,1219920704801000,9.582474,0.5388794,-3.0368848
1650,L,359110652128000,-7.3862405,-5.333709,-1.8896705
1628,L,1137145323945844,4.193863,-5.4605713,6.107086
1604,L,17482683602977,5.5348206,4.502426,5.818512
1635,L,678572382282644,-8.118164,0.45243835,5.1982117
1642,L,1471489965264000,-0.90052736,13.072017,5.853428
1609,L,42606496899582,9.258408,-2.012024,-1.05159
1645,L,1130488300527000,9.065149,-2.7662477,-2.9722195
1624,L,517298331515605,6.136963,-5.66864,-5.3213196
1629,L,605368153367224,4.8222046,4.8371124,6.220352
1647,L,1220747585219889,5.7664347,-1.1988965,-8.395268
1611,L,1954900282085,7.789261,-0.7479706,4.864334
1619,L,171287721017482,-5.2421045,-4.1814733,7.052121
1608,L,77720159511576,4.483902,3.1804352,7.2217712
1635,L,678634881686117,-8.183319,0.59910583,4.927704
1641,L,1219911718495000,9.568104,0.5508545,-3.0177248
1642,L,1471417640461000,0.732876,10.7871685,0.5245093
1627,L,440765542932293,-0.8026123,-9.481522,1.8625793
1603,L,10482321099859,7.5590935,0.6159084,6.1746464
1604,L,17428099882352,5.4510956,4.708206,5.8644104
1643,L,708899938680000,4.806804,-2.8931837,-8.068821
1641,L,1219862635254000,9.592053,0.5628296,-2.9410841
1601,L,264575901789366,-3.514688,2.5971103,8.554482
1603,L,10463446353926,7.5375457,0.61650693,6.2883706
1648,L,461550448178000,8.382568,1.0633887,-5.4582496
1641,L,1219881877912000,9.596844,0.5556446,-2.9171338
1646,L,1466195447896000,-7.5179667,-2.4501052,-5.022356
1633,L,692744848643221,-0.18995667,-8.870377,-4.821533
1635,L,678680582975916,-7.961441,1.0918579,5.2197723
1648,L,461518026501000,8.413704,1.0250684,-5.4414845
1648,L,461573882620000,7.8197393,1.1112891,-6.231841
1608,L,77719112141240,4.416641,3.2700958,7.332718
1619,L,171129621469105,-4.7279496,-5.177461,6.8402343
1645,L,1130586762817000,9.074729,-2.4165747,-3.3578174
1606,L,126538722712845,-9.957764,-0.6782379,-0.42012024
1601,L,264593259643212,-3.0951042,2.6491842,8.630499
1628,L,1137117604601447,4.320572,-5.459976,6.1364136
1647,L,1220840639332691,5.759252,-1.3383588,-8.335413
1602,L,101036759338395,-3.550354,-2.1822357,8.308182
1606,L,126501460771093,-9.848892,-0.19996643,-0.2186737
1630,L,1558846841147628,5.30217,-0.50886536,7.420822
1647,L,1220743754499108,5.7921724,-1.2180501,-8.383896
1627,L,440775694302847,-0.93078613,-9.372391,1.9841309
1641,L,1219948731800000,9.333391,0.5676197,-3.6883302
1627,L,440798474440614,-0.7292938,-9.560974,1.1539917
1635,L,678593671952932,-8.21167,0.23310852,4.985718
1647,L,1220881599564837,5.7257333,-1.1875241,-8.358757
1611,L,1920558864569,7.892975,-0.7848053,4.6900787
1644,L,1817349447746000,0.6610254,-9.038804,-2.1148024
1644,L,1817276391948000,1.5088624,-8.993299,-1.961521
1635,L,678679878019862,-8.014023,1.0381165,5.180435
1616,L,194688559246199,-0.18717957,0.022323608,9.148804
1637,L,14905410096787,-2.0688896,-3.1527147,9.084649
1615,L,166278028965554,9.326935,-2.6169434,-1.421463
1610,L,16530930629917,8.458328,2.7723541,2.8335571
1643,L,708914066810000,4.8115945,-2.907554,-8.061636
1628,L,1137119538201613,4.309906,-5.361206,6.1302643
1615,L,166298875518275,9.153732,-2.28154,-1.0394745
1624,L,517277031760459,6.3894653,-5.0361633,-5.6346893
1613,L,176857482878741,2.1571758,5.3941364,7.7248917
1642,L,1471518318926000,1.7148341,10.600357,2.5914114
1635,L,678599049764988,-8.2513275,0.19390869,4.9759064
1623,L,4627559942358,5.9020996,-3.429428,-7.297348
1634,L,76775484822276,-4.6757507,-3.9804077,7.206314
1648,L,461534811748000,8.3322735,1.1136842,-5.53489
1616,L,194673654458897,-0.18789673,-0.010726929,9.136215
1602,L,101122763969041,-3.7708435,-1.4966125,8.364456
1625,L,706341324608591,-6.8966675,-4.8131866,4.7783203
1645,L,1130520241525000,8.983719,-2.692002,-3.3482375
1645,L,1130437215614000,8.794512,-2.687212,-3.7625759
1635,L,678593027421682,-8.229294,0.21440125,5.0165863
1628,L,1137099195181137,4.254257,-5.4325867,6.089905
1620,L,941561835918933,-3.7179108,9.053162,0.10707092
1629,L,605335574322691,5.068695,3.4270477,6.9371185
1609,L,42453118588545,9.204285,0.42485046,-3.2328033
1601,L,264717241008009,-3.3626564,2.6132712,8.580819
1618,L,199371827313187,-2.6450653,-0.8924866,8.810669
1623,L,4526146976568,5.8892365,-3.7313843,-7.226181
1628,L,1137049807976782,3.9509888,-5.8174133,5.9456635
1616,L,194574758055366,-0.21012878,0.02319336,9.118912
1636,L,503777957040081,-0.81993103,-8.834518,3.3394928
1641,L,1219944137670000,9.3453665,0.5604346,-3.7266505
1637,L,14992395680867,-2.5118167,-3.583671,8.294562
1645,L,1130564233320000,9.2328005,-2.4093897,-3.051255
1643,L,708764200635000,4.8499146,-2.931504,-8.006551
1643,L,708889176540000,4.7972245,-2.9027638,-8.076006
1625,L,706302803790845,-6.770447,-5.038147,4.567688
1644,L,1817394510152000,0.14370118,-9.081915,-2.0621119
1622,L,290311302465654,-9.425705,-2.1614685,1.6988983
1627,L,440869876409948,-0.6677246,-9.519501,1.2324219
1632,L,3176506310296,-3.6348877,-1.0056915,8.470917
1607,L,291262394897110,-4.5483847,7.3310456,-5.989694
1606,L,126544765193314,-9.857239,-0.628479,-0.5677643
1603,L,10505426101152,7.529764,0.6147113,6.1979895
1633,L,692753610248263,-0.044906616,-8.627518,-5.0178986
1629,L,605285472089210,4.8898163,4.781952,6.1387024
1637,L,14957651274007,-1.3410522,-5.977873,7.9043074
1646,L,1466329603482000,-7.29523,-2.7806177,-5.158872
1613,L,176782501032521,1.9177556,5.394735,7.7853456
1646,L,1466310579634000,-7.9945755,-2.4716604,-4.248765
1617,L,267053338762952,-5.750366,-1.2184296,7.279251
1620,L,941646883843090,-4.338913,8.763184,-0.92282104
1620,L,941573014512987,-3.7695923,9.109207,0.6285553
1635,L,678661710292705,-8.132065,0.9394684,5.091568
1645,L,1130541561997000,9.220825,-2.3614893,-3.0057497
1623,L,4608828276849,5.851349,-3.3975983,-7.444504
1608,L,77877384860540,5.8764496,1.2478485,6.8975525
1642,L,1471512716786000,-0.44307864,11.328443,2.3423293
1610,L,16608777908279,8.433289,2.9454498,2.794983
1609,L,42536756581651,9.432419,-0.77908325,-0.93019104
1637,L,14923557152907,-3.1367035,-3.607613,8.912266
1643,L,708817045005000,4.7301636,-2.7686427,-8.150251
1604,L,17464052626411,5.542862,4.5792236,5.8585205
1603,L,10429567119983,8.389881,2.6809072,7.149685
1603,L,10582400763727,7.7745714,0.46088383,6.0728927
1635,L,678715427925097,-8.084564,1.0157471,5.1640778
1621,L,170420830417258,9.1033535,-3.6403837,-0.6206968
1639,L,183016526098569,-9.347262,-1.5770308,2.3822308
1607,L,291212196064265,-6.153697,5.3737855,-5.4647655
1621,L,170323185236669,6.4607534,-7.3328414,-2.2900538
1616,L,194584285061963,-0.16300964,0.052505493,9.194885
1627,L,440716639121597,-0.71739197,-9.243118,2.5409088
1632,L,3205762010845,-3.749176,-1.0516357,8.4457245
1623,L,4627912420385,5.9759064,-3.4776764,-7.2261963
1626,L,597682226213839,5.78685,-2.3037415,-7.9337463
1616,L,194669525430577,-0.2076416,0.022384644,9.158676
1650,L,359208332977000,-7.695198,-4.7780643,-2.1507277
1642,L,1471491315550000,1.7603394,8.346643,0.855022
1617,L,267055101153089,-6.0624695,-0.6739502,7.1081085
1614,L,83369971147000,3.537444,7.790999,5.807923
1635,L,678675990678188,-7.995804,1.0795135,5.220978
1638,L,1138196847043233,-6.5111814,-7.1869445,1.0546459
1643,L,708836150990000,4.8331494,-2.9817994,-8.049661
1636,L,503737321362312,-0.7934723,-8.994888,3.035492
1626,L,597688268715122,5.754013,-2.2965698,-7.9537506
1611,L,1890195402211,7.9642944,-0.8970947,4.5825806
1616,L,194688257148627,-0.18196106,0.02722168,9.177521
1628,L,1137099839712387,4.286316,-5.457428,6.065033
1628,L,1137064249511484,3.8966675,-5.9078217,5.969818
1646,L,1466324585350000,-7.4054008,-2.6608667,-5.1876125
1628,L,1137088379138693,4.1776886,-5.3352356,6.2013855
1601,L,264571591860773,-3.1495724,2.5516205,8.696339
1602,L,100980362844097,-3.7420502,-1.8070526,8.345459
1633,L,692846815503760,0.08274841,-9.172226,-3.7128754
1617,L,266967988728038,-6.212265,-0.34124756,7.0993347
1642,L,1471527810432000,0.8214917,9.429193,4.8451247
1610,L,16504947974741,8.426346,2.76062,2.995163
1603,L,10502273637872,7.541735,0.6278794,6.2003837
1622,L,290339802842965,-9.482483,-2.1947632,1.7846527
1644,L,1817342615666000,0.7783814,-9.045989,-2.095642
1619,L,171231097028390,-5.379173,-3.933075,6.9665284
1616,L,194648879167689,-0.22972107,0.07626343,9.207428
1608,L,77797624110073,5.4053497,2.431549,6.9505005
1601,L,264630849390335,-3.3692403,2.618658,8.553286
1642,L,1471425620623000,-0.5676197,7.90117,6.919212
1627,L,440825484326787,-0.6500244,-9.5720825,1.9800568
1628,L,1137139135988080,4.088135,-5.499771,6.118149
1644,L,1817303518416000,1.5040723,-9.036409,-2.0213966
1601,L,264551121144897,-2.367267,2.8203697,8.886678
1631,L,1553367066667311,-1.8292847,3.3655853,8.597015
1637,L,14897711915927,-8.57633,3.0913632,4.336947
1607,L,291211158565880,-6.0986304,5.3019595,-5.673061
1624,L,517301957003886,6.221054,-5.5068817,-5.3645935
1629,L,605303851311225,5.0206604,4.129425,6.5175934
1634,L,76770751545909,-4.706894,-4.01503,7.15152
1618,L,199411909098013,-2.552658,-0.5083771,8.750397
1605,L,182000671941981,8.544308,2.9149406,4.71538
1609,L,42489474169290,9.539124,-1.5862122,-2.0793915
1648,L,461505956513000,8.349038,1.0202783,-5.508545
1641,L,1219860035894000,9.596844,0.5628296,-2.924319
1636,L,503725890993378,-0.9875183,-8.990128,2.9050446
1646,L,1466331679034000,-7.1539235,-2.7231374,-5.326524
1602,L,101051714473725,-3.6691437,-2.1074066,8.283936
1613,L,176800657685430,2.0590134,5.380968,7.752425
1612,L,7967215914596,-8.717056,3.8628998,2.3099213
1648,L,461544201527000,8.346643,1.0226734,-5.4822
1650,L,359235720942000,-7.551497,-4.9313455,-2.208208
1646,L,1466156834909000,-9.189691,-0.8861573,0.47181886
1623,L,4638335715959,5.947891,-3.4184265,-7.365265
1637,L,14930806127677,-5.4159837,-3.2341175,7.640945
1610,L,16584759058447,8.464737,2.9647827,2.790451
1634,L,76766118977549,-4.726593,-4.016449,7.0668488
1641,L,1219827153109000,9.639954,0.66342044,-2.7782228
1647,L,1220806801627208,5.7442884,-1.2599486,-8.393473
1634,L,76758011957739,-4.690216,-4.0217743,7.2113953
1604,L,17522161154804,5.554138,4.5381165,5.833206
1607,L,291219977312074,-6.083068,5.2139726,-5.647922
1623,L,4525895206549,5.8606415,-3.64917,-7.269394
1620,L,941612492062732,-4.065216,9.000702,-0.37254333
1635,L,678698649976395,-8.046463,1.0254822,5.140442
1649,L,1163728171908646,5.945401,-1.3569138,-8.280347
1622,L,290225297835824,-9.194031,-2.2114716,2.290512
1638,L,1138086794907913,-0.7769185,-9.061155,3.4558804
1629,L,605314627052133,4.9062653,4.1805115,6.558197
1630,L,1558795480060658,7.237213,-0.17341614,5.67424
1616,L,194572824461616,-0.18554688,0.0178833,9.190491
1618,L,199329983124647,-2.7700195,-1.1493835,8.7491455
1604,L,17494315394434,5.567398,4.437149,5.8139343
1641,L,1219849236321000,9.2328005,-0.19639161,-4.1936793
1625,L,706304515826978,-6.8013916,-4.990387,4.6145782
1633,L,692822695947835,0.02180481,-9.230286,-3.697281
1602,L,101027846672737,-3.6279602,-2.2220917,8.253372
1640,L,171655519947505,-7.252037,-5.29777,2.2447138
1633,L,692758897418673,0.06719971,-8.664902,-4.8601074
1643,L,708896975966000,4.8115945,-2.907554,-8.068821
1624,L,517260767436632,5.922882,-6.007263,-5.2066345
1626,L,597617269571247,5.555435,-1.7743225,-8.297562
1615,L,166338453761859,9.243515,-2.329361,-1.1558685
1619,L,171120764748956,-4.722563,-5.1104236,6.7522473
1630,L,1558683291332189,9.149445,-0.029006958,-2.3192444
1636,L,503742155329105,-0.83470154,-9.005829,2.9302979
1609,L,42538418263780,9.48642,-0.8778839,-0.2953949
1616,L,194629382090828,-0.18536377,-0.00093078613,9.140823
1603,L,10465163063329,7.5112095,0.55365914,6.2045736
1642,L,1471514530454000,-0.62749517,5.2043777,6.0737696
1603,L,10603350328925,7.162853,0.88645315,6.539762
1617,L,267019098054994,-5.981964,-0.9280243,7.221283
1634,L,76837218824462,-4.6008453,-4.3927765,6.955261
1649,L,1163708220897977,6.045359,-1.3198037,-8.212111
1631,L,1553451057146826,-2.3721313,1.0227356,8.840988
1645,L,1130476390869000,8.387359,-2.4932153,-3.67875
1638,L,1138100325870553,-1.6723499,-10.598233,3.1757588
1623,L,4596692965223,5.8841553,-3.349411,-7.339966
1640,L,171676827038915,-8.520964,-1.95307,4.3563995
1601,L,264629652233356,-3.3488896,2.658761,8.5700445
1626,L,597616766031208,5.4482574,-1.9313507,-8.263626
1611,L,2031941932311,7.75972,-0.71836853,4.8871765
1614,L,83458198671000,3.8344264,7.4772515,6.016289
1605,L,182073696082787,8.513183,2.9646204,3.7086184
1650,L,359172037910000,-7.6592727,-4.8571,-2.074087
1609,L,42464347543432,9.178635,-0.38668823,-3.2366486
1644,L,1817401967060000,0.27303225,-9.005274,-2.2848487
1620,L,941642654106762,-3.7279968,9.231506,0.0035552979
1648,L,461566265674000,7.9706254,1.0849439,-6.0330544
1608,L,77785035621907,5.5506897,1.7088318,7.0369873
1614,L,83416122256000,3.8200562,7.654483,5.752837
1628,L,1137042879262090,4.062561,-5.908661,5.873596
1625,L,706279792017866,-6.7182617,-4.9003296,4.753128
1638,L,1138211494712663,-5.0507183,-8.273912,1.0474633
1638,L,1138151905031633,-1.8984523,-8.541165,3.949086
1608,L,77816496794121,5.759491,1.3890228,6.993744
1610,L,16509983371346,8.325119,2.714386,3.1651306
1611,L,1920659572577,7.8908234,-0.7055969,4.6589355
1639,L,183097370107609,-8.772655,-5.01271,1.4269443
1645,L,1130449729596000,8.890313,-2.5962012,-3.666775
1625,L,706385333999028,-6.8196564,-4.7319946,4.7962036
1650,L,359104223714000,-6.8018556,-6.016289,-1.8968556
1637,L,14861675783697,-1.5349826,-4.282778,8.598626
1627,L,440770034509442,-0.90686035,-9.322479,2.077057
1650,L,359258795824000,-7.7574687,-4.6750784,-2.1507277
1643,L,708824058541000,4.912185,-2.9722195,-8.011341
1627,L,440788423783965,-1.0618439,-9.387054,1.8384552
1608,L,77820585521786,5.763504,1.4706268,6.9065704
1628,L,1137142318361127,4.182602,-5.405838,6.09906
1637,L,14863274678347,-1.7384897,-4.601207,8.550742
1642,L,1471483234748000,1.5543678,4.6607084,8.737032
1639,L,183063026950659,-9.591472,-0.9234137,2.0590134
1650,L,359125605756000,-7.1132083,-5.688172,-1.9040406
1641,L,1219966442748000,9.386082,0.51971924,-3.5973196
1642,L,1471548163533000,-0.23471193,10.526112,1.7028589
1648,L,461416269044000,6.4114676,-7.6496925,3.9829175
1626,L,597670040555066,5.875,-2.4052887,-7.8840485
1635,L,678625435273634,-8.2348175,0.2730713,5.0327606
1644,L,1817379879039000,0.71371585,-9.065149,-2.2968237
1604,L,17426488554227,5.5959167,4.742737,5.8627014
1646,L,1466197604275000,-7.541917,-2.42855,-5.132527
1603,L,10431841433211,7.3645644,0.5201403,6.5601125
1648,L,461462553292000,9.891431,1.1903248,-1.0226734
1648,L,461515145072000,8.392149,0.9963282,-5.4486694
1643,L,708913703964000,4.8115945,-2.907554,-8.064031
1636,L,503813708365924,0.14744568,-9.117355,2.9417725
1620,L,941524523607106,-3.9855042,9.094269,-0.5231476
1632,L,3102687349934,-3.895691,-1.0543213,8.395264
1606,L,126594061751706,-9.8867035,-0.24494934,0.29354858
1637,L,14945803659237,-3.6610336,-8.467842,4.1549873
1635,L,678690089817106,-7.996933,1.0248108,5.205078
1643,L,708896955752000,4.799619,-2.914739,-8.066426
1605,L,182083950081220,8.569447,2.984971,3.6343982
1621,L,170353033640720,8.38629,-5.035006,-1.2605472
1632,L,3207876879009,-3.7090454,-1.0447845,8.481384
1621,L,170349481923899,8.661025,-4.9200845,-1.091756
1647,L,1220842871535372,5.7508726,-1.3192052,-8.356362
1646,L,1466217031094000,-7.438931,-2.44292,-5.343289
1648,L,461584038629000,7.7574687,1.1088941,-6.327642
1641,L,1219919233906000,9.5561285,0.54366946,-3.0608351
1646,L,1466288169689000,-6.1623855,-3.0225148,-6.5072684
1646,L,1466221444493000,-7.4772515,-2.567461,-5.0750465
1650,L,359176108654000,-7.7287283,-4.744534,-2.0980372
1633,L,692782765232706,-0.6954193,-9.719467,-3.638092
1623,L,4647198001529,5.9095764,-3.3727722,-7.419281
1613,L,176852095745097,2.1098902,5.2846017,7.7823524
1621,L,170435993524492,9.697714,-1.6956934,0.6853402
1627,L,440766167321942,-0.6396332,-9.352646,2.0939026
1639,L,183172163225201,-8.973767,-0.15248072,3.9911342
1616,L,194567849513899,-0.24961853,0.062576294,9.177231
1635,L,678569582600027,-8.1085205,0.37219238,5.159012
1623,L,4554949488323,5.868622,-3.3475647,-7.3800507
1621,L,170437908988605,9.667787,-1.941099,0.6721721
1629,L,605352090432550,4.9012756,4.1217957,6.6868744
1639,L,183179486047601,-8.609849,0.07736264,4.711789
1641,L,1219825802875000,9.64714,0.68018556,-2.7614577
1606,L,126499043778905,-9.935425,0.09135437,0.12983704
1624,L,517268320524706,6.083557,-5.4994354,-5.5480347
1650,L,359113352933000,-7.28565,-5.503755,-2.0549269
1616,L,194598182774253,-0.2444458,-0.0098724365,9.125229
1645,L,1130519737756000,8.943004,-2.7279274,-3.391348
1627,L,440840308572169,-0.91967773,-9.445389,1.2931061
1608,L,77715063679326,4.5450897,3.2734222,7.722595
1608,L,77738750208902,4.980301,2.5178833,7.2066193
1609,L,42540533131944,9.481384,-0.9026947,-0.6871948
1607,L,291169698474541,-5.7945666,5.542577,-5.7041855
1609,L,42474619750924,9.279388,0.20321655,-2.7761993
1634,L,76893867070950,-4.6782837,-4.0577087,7.1152496
1627,L,440745441613019,-0.96806335,-9.324524,2.0303955
1611,L,1927910549139,7.7020264,-0.6892395,4.974594
1608,L,77808963832276,5.605835,1.9129028,6.9953156
1608,L,77724308681498,4.6442566,2.9034576,7.309387
1640,L,171683422265645,-3.9312792,-7.6919713,5.081843
1609,L,42617322995491,9.1232605,-2.4089203,-1.0969238
1621,L,170420869988405,9.113529,-3.6164417,-0.58657944
1615,L,166296005359871,9.242203,-2.3124847,-0.95640564
1614,L,83437605606000,3.8511915,7.6664577,5.7312818
1612,L,7936046772767,-8.683273,3.8811798,2.3079224
1604,S,17881034157945,-1.1420288,9.848709,-0.052017212
1602,S,102280195530417,4.0923157,-8.19751,0.25912476
1634,S,76037043338066,0.53749084,-9.73761,-0.642395
1615,S,168100743192174,1.1535187,-8.8485565,-1.3987885
1605,S,182372700493882,0.04309563,9.337985,-2.719813
1616,S,195914063813841,-0.1609497,0.008560181,9.119629
1645,S,1129765182634000,-1.9782863,-9.091495,-0.3305127
1642,S,1471161877884000,-0.11256592,10.181229,0.28500733
1602,S,102287950032530,1.7380829,-9.511688,0.2942505
1620,S,942396765738468,2.551468,9.254425,-2.683609
1620,S,942321657691696,-0.41485596,8.589905,-5.2147217
1606,S,125935532092572,9.487366,-3.1907806,-0.87405396
1650,S,357722873970000,-9.1130495,-3.8152664,1.341211
1642,S,1471147045145000,0.6562354,10.224339,0.23950197
1617,S,267825389195081,-8.190598,-3.7717285,3.5532532
1635,S,680207225739949,-7.8594513,-5.915558,0.76808167
1628,S,1136460424415711,-2.4834442,-9.200317,-2.9877014
1600,S,244400068573933,-2.132782,9.687164,-0.3466339
1618,S,199540966421072,0.79644775,-9.678146,-0.17384338
1643,S,708245917287000,0.41194338,-8.976534,0.040715333
1621,S,171254392557210,4.69084,8.382699,1.881244
1625,S,709042414096859,-9.501358,-0.90541077,-3.4274292
1604,S,18042116619804,-1.9772644,9.376038,1.0544128
1645,S,1129861668858000,-2.6560767,-8.660391,-0.3879932
1641,S,1216491526325000,9.656719,-0.62510014,1.2094849
1606,S,126051950546974,8.243988,-3.8084717,-0.20317078
1627,S,441944980389597,-4.491226,-8.502838,-1.9331512
1634,S,76015139348910,-0.05517578,-9.503677,-2.6771698
1638,S,1137403703792433,-0.2995745,-5.3538837,-0.33728316
1620,S,942412979733827,3.4540863,8.974289,-1.9730682
1641,S,1216585588289000,8.897498,-4.0811133,0.36883304
1641,S,1216521412302000,9.649534,-0.59156984,-0.24908204
1643,S,708255744040000,1.3723463,-9.220825,-2.1483326
1629,S,604478196700988,4.6327057,5.538925,5.834137
1644,S,1816735329401000,-0.20597169,-8.909473,-0.58198977
1645,S,1129777878427000,-2.0261867,-9.034014,-0.48379397
1640,S,170543840168698,7.522133,-5.1301756,-6.613234
1603,S,11943684173456,5.1780596,7.9822683,1.9506758
1620,S,942398236075382,3.2203827,9.076843,-2.158844
1620,S,942388991065406,2.3203735,9.346634,-2.8273315
1628,S,1136390653932826,-2.4612732,-9.348724,-0.23240662
1609,S,39833451545831,5.53302,-7.632248,-0.4736786
1631,S,1552222771916777,1.0523071,9.583984,-1.0650177
1604,S,17873984595787,-1.4568176,9.586807,-0.29037476
1620,S,942379121698110,2.7911072,9.399628,-2.6995544
1643,S,708225452467000,0.9699829,-8.974138,-2.3135889
1646,S,1466587817038000,-8.473579,-1.7531544,-3.8344264
1606,S,125964082833112,8.31015,-3.9058838,0.3556366
1643,S,708203553577000,-1.22146,-10.202784,-0.13891114
1610,S,17911184238923,5.5788116,7.94252,-1.4275818
1620,S,942447099603269,2.910492,9.114975,-2.5643005
1620,S,942309371321775,1.883255,9.409729,-2.79216
1620,S,942411489250376,1.6894531,9.258789,-3.7522278
1618,S,199651443075004,2.075943,-9.577469,0.75431824
1643,S,708220837659000,0.9987232,-8.916658,-2.308799
1640,S,170457114736798,-7.827094,-1.6178818,6.720075
1629,S,604571452308658,4.501816,5.7220764,5.7437897
1606,S,125971686265251,8.340088,-3.8649445,0.2833557
1630,S,1558297781068281,8.575409,1.780838,3.620636
1617,S,267809980863426,-8.325607,-3.4729462,3.5201569
1627,S,441879157642086,0.84947205,-9.071976,-3.7191162
1643,S,708233494446000,0.9532178,-8.914263,-2.440525
1629,S,604517271389404,4.3876953,5.910904,5.598999
1644,S,1816731439864000,-1.4489869,-9.381292,-1.4034815
1641,S,1216540090982000,10.169253,-0.9412427,-0.87418216
1639,S,182257833837930,6.677578,-3.3336265,7.6708727
1629,S,604584645055829,4.268692,6.30307,5.4045258
1614,S,84725884262000,0.6394702,9.821976,-2.9530592
1648,S,463345643813000,-8.246053,1.4298267,4.9169755
1632,S,5017801175046,0.21261597,-9.642639,0.07766724
1650,S,357671325424000,-7.7407036,-4.497847,-2.8261232
1605,S,182317914796560,0.52133745,9.688736,-0.48722005
1600,S,244385717703293,-1.5408783,9.477463,-1.2911377
1645,S,1129908762786000,-1.8561403,-9.072334,-0.033530276
1611,S,292853912711244,6.361801,-6.6215515,1.2219086
1644,S,1816625474179000,0.35685793,-9.137,1.7747096
1646,S,1466706838253000,-8.823253,-1.2406201,-2.5339308
1627,S,441885804370602,-4.715637,-8.146942,-3.9402008
1637,S,13284491582874,4.7791257,-7.0792055,3.7484221
1628,S,1136492026607247,-3.4185638,-8.511841,-1.9543457
1633,S,691346165475846,-2.675705,-8.122726,-5.4142914
1625,S,709115628815115,-10.013046,-0.11550903,-1.6025848
1622,S,291533243081240,6.691986,-6.6183624,-1.7701416
1639,S,182233187536810,8.24578,-2.9385834,3.557634
1646,S,1466643498985000,-9.498648,-0.82388675,1.3244458
1644,S,1816713301952000,-0.52690434,-9.354947,0.91250247
1645,S,1129836842098000,-2.179468,-9.019644,-0.9268726
1648,S,463365574676000,-9.216036,-0.50534916,2.6704469
1620,S,942279642328812,-2.8605194,-2.5617828,-9.361877
1611,S,292900943334436,6.2330933,-7.3194885,-0.7560272
1605,S,182341817192383,-0.20530279,9.864111,0.32202014
1635,S,680264276826366,-8.562393,-5.2062073,-1.5350952
1646,S,1466740432015000,-9.826766,0.22992188,-1.0202783
1628,S,1136411762309461,-2.7704926,-9.344559,-1.7741699
1621,S,171100603474196,0.95349085,10.324396,-0.51475334
1641,S,1216618512494000,9.812395,-0.7568262,-2.7758276
1643,S,708248065170000,1.0059083,-8.986114,-0.6849756
1615,S,168041124073563,-1.3307343,-10.153641,-2.2561646
1627,S,441941878582957,-0.36239624,-9.022568,-3.239746
1616,S,195902381684691,-0.1851654,-0.0026550293,9.128433
1632,S,5051840483233,0.34701538,-9.537613,0.3393402
1606,S,126009602847463,8.124481,-3.8831482,-0.25422668
1642,S,1471189366103000,-0.043110352,10.073453,0.043110352
1645,S,1129779651775000,-2.0429518,-8.954978,-0.57719976
1628,S,1136456637797936,-2.4476624,-9.397034,-2.2266388
1614,S,84769562321000,0.24189699,9.081915,-4.5768824
1618,S,199611864832916,2.0136414,-9.406296,-0.2129364
1634,S,75952851434770,0.071517944,-9.546982,-0.7415314
1623,S,1707109165514,0.9607849,-9.745514,-0.58055115
1609,S,39823380725616,5.8390656,-7.392685,-0.80581665
1635,S,680217548297395,-8.30423,-5.351166,0.73591614
1639,S,182162548160380,5.6720133,-3.3336265,5.3700447
1601,S,258781365610631,1.1558008,9.660006,0.8762778
1616,S,195889088232677,-0.15779114,-0.03161621,9.159653
1646,S,1466619336014000,-9.402847,0.30177248,-1.0490186
1648,S,463443422383000,-7.668853,1.6118482,5.8031325
1602,S,102359654129841,0.46603394,-9.679565,0.21736145
1620,S,942454672839666,2.7200928,9.129761,-2.6159668
1600,S,244492770310305,-1.8291931,9.62677,0.32452393
1625,S,709123061051562,-9.9314575,-0.25912476,-1.1961365
1621,S,171125103994811,4.270657,8.656237,0.6206968
1630,S,1558346020206664,8.04599,1.4682617,4.7005157
1644,S,1816673056041000,0.49097902,-9.266331,0.29937744
1629,S,604489828470674,4.593872,5.7955475,5.822296
1642,S,1471136001569000,0.97237796,10.178833,-0.16765137
1609,S,39868296507405,4.675598,-8.014603,-1.9186859
1629,S,604451811201049,4.646515,5.6649323,5.645355
1642,S,1471125441387000,0.5125342,10.147698,0.30177248
1645,S,1129824529587000,-1.3867164,-9.125025,-0.80233157
1607,S,290651985314902,-1.1719618,8.414422,-4.8620253
1649,S,1163021306916351,-1.9405005,-9.403826,-1.0923545
1632,S,4923689549764,-0.19047546,-9.688858,-0.8171997
1605,S,182320588355516,0.688333,9.752182,0.019153614
1636,S,503171291992255,-7.7382355,-5.5252686,-1.2236938
1605,S,182313325857550,0.9056068,9.490616,-0.7368156
1641,S,1216651698572000,5.5540504,-7.8484793,0.3544629
1641,S,1216628849219000,6.1480155,-6.3875175,-1.9279908
1610,S,17963300638867,5.6871185,7.8623505,-1.1066895
1620,S,942364881578569,3.082901,9.15036,-1.9111176
1625,S,708998505388422,-9.212784,-0.6396637,-3.5696259
1648,S,463291110881000,-7.117998,1.719624,6.502478
1615,S,168085133451322,1.78685,-9.205978,-0.7239685
1638,S,1137287788693753,5.6595936,-6.828712,-5.288492
1610,S,17861736618335,5.5845184,7.8305206,-0.9848938
1608,S,42303850755273,7.516678,-1.2109985,5.257553
1643,S,708165051333000,1.5950831,-8.722662,-1.9878663
1621,S,171117362366742,3.3381157,8.938752,2.3906105
1641,S,1216605334556000,8.411309,-5.5301003,-0.8909473
1637,S,13283894009154,6.6274495,-7.2372227,-3.731064
1644,S,1816665156070000,-0.52690434,-9.333391,1.4705421
1610,S,17848745262220,5.7085114,7.838913,-1.0757599
1642,S,1471098174518000,-0.25387207,10.135723,0.9699829
1640,S,170565536195188,-8.581267,0.9487024,5.0010386
1623,S,1701670933092,0.10450745,-9.751221,-1.9144135
1612,S,6434540738142,-9.831024,0.22331238,1.0472565
1645,S,1129769898036000,-2.7854078,-8.880733,0.7544312
1627,S,441842137386619,1.2380524,-9.632294,-2.4999542
1641,S,1216506239638000,8.432864,-5.774392,0.77359134
1606,S,125946962455125,8.610214,-3.2148438,-0.8638611
1646,S,1466747586330000,-9.031619,-0.6610254,-1.7651294
1620,S,942296400125007,3.1001892,8.834564,-3.6229858
1618,S,199573897939219,1.9089813,-9.383179,0.4165039
1621,S,171276619121317,0.7170634,9.668983,0.08319851
1634,S,75922185854665,0.90878296,-9.914825,-0.6407471
1629,S,604507351671494,4.474869,5.72612,5.6759644
1634,S,75953908868852,-0.0019989014,-9.72818,-0.15170288
1603,S,12041249292640,3.994127,8.596381,2.043451
1605,S,182260774368352,-0.2753332,9.46009,-1.9303252
1641,S,1216628184224000,6.0330544,-7.3766603,-2.44292
1617,S,267855148420178,-8.510574,-3.3300934,3.458496
1626,S,596605546901912,3.476654,-8.595093,-3.7079773
1644,S,1816629465069000,0.58677983,-9.2256155,1.6813037
1629,S,604432626324865,4.4139557,5.8526917,5.4730225
1646,S,1466738437170000,-9.730965,-0.47181886,-1.1376343
1648,S,463343608268000,-8.226892,1.3124708,4.981641
1635,S,680169963760498,-7.559311,-6.74057,-0.78305054
1647,S,1217611545110459,1.0354922,-9.570223,0.19871874
1649,S,1162949719970181,-1.8435353,-8.965088,-1.1623849
1604,S,18000272422075,-1.0315704,9.935516,1.264801
1631,S,1552229116521269,1.8797302,9.472015,-0.7771759
1622,S,291544623110354,6.6750793,-6.796051,-1.8640442
1625,S,709043119052913,-9.757874,-1.2954254,-2.6722565
1630,S,1558390533156111,8.906021,0.96562195,0.16522217
1644,S,1816747139259000,-0.47900394,-9.129815,0.45744875
1603,S,11919063496330,5.823297,7.780557,1.8273745
1616,S,196028165980212,-0.18615723,-0.018112183,9.115219
1602,S,102222993375960,3.4551392,-8.871323,-0.5293274
1616,S,195994982697625,-0.22389221,-0.013931274,9.261505
1612,S,6429052138472,-9.770599,-0.30770874,-2.2722015
1633,S,691303817767015,-3.4365692,-6.627121,-6.7679596
1603,S,11950906687100,4.911106,8.109759,2.4756045
1643,S,708196854376000,1.5160475,-8.610096,-1.8681153
1607,S,290611003417522,-0.7188591,8.329428,-4.9703627
1602,S,102203099042638,0.59106445,-9.538239,0.43615723
1631,S,1552190444656333,2.4790192,9.594315,-1.4076691
1641,S,1216491006702000,9.091495,-2.2561085,-1.949546
1628,S,1136515813835909,-3.0775757,-9.233704,-1.501648
1641,S,1216532010904000,9.8866415,-5.1564775,-0.7831714
1621,S,171253674366378,4.5842977,8.486847,1.7830818
1627,S,441975092101288,-0.77989197,-9.050552,-4.0555267
1610,S,17925937946032,5.42334,8.062378,-1.3348083
1604,S,18016486405257,-2.1800995,10.01828,-0.046401978
1637,S,13351775322074,-9.997887,-2.7911904,1.6127942
1650,S,357674126854000,-9.956097,-2.1698878,2.5123756
1614,S,84694688689000,0.09101075,9.934542,-3.0177248
1633,S,691324563616446,-0.3357544,-7.7014008,-6.2252502
1643,S,708164669015000,0.34727785,-9.057964,-1.575923
1645,S,1129769313747000,-1.7579445,-8.998089,-0.34009278
1607,S,290490653496787,-6.403891,7.2071457,-1.9488802
1636,S,503120182665582,-5.322632,-8.317139,0.36105347
1636,S,503186700320608,-7.080368,-7.1982727,-1.4905548
1641,S,1216500033564000,9.635164,-1.9208057,0.90771246
1632,S,4979381086348,-0.05090332,-9.698044,0.061676025
1639,S,182149802033930,8.42774,-5.354333,7.876774
1628,S,1136499881834971,-3.434845,-9.20282,-1.5666504
1650,S,357732043086000,-8.57417,-3.899092,-0.45505372
1642,S,1471154703658000,-0.09340577,10.6817875,0.32093263
1641,S,1216567534455000,9.551338,-3.1087356,0.91729254
1650,S,357687064263000,-8.772957,-3.3697927,0.22752686
1627,S,441911082069625,-6.2863464,-6.7988434,-4.1284485
1620,S,942427542116376,2.0079346,9.049957,-3.9108582
1620,S,942295111062507,1.6062927,8.881912,-4.3717957
1633,S,691357394436988,-2.5565338,-8.309906,-5.1504974
1650,S,357720334726000,-8.825647,-2.2273684,-2.8979738
1642,S,1471182675384000,-0.8646021,10.013577,-0.119750984
1604,S,17943724865748,-1.6271362,9.505325,0.046173096
1613,S,176294228160258,-2.408567,9.256582,1.5514427
1644,S,1816679666587000,-1.2406201,-9.24717,0.18681154
1602,S,102223748686018,-0.03656006,-9.756836,-0.8588257
1646,S,1466675561605000,-9.560919,-0.7544312,-1.2525953
1614,S,84692393942000,0.8310718,9.841136,-1.8154249
1628,S,1136392224977748,-2.017929,-9.037659,0.79356384
1641,S,1216646016415000,5.8127127,-7.7598634,0.37122804
1613,S,176267173285739,-4.2969937,8.571242,1.3413515
1618,S,199678986718230,1.8981628,-9.443832,-0.20257568
1640,S,170588531297418,-5.179107,-6.523601,-5.923704
1644,S,1816609270768000,0.7831714,-9.220825,1.4394068
1642,S,1471117098294000,2.411785,10.032737,-0.60833496
1634,S,76006982000278,1.0366974,-9.607758,-1.344696
1617,S,267909983903658,-8.101852,-3.2954712,3.9658508
1620,S,942292190553901,1.4962921,9.155243,-3.6841278
1629,S,604513444505966,4.5851593,5.8287964,5.652588
1650,S,357679023372000,-8.178992,-4.5625124,-0.46702883
1610,S,17845875083997,5.8302917,7.6708374,-0.99082947
1617,S,267787825106928,-8.375076,-3.6092682,3.401596
1648,S,463308422204000,-7.527547,1.6836988,5.997129
1631,S,1552196386447031,2.6241913,9.280533,-0.5276489
1609,S,39865980223225,4.7523956,-8.168854,-0.96876526
1610,S,17887618558956,5.753006,7.765793,-0.5908203
1613,S,176314060104733,-6.694188,7.3310456,0.14664486
1637,S,13358024145494,6.330569,-11.079917,-0.12779051
1629,S,604473413088834,3.7417908,6.708359,5.1317444
1618,S,199549224477712,1.9021301,-9.470749,-0.28996277
1645,S,1129843310843000,-2.2848487,-9.419612,-0.5987549
1600,S,244458932417703,-1.3367767,9.6566925,0.3447876
1611,S,292760455683704,4.647751,-8.667023,2.6342468
1641,S,1216594474341000,10.602752,-0.71371585,-1.1735597
1644,S,1816626502140000,-0.09340577,-9.266331,1.3603711
1643,S,708176135779000,1.7172291,-10.34888,-2.1818628
1631,S,1552272320250986,1.5153503,9.427414,-1.0579224
1645,S,1129767278951000,-2.9817994,-8.756192,-0.3281177
1643,S,708192117999000,1.2430152,-9.64714,-1.0035132
1641,S,1216517724808000,7.0221977,-4.1074586,-2.215393
1642,S,1471128766614000,0.98435307,10.087823,-0.028740235
1628,S,1136471784275628,-2.6904755,-9.495575,-0.40092468
1619,S,173019139297198,-3.899556,-5.018845,7.2873516
1641,S,1216609727413000,7.9227247,-6.006709,0.35925296
1610,S,17855240927499,5.822403,7.6829834,-0.91960144
1628,S,1136413655620007,-3.8721466,-8.541122,-2.6375427
1635,S,680187386246638,-7.8215485,-6.181656,-0.45014954
1621,S,171153834841936,1.3850456,9.466674,1.3754689
1609,S,39931591474290,6.1599426,-7.294281,-0.8890381
1640,S,170463261508778,-0.13213001,-8.142081,-3.2733226
1625,S,709118629899218,-10.218857,-0.59010315,-0.57780457
1649,S,1163056741780557,-2.7539306,-9.3343935,-1.06123
1637,S,13341826877874,-0.27263972,0.8264485,8.4386635
1621,S,171123308300177,4.545392,8.651448,0.75477207
1609,S,39823229663604,5.6679535,-7.671234,-0.8499603
1613,S,176345823757325,-5.492897,8.317456,1.1713632
1605,S,182378808087370,-0.6751649,9.76954,0.2160767
1638,S,1137402054052753,7.421726,-4.12087,-5.7170544
1640,S,170451719267878,-7.1662946,-6.7725983,2.3195326
1620,S,942420492551210,2.4661102,9.06517,-3.1864777
1622,S,291450763238665,4.5947266,-8.3967285,-0.4644928
1610,S,17831373153027,5.536682,8.006424,-0.49545288
1640,S,170499400028358,0.8734347,-8.834005,-4.0658035
1646,S,1466720179059000,-8.976534,0.06466553,-0.9651929
1644,S,1816774063585000,-0.5843848,-8.808882,0.8310718
1647,S,1217678901528402,2.4181437,-9.339182,-0.4309563
1607,S,290621021625277,-1.4425066,8.39886,-4.8069587
1628,S,1136494463741036,-3.3579865,-9.144012,-1.312439
1643,S,708220918178000,0.847837,-8.986114,-2.0357666
1645,S,1129934596848000,-1.3843213,-9.354947,-2.0285816
1608,S,42215882291545,6.922455,0.34519958,6.000656
1622,S,291397085867850,4.5694885,-8.380127,-0.82089233
1600,S,244420008774467,-1.5843658,9.789795,0.19673157
1638,S,1137263678161213,4.5175595,-7.221361,-5.8247933
1614,S,84779769765000,1.4441968,10.047108,-1.9255958
1648,S,463272247462000,-6.799461,-4.061953,5.1780324
1648,S,463283613830000,-6.559959,1.7675245,7.089258
1617,S,267889691251168,-8.278793,-3.3005219,3.6885834
1635,S,680198816621296,-6.9092865,-7.1756744,-0.38102722
1621,S,171206388476082,3.5464113,8.449138,3.1878796
1625,S,709016068862510,-10.126938,-1.2798462,0.31037903
1604,S,17888587233505,-2.8299255,9.445953,-0.08798218
1637,S,13422813965014,5.3250036,-6.6674027,-1.8180969
1644,S,1816701089182000,-0.39996827,-9.278306,0.8861573
1621,S,171272030428140,3.7565024,8.759786,1.7818847
1648,S,463413335032000,-7.695198,1.6741188,5.7552323
1614,S,84847343262000,0.71371585,9.934542,-2.5866213
1604,S,17975296845162,-1.7261658,9.710205,0.32252502
1643,S,708119079398000,1.1927198,-5.400769,6.6270194
1602,S,102305120760480,1.4771271,-9.36145,1.0061188
1650,S,357710339536000,-7.7478886,-5.271438,-1.1543995
1617,S,267858320722424,-8.241119,-3.5486298,3.809616
1613,S,176406355961311,-3.293823,7.820061,2.4253263
1650,S,357630900501000,-9.172925,-2.680027,-2.2058132
1614,S,84832645678000,0.7161109,8.313113,-5.4055595
1614,S,84684382432000,1.4226416,9.953702,-1.0178833
1621,S,171125902076999,3.8259344,9.007586,0.51595044
1627,S,441977791062114,0.9856415,-10.36879,-2.9375305
1646,S,1466645635171000,-9.314231,-1.0250684,0.9651929
1645,S,1129808166436000,-1.5040723,-8.873548,-0.43589357
1641,S,1216506622511000,9.148975,-3.3769777,0.39757326
1625,S,708999572893305,-9.914963,-0.913208,-0.60276794
1630,S,1558288062752723,8.502441,0.59754944,4.0899963
1645,S,1129892943924000,-2.3495142,-8.710687,-0.39278322
1636,S,503231263605755,-7.4785156,-6.259552,-0.5071106
1640,S,170481404821218,-8.564508,2.2176294,4.2061634
1638,S,1137297982849173,6.6196685,-10.62831,2.820669
1647,S,1217755435808944,1.0851719,-9.7240505,0.8146271
1603,S,11923491598481,3.2423477,7.920019,2.030283
1628,S,1136454240947350,-2.9824524,-9.216385,-1.5088654
1625,S,709110049591483,-9.678177,-1.1972351,-1.7216492
1643,S,708199958261000,-0.8813672,-9.187295,0.8095166
1619,S,173055052401091,-4.0162735,-5.21098,7.20954
1634,S,76003759362212,-1.5417633,-9.804169,-1.1139832
1603,S,12022933550511,5.6778493,7.7530236,2.5779567
1627,S,441916298744429,-4.176819,-6.536255,-5.2639923
1637,S,13344326425684,0.8478467,-7.048081,-0.47016135
1644,S,1816726462123000,-3.412903,-8.62207,1.1951149
1631,S,1552103835782270,0.8165741,9.65181,-1.830658
1610,S,17930973348845,5.815216,7.707382,-1.300293
1650,S,357630215347000,-8.710687,-2.5962012,-2.2513185
1622,S,291397387991873,4.5598145,-8.469757,-0.80514526
1627,S,441829347468663,1.8495636,-9.313248,-2.0427399
1602,S,102195586242606,0.28347778,-9.713196,0.2571106
1604,S,17889141127548,-1.0233612,9.663925,0.1774292
1629,S,604429957562658,4.529953,5.433075,5.8958435
1650,S,357583462926000,-7.575447,-5.7001467,0.1101709
1620,S,942405285637094,3.0359497,9.189957,-2.160141
1625,S,709002735124751,-10.085129,-0.3069458,0.8191376
1642,S,1471197164963000,0.119750984,10.226734,-0.16525635
1608,S,42223334689273,6.980423,-0.39805603,5.981735
1633,S,691356135586890,-1.5566254,-9.032822,-3.7473145
1643,S,708215214504000,0.5724097,-9.050779,-0.6394702
1644,S,1816722189575000,0.06227051,-9.18011,1.1136842
1649,S,1163056063419255,-1.8477252,-9.432556,-0.7769185
1635,S,680178372879938,-7.813385,-5.934311,0.58110046
1635,S,680244034492159,-8.264893,-5.6986237,-1.514679
1604,S,18043174053887,-1.9355164,9.435059,0.7380676
1605,S,182259695401635,-0.107739076,9.555858,-1.7962499
1617,S,267792205897793,-8.425003,-3.6402283,3.2860413
1632,S,5046150475103,0.51831055,-9.617905,-1.9625702
1602,S,102342785534567,1.3212585,-9.192703,1.0957336
1629,S,604577746557294,4.5151367,5.4959106,6.0670166
1619,S,172952300352276,-4.2778397,-4.905121,8.005612
1608,S,42305260667382,7.562851,-1.160614,5.200424
1644,S,1816773055957000,-1.1615845,-8.684341,1.4106666
1644,S,1816748549898000,-1.096919,-9.175321,0.098195806
1615,S,168065495409178,1.3231659,-9.993332,0.95469666
1606,S,125887947571987,8.331177,-3.9735565,1.4668274
1648,S,463346187837000,-7.446116,1.8992506,6.09293
1646,S,1466669072610000,-9.426797,-1.22625,-2.0237916
1616,S,195928968578301,-0.21881104,0.005844116,9.29599
1625,S,708966198268162,-8.90332,-0.41075134,-4.9684143
1605,S,182390539493981,-0.20530279,9.985018,-0.47644615
1605,S,182373820067944,1.3904326,9.610326,1.6154876
1648,S,463278736806000,-7.699988,0.847837,5.7073317
1650,S,357598173392000,-8.267608,-3.6548,-1.3028907
1643,S,708248387629000,0.90052736,-9.0148535,-1.9663111
1605,S,182313804690103,-0.46866497,9.904214,0.5267244
1628,S,1136473637302972,-2.9797516,-9.269455,-1.2443848
1627,S,441967095877694,-5.7171936,-6.9881744,-2.9828033
1637,S,13389718841984,3.4694974,-4.5964184,1.4715363
1621,S,171219517013371,-0.18614918,9.836577,-0.4842273
1614,S,84826553064000,1.9160157,9.946517,-2.6225464
1644,S,1816655724463000,0.34488282,-9.307046,2.0501368
1621,S,171140426994231,3.4739866,8.618527,2.9604304
1642,S,1471235253006000,-1.092129,10.116563,0.50534916
1603,S,11914272847374,3.008913,9.7803135,2.3253684
1603,S,11930914823254,3.9348705,8.239047,3.7229836
1639,S,182221038661180,-0.39489365,-8.809166,-1.9202994
1642,S,1471240593173000,0.16765137,10.236314,-0.25147706
1605,S,182263565815590,0.47884035,9.333796,1.8728642
1601,S,258812849898326,1.1180922,10.045472,0.4429273
1602,S,102228079130354,0.027130127,-9.476227,0.7786102
1642,S,1471240129583000,-0.732876,10.092612,0.21555176
1624,S,515690253756658,1.6063232,-9.485748,-1.121872
1638,S,1137310577240403,4.7952867,-1.9613001,-6.4377093
1637,S,13437261766624,-7.3834186,-6.1909566,2.4531589
1618,S,199653205465141,3.0963898,-9.334442,2.8946533
1648,S,463277850040000,-7.1419487,-1.3220508,7.1419487
1645,S,1129836056301000,-1.477727,-9.041199,-0.76161623
1618,S,199685633466056,1.9938965,-9.435684,-0.09152222
1618,S,199708141693433,2.7954254,-10.077225,-0.49783325
1602,S,102195666809012,0.3210144,-9.630402,-0.035949707
1635,S,680164928363954,-7.4762573,-6.708725,0.15447998
1625,S,709093231341636,-9.970673,-0.1459198,-1.188797
1641,S,1216494028659000,9.532178,-2.1459377,1.6765138
1629,S,604541542039738,4.2885437,6.1492157,5.514923
1614,S,84752926021000,0.5484595,8.784932,-5.388794
1616,S,195936471324883,-0.14588928,0.029296875,9.089523
1650,S,357717493272000,-8.152647,-4.023633,-1.951941
1634,S,76080045648633,-1.289505,-9.521347,-0.28338623
1641,S,1216508738021000,7.6113725,-4.174519,0.85023195
1623,S,1775288478510,-1.8416901,-9.682571,-0.7129059
1606,S,126036340821313,9.142822,-4.073471,0.50294495
1629,S,604560173027235,4.3189087,6.3372955,5.2082367
1648,S,463271522042000,-6.825806,-4.414021,4.7397437
1605,S,182272941227150,0.24720132,10.210073,-0.3890578
1634,S,75963627200147,-1.5047607,-9.212128,-1.2809906
1621,S,171127258785020,4.1359835,8.479065,1.3138182
1650,S,357570867610000,-6.2965064,-6.6174393,-1.2310401
1633,S,691425019856161,1.1994934,-7.57518,-6.432617
1650,S,357698651302000,-7.5299416,-3.9206471,-0.93405765
1643,S,708221946034000,0.67539555,-9.845925,-1.7866846
1650,S,357732950115000,-8.598121,-4.014053,-3.6955154
1632,S,5025203208332,-0.29507446,-9.836365,-1.0780334
1647,S,1217748889121083,0.9911995,-9.779117,0.88405895
1647,S,1217669884581427,1.9668367,-9.489418,0.020350715
1605,S,182381641252108,0.09636662,9.618107,1.6819267
1625,S,709089988543784,-9.918564,-0.10902405,-1.5012665
1612,S,6315000316910,-9.925064,-0.95191956,-1.3553314
1644,S,1816695527063000,-1.7220191,-9.469908,-0.21076173
1643,S,708182343268000,0.17244141,-9.045989,-0.6825806
1602,S,102283871358213,1.7163544,-9.43927,0.20967102
1628,S,1136471884983636,-2.8912354,-9.192993,-0.78341675
1612,S,6375727267291,-9.748245,0.11404419,1.423996
1626,S,596569845905277,1.6366425,-9.110519,-2.6382904
1648,S,463357493311000,-8.983719,-0.21076173,3.295547
1614,S,84782756607000,0.41912845,9.917776,-2.6608667
1602,S,102257536216098,0.98513794,-9.741028,1.1061249
1627,S,441928121857325,-5.161911,-7.269043,-4.20195
1619,S,173002499611736,-4.396951,-4.8285065,7.102998
1638,S,1137325772976703,6.468834,-6.4623995,9.737517
1612,S,6324366176170,-10.025452,-0.12918091,0.3443451
1645,S,1129871059396000,-1.5926881,-8.473579,-0.32093263
1641,S,1216605737525000,7.6185575,-5.886958,-0.79754156
1614,S,84846176093000,1.0729688,10.188414,-2.806963
1632,S,4979985334395,0.45632935,-9.700531,-0.14169312
1624,S,515705813168317,1.2750702,-9.49234,-0.8918457
1629,S,604557403557021,4.6973877,5.2668457,6.031769
1635,S,680243682014132,-7.732788,-6.0859528,-0.58839417
1631,S,1552266277770518,1.1658936,9.7846985,-1.700592
1616,S,195904697968871,-0.18626404,-0.030029297,9.087906
1628,S,1136488058711739,-3.62854,-9.110153,-1.5737457
1611,S,292834325006278,4.6726837,-9.668961,-0.17227173
1620,S,942349634378077,3.2698212,9.144775,-1.6133423
1623,S,1678709503414,0.058517456,-9.009674,-3.70401
1647,S,1217755715304206,2.1206641,-9.342773,0.40521863
1634,S,75945650812212,0.10070801,-9.5607605,-0.69055176
1631,S,1552152125263132,2.1147614,9.653717,0.04798889
1639,S,182175746080000,1.9897312,-2.3711574,3.950283
1645,S,1129820398597000,-2.6321266,-8.713081,-0.5843848
1601,S,258759538235743,3.6050692,9.659407,0.8343793
1620,S,942387601294898,0.48440552,8.947876,-3.7999268
1607,S,290635664053710,-0.91219085,8.49343,-4.8799815
1648,S,463442213231000,-7.6520877,1.6046631,5.8270826
1610,S,17969494182512,5.329422,8.158951,-1.1061401
1645,S,1129897598842000,-1.2885206,-9.065149,-3.1853762
1635,S,680256320893699,-8.179016,-5.6713257,-1.1656036
1607,S,290517508629381,-7.856573,3.8031895,-5.015254
1632,S,4995544698101,0.13142395,-9.608093,-0.012756348
1645,S,1129881175591000,-2.4333398,-8.0999565,0.36883304
1628,S,1136506508421886,-3.2445374,-9.429581,-0.8810425
1628,S,1136472529514886,-3.6596375,-9.183853,-1.363739
1628,S,1136460082008484,-3.0487518,-9.389587,-0.75331116
1616,S,195924587788636,-0.14389038,-0.040481567,9.193619
1601,S,258811692443223,2.0213048,9.75697,-0.35434186
1608,S,42313468368637,7.1268616,-1.0951385,5.594162
1645,S,1129907735056000,-1.453777,-8.566985,0.74724615
1617,S,267910739213717,-8.219543,-3.3843994,3.8964539
1614,S,84793438729000,0.43589357,8.995694,-4.9529004
1633,S,691450448634933,-1.2657623,-8.063217,-5.9125214
1648,S,463269889466000,-8.214917,-4.406836,2.4788454
1645,S,1129786019617000,-2.0980372,-9.079519,-0.48618898
1611,S,292885333620467,4.53125,-8.305374,1.1407166
1620,S,942338294670838,1.8667908,9.220566,-3.0095215
1631,S,1552281484698234,1.5566864,9.855759,-1.1341248
1628,S,1136396817262904,-2.221878,-9.471237,-1.4883881
1615,S,168183021659438,-1.0474701,-9.827469,-3.2473602
1620,S,942424823000165,3.1867523,9.076981,-2.0122528
1631,S,1552178258984038,0.23834229,9.7048645,-1.822403
1644,S,1816764672287000,-1.6190332,-8.713081,1.3555812
1638,S,1137389606841663,5.032313,-5.8590603,-7.5151
1627,S,441839136287986,0.55934143,-9.467026,-1.4411011
1628,S,1136521131219264,-3.3154297,-8.913116,-1.9835052
1634,S,75933968711965,-1.3694153,-9.582138,-0.27211
1627,S,441897889324602,-4.807205,-7.777115,-4.7540894
1612,S,6398789388338,-9.956589,0.05105591,0.74131775
1624,S,515657976842222,0.28471375,-9.736984,1.0544739
1614,S,84847600371000,0.974773,10.150093,-2.090852
1645,S,1129915453010000,-2.8309133,-8.672366,0.033530276
1612,S,6382474703814,-9.8263855,-0.16612244,1.1303711
1625,S,709043501743343,-9.94928,-1.4461517,-2.0926056
1642,S,1471207039629000,-0.15328126,10.2387085,-0.23950197
1628,S,1136530396350307,-3.0479584,-9.354996,-1.4182281
1641,S,1216646479885000,6.1216702,-6.7803006,0.7232959
1645,S,1129936833588000,-2.2417383,-8.890313,-0.7568262
1605,S,182295967693286,-1.8507179,9.245809,-0.533907
1635,S,680135018087511,-7.954468,-5.6631317,-0.07684326
1605,S,182242456637317,0.06464344,9.698911,-0.48722005
1625,S,709129184110565,-9.802414,-0.62713623,-2.9210663
1601,S,258797965409478,1.299453,11.1899,2.397793
1650,S,357565728855000,-7.168294,-6.5240335,0.68976563
1633,S,691435997034238,3.0749054,-8.583374,-3.8669891
1615,S,168135537830202,-2.5672455,-9.3012085,-0.32629395
1636,S,503139015068766,-5.965027,-7.743973,0.2001648
1638,S,1137388607055183,8.697836,-7.9348335,-0.14095862
1638,S,1137393955839733,2.5112183,-5.677101,-6.674735
1628,S,1136512510613253,-3.409546,-9.213699,-1.2699432
1619,S,173027878322612,-4.0479965,-5.080496,7.1131735
1603,S,11983944908078,5.146935,7.6482773,1.7363948
1628,S,1136461914894226,-3.603302,-9.232513,-1.3819733
1605,S,182258817209759,-0.20171149,9.651626,-1.9596541
1631,S,1552275845049797,1.136383,9.763535,-0.9838867
1639,S,182207091236220,-2.5784056,-3.6544497,7.464971
1646,S,1466741218168000,-9.041199,0.16286133,-0.76161623
1620,S,942455820910955,2.8134155,9.303406,-2.4861755
1638,S,1137404803577053,5.642834,-6.73055,-5.949292
1645,S,1129900883525000,-3.9613624,-7.92033,1.0705738
1613,S,176404200865218,-3.2998085,9.20391,1.0630256
1618,S,199621381755816,2.233612,-9.389252,0.06210327
1620,S,942408850700571,1.8027039,9.423645,-3.290512
1615,S,168075717262346,-2.831314,-8.536194,-2.1065521
1632,S,5006824013139,0.44010925,-9.692078,-1.2872314
1632,S,5037741358714,-0.8788605,-10.040421,-0.9817352
1648,S,463321984813000,-7.585027,1.8058448,5.8917484
1607,S,290591011507478,-1.0259154,8.872313,-4.3424835
1645,S,1129822554760000,-3.0656252,-8.643626,0.85023195
1633,S,691435644556210,2.3789673,-8.869003,-4.819351
1650,S,357578323964000,-8.466394,-4.0571632,-2.4788454
1647,S,1217658349879399,2.308609,-9.403227,-0.38726214
1646,S,1466587232523000,-8.440049,-1.1543995,-3.4895437
1645,S,1129867734458000,-1.9782863,-9.242381,-1.0609937
1647,S,1217758707864726,2.4438813,-9.19134,0.047884032
1612,S,6323409450096,-9.771317,-0.0847168,1.360199
1609,S,39907622990708,5.562149,-7.951874,-0.25561523
1645,S,1129911322055000,-1.5064673,-9.601634,-0.40715334
1631,S,1552254343871246,2.170639,9.528595,-0.7553711
1613,S,176406955646520,-4.8901567,7.443573,2.0931308
1628,S,1136541877060940,-3.0537262,-9.305527,-1.4267731
1642,S,1471185798937000,0.0071850587,10.205178,-0.1580713
1607,S,290631395009754,-1.5101427,8.760384,-4.398747
1642,S,1471179430676000,-1.5495777,10.066268,0.07664063
1616,S,195968496461707,-0.30548096,-0.10891724,9.421738
1630,S,1558392295546248,9.472046,1.3611298,0.11695862
1645,S,1129844701303000,0.05508545,-9.601634,-1.3747413
1650,S,357683860208000,-7.3000197,-5.0510964,1.1472144
1624,S,515650826581198,2.9346771,-9.104202,-1.164154
1602,S,102201890546544,2.0087738,-9.489136,0.6468048
1649,S,1163032318611035,-1.8908207,-9.980229,-1.2719196
1648,S,463421335525000,-7.7574687,1.6597486,5.6761966
1645,S,1129780175679000,-2.2944288,-8.931028,-0.4406836
1647,S,1217706195342505,2.4319103,-9.3661175,-0.47225627
1624,S,515749319012770,2.3081207,-9.456177,0.7065582
1612,S,6441187466658,-9.81723,0.18138123,-2.085022
1646,S,1466619839816000,-11.393108,0.21315674,0.86220706
1612,S,6423513198043,-10.002319,0.31936646,-0.6671448
1634,S,76025663342266,-0.29371643,-9.527985,-3.1779785
1625,S,708964264674412,-9.991882,-1.6889954,0.18463135
1619,S,173032827400787,-3.899556,-4.787805,7.479486
1638,S,1137289237552833,3.5503018,-10.961104,2.073678
1646,S,1466659459786000,-8.950189,-0.29937744,-1.5447876
1642,S,1471222718243000,-0.122146,10.135723,0.34967285
1602,S,102344547924704,1.0112152,-9.361084,1.6245422
1648,S,463303363688000,-7.4964113,1.6525636,6.05461
1614,S,84779136736000,1.0729688,10.138118,-1.6860938
1650,S,357685290603000,-7.067703,-4.87147,3.4464333
1633,S,691416661092850,0.6496277,-8.297363,-5.6143494
1630,S,1558316160302400,5.2772217,1.0429993,7.2974243
1615,S,168057438765350,-2.3492737,-9.5013275,-1.3315735
1605,S,182261331195747,-0.45310268,9.52174,-1.5071499
1628,S,1136513114861300,-3.273346,-9.10144,-1.6123962
1646,S,1466690534924000,-9.4507475,-0.87418216,0.12933107
1643,S,708283596690000,1.8537452,-8.614885,-2.411785
1605,S,182404266935954,1.3359646,10.378265,-1.7687165
1611,S,292892232096551,4.5396576,-8.498917,1.1284943
1612,S,6297879971325,-9.641037,-1.4935608,1.4318085
1632,S,5071579255020,-0.32069397,-9.526672,0.47825623
1631,S,1552265522460459,1.721817,9.582962,-1.4917145
1642,S,1471181063270000,-1.0226734,10.073453,0.3903882
1642,S,1471135880632000,0.45984375,10.171648,0.61073
1627,S,441970761656952,-1.4036255,-8.68309,-5.2698975
1644,S,1816747521995000,0.31135255,-8.959768,-0.122146
1608,S,42176455122729,3.8196259,2.07576,8.183136
1617,S,267897546475778,-8.440689,-3.2316284,3.7216492
1648,S,463428932786000,-7.479646,1.5926881,6.08814
1607,S,290557372735824,-0.694917,8.4904375,-4.851251
1623,S,1795027264645,-1.8470917,-9.303619,-1.0555267
1600,S,244426806568448,-2.1727448,9.704041,-0.022537231
1620,S,942340308830995,2.8786774,9.099075,-2.4155426
1621,S,171103396525810,2.56419,8.962095,0.52612585
1648,S,463291151153000,-7.103628,1.7315992,6.5144534
1603,S,11890051161550,5.257667,8.613739,0.95229375
1646,S,1466588764277000,-8.533455,-1.4873072,-3.6691701
1614,S,84801766718000,0.7161109,9.280701,-4.181704
1602,S,102229891874495,0.56173706,-9.741592,0.70210266
1628,S,1136486125113298,-4.296173,-8.746307,-1.8018188
1641,S,1216651758968000,5.6785917,-7.4892263,0.40954837
1615,S,168040570179520,0.024917603,-9.674423,-0.20062256
1647,S,1217704798693287,1.9261353,-9.454702,-0.89603
1603,S,11917065848206,4.453215,8.037933,1.697489
1602,S,102288906758604,1.1988678,-9.428513,0.4391327
1618,S,199603203966589,2.089737,-9.527817,0.26675415
1615,S,168083018583158,-2.0060272,-9.47937,-0.44137573
1601,S,258905865847353,2.8886044,9.197326,0.7787141
1617,S,267839035135008,-8.364029,-3.2683716,3.6378784
1613,S,176415054697870,-3.9588125,8.907627,4.4795513
1636,S,503162379321911,-6.335434,-7.7370605,-0.017074585
1645,S,1129927281901000,-2.8788135,-8.974138,-0.6658155
1634,S,75993134642036,0.7043762,-9.65477,-1.1433563
1603,S,11958169208451,4.8027687,7.8344264,1.9554642
1613,S,176348537235499,-5.2115784,8.114548,1.8327614
1611,S,292906683712725,4.909027,-8.236084,0.7427521
1604,S,17972728790963,-1.5117645,9.736969,-0.0051574707
1609,S,39930282270189,6.0475464,-7.6821136,-1.3965912
1611,S,292763779047962,3.7764893,-7.7663116,2.6259308
1611,S,292791725517777,3.2767487,-8.6662445,1.9551239
1645,S,1129773908468000,-1.9854712,-9.060359,-0.24189699
1623,S,1799307345998,-1.3364258,-9.661087,-1.0431976
1621,S,171213850571965,1.4748282,9.361927,1.0354922
1640,S,170475706889708,-0.78335285,-6.8683662,-5.449652
1602,S,102277526768210,2.016037,-10.846298,-1.0741272
1627,S,441928202423732,-5.513382,-7.2593384,-4.3438416
1646,S,1466733781827000,-9.208851,-1.8106349,-1.0418335
1628,S,1136470656345940,-1.9867096,-9.543884,0.9086914
1649,S,1163062886876597,-1.6801311,-9.771336,0.22984336
1606,S,126041980448268,8.871033,-3.4164429,0.112213135
1646,S,1466596079644000,-9.017249,-0.35925296,-0.61552006
1635,S,680190608915432,-7.0075836,-6.2761536,0.24450684
1622,S,291405746756522,4.3012695,-8.645172,-0.85647583
1642,S,1471216511319000,0.7879615,10.260264,-0.4766089
1648,S,463325068242000,-7.3886356,1.8106349,6.1480155
1614,S,84784428338000,1.5232325,9.596844,-1.9878663
1643,S,708262065777000,-0.102985844,-7.7407036,1.8202149
1631,S,1552219347842743,1.4872894,9.65387,-1.0258484
1642,S,1471193960905000,0.9484278,10.109378,0.098195806
1633,S,691393598974783,-3.9715881,-9.606842,-4.0832977
1606,S,125937949088426,9.105682,-4.21521,0.13510132
1644,S,1816634502957000,-1.1975098,-9.10347,1.6310084
1643,S,708265538904000,1.3747413,-8.916658,-2.43813
1609,S,39857268976040,3.8208008,-8.905853,-1.5256958
1627,S,441833315364171,-2.1467133,-9.191269,-2.552765
1639,S,182263682630130,4.659266,-8.907329,-0.45265377
1621,S,171136277112672,1.3934253,10.024523,0.22325931
1641,S,1216592942957000,9.465117,-1.3004956,-1.590293
1614,S,84744657397000,0.84544194,9.726174,-2.4453151
1608,S,42265934182497,7.524414,-1.2758942,5.3402557
1650,S,357665763343000,-4.6774735,-6.143225,6.241421
1633,S,691405834980154,-0.70170593,-8.51091,-5.0872345
1642,S,1471166311425000,0.47900394,10.114168,-0.28740236
1646,S,1466662220744000,-9.16095,-0.67539555,-2.2129982
1640,S,170471658230778,-5.1838956,-7.545925,4.5126214
1621,S,171101401015238,2.758719,8.600571,0.7392098
1616,S,195976452420359,-0.15913391,0.028320313,9.219696
1645,S,1129884722125000,-1.9351759,-9.093889,-0.5987549
1643,S,708181428857000,0.98914313,-9.297466,-0.59156984
1634,S,75978582337313,0.33151245,-9.68541,-1.8344574
1645,S,1129843713936000,-1.9663111,-8.969349,-1.5184424
1650,S,357691981093000,-7.91075,-4.5313773,-2.3423293
1642,S,1471251777821000,-0.7927515,10.140513,0.26345217
1642,S,1471213307202000,-0.5963599,10.083033,0.4167334
1605,S,182275616723555,0.36631286,9.548077,-2.2140381
1645,S,1129832771518000,-0.36883304,-9.474698,-0.7065308
1634,S,76013930852817,0.11103821,-9.744751,-0.61408997
1605,S,182404625587725,0.8026561,9.462483,0.31423897
1645,S,1129819249882000,-1.7818946,-9.101074,-0.5748047
1642,S,1471184388252000,-0.366438,10.1189575,0.28261232
1604,S,17904952295362,-1.6573792,9.575912,0.23500061
1627,S,441895593184267,-5.0965576,-7.474869,-4.147537
1604,S,18000121360064,-2.111557,9.85228,0.18502808
1621,S,171277936242046,-0.96905315,9.746795,-0.58119243
1620,S,942440916141770,1.5999756,9.07074,-3.8235931
1625,S,709118549332812,-10.345795,-0.6321106,-0.7270813
1628,S,1136475228489495,-3.2432556,-9.170364,-1.3618774
1633,S,691343949899674,-1.4639587,-5.3236694,-8.230499
1633,S,691472755440665,-3.0358734,-6.9963684,-6.612259
1601,S,258821748570876,1.6436194,8.841188,1.9578584
1625,S,709112708282889,-9.957672,0.24612427,-0.86883545
1644,S,1816776663346000,-2.095642,-9.024434,0.7592212
1649,S,1163056420385609,-1.7118542,-9.508572,-1.3120226
1642,S,1471101620533000,0.28500733,10.219549,0.3520679
1641,S,1216600116157000,7.1395535,-6.437813,1.8681153
1616,S,195984206938778,-0.15652466,0.06159973,9.178741
1639,S,182137207809460,8.686314,0.27443537,5.8536735
1643,S,708189316492000,0.44786867,-9.266331,-0.22992188
1624,S,515698209713727,2.2076569,-9.350555,-1.1121674
1641,S,1216517281474000,9.656719,-3.3626075,1.590293
1601,S,258771030284854,0.9540894,12.387001,1.0761937
1608,S,42293276413944,7.317917,-0.85795593,5.490143
1609,S,39970615850595,5.4528656,-7.8451233,-0.26818848
1614,S,84804892186000,1.7914747,10.078242,-2.1291726
1630,S,1558313894372224,9.092148,0.9116516,0.9046631
1616,S,196009484636025,-0.15019226,0.001663208,9.069275
1602,S,102360510147907,0.2518921,-9.640503,0.57055664
1604,S,17871366187583,0.19285583,10.115204,-0.68318176
1647,S,1217675746876059,2.5306711,-9.418191,-0.38187516
1628,S,1136537607041409,-3.1548462,-9.322067,-0.906723
1622,S,291508368205505,6.5515137,-7.0286713,-1.684555
1603,S,12006612789109,5.379173,8.025963,2.171541
1600,S,244381437598982,-1.4690399,9.80751,0.12011719
1627,S,441890739058290,1.2900238,-9.501297,-1.7674713
1605,S,182324139840932,0.9379285,9.888053,-0.9504981
1611,S,292842784461627,8.784195,-9.962372,-1.8928223
1609,S,39907925114731,6.173218,-7.69458,-0.01171875
1641,S,1216505534388000,9.19927,0.39757326,-2.9746144
1634,S,75964634280225,-0.08862305,-9.742416,-1.2111053
1642,S,1471219493803000,-0.18920656,10.109378,0.32572266
1602,S,102207892743809,-0.43774414,-9.925735,-0.8282471
1648,S,463352636512000,-9.108259,-0.92926764,2.5985963
1637,S,13366672432414,2.8589761,-9.188498,5.6494184
1638,S,1137311776711803,5.8654947,-6.196643,1.2021885
1605,S,182236231630028,-3.1387985,9.139865,1.7621324
1643,S,708256509700000,0.5364844,-9.034014,-2.2776637
1601,S,258883599317468,1.5939398,9.724648,0.020350715
1608,S,42352794820974,7.0635376,-1.0091095,5.6197815
1637,S,13305145893024,2.942773,-6.241235,-6.6807203
1630,S,1558314800744294,8.095688,1.4485931,5.2139435
1650,S,357706390007000,-8.653206,-3.3362625,0.050295413
1629,S,604487109354463,3.9819794,6.1947784,5.4503937
1629,S,604471902468717,4.687683,5.5454407,5.8462677
1625,S,709049403244660,-9.977142,-0.48013306,-0.005203247
1622,S,291507109355407,6.314911,-7.090027,-1.8079834
1632,S,4902037325696,-0.27389526,-9.691208,0.7426758
1633,S,691417265340897,1.6248322,-8.003342,-5.834915
1621,S,171175901573074,4.550779,8.389283,2.083554
1648,S,463377121694000,-7.0437527,1.5591577,6.6198344
1639,S,182256983932160,6.2969003,-4.0183682,6.782624
1621,S,171277257499441,1.5161282,9.651626,0.5518635
1634,S,75997162987700,-1.8092346,-9.615448,-1.1212158
1613,S,176294626834167,-4.338892,7.976283,2.9586349
1627,S,441939602581980,0.77033997,-8.806549,-4.7456665
1649,S,1163017794033644,-2.6791117,-9.171588,0.05746084
1650,S,357620905085000,-4.6654983,-6.09293,5.836663
1619,S,173088611848996,-4.3879733,-3.5302503,7.8092875
1600,S,244359684683157,-1.6934814,9.715378,-0.5140381
1633,S,691455484042064,1.0893555,-5.931946,-8.255463
1642,S,1471182292489000,-1.1280543,10.116563,0.12693603
1646,S,1466585378531000,-10.657837,0.13651612,0.047900394
1635,S,680209491656770,-8.135727,-4.9188843,-0.51071167
1641,S,1216661813599000,10.803933,-1.3388159,0.4406836
1635,S,680234819738045,-8.944153,-5.06604,-0.10661316
1646,S,1466607304820000,-8.6627865,-1.1088941,-4.112249
1644,S,1816619609711000,0.4239185,-9.175321,1.6142433
1627,S,441855591977127,-3.3058167,-9.344101,-3.543274
1629,S,604494209269014,4.705826,5.429123,5.8440704
1608,S,42206113608961,7.200775,1.8124084,5.7756653
1617,S,267873527616041,-8.376358,-3.8171234,3.4965363
1642,S,1471220985266000,-0.14370118,10.171648,0.06706055
1623,S,1769548122065,0.060256958,-9.774307,-1.8125916
1621,S,171180849676822,2.7509377,9.238028,2.327164
1613,S,176363820417682,-7.518392,7.119757,4.999093
1621,S,171143180429751,4.3915644,7.876325,4.1024647
1624,S,515695138095037,2.5044403,-9.24231,-1.801178
1620,S,942339402458924,1.4429016,9.177933,-4.3358154
1644,S,1816653185185000,1.343606,-9.666299,1.6549586
1621,S,171260338622572,2.3523033,8.762778,2.6731262
1637,S,13320934387984,-6.0642138,-11.072734,0.41329905
1603,S,11970060597249,5.6539073,7.949348,2.0829554
1635,S,680208333514681,-8.47261,-5.3506317,-0.47859192
1601,S,258779969174122,1.2850877,9.606734,1.1480197
1601,S,258861811957267,0.6242881,10.101137,0.2789245
1629,S,604574171424869,2.786972,7.9436035,4.2299805
1630,S,1558240226431046,7.0785675,2.2784882,6.219513
1614,S,84702779359000,0.8909473,9.8938265,-2.189048
1628,S,1136399717630314,-2.7229614,-8.838547,-3.1947784
1640,S,170548289395728,-7.8654013,-5.8628016,-0.6037877
1645,S,1129770038923000,-2.3590944,-8.904683,-0.07185059
1620,S,942418740231874,2.867096,9.04187,-2.948761
1602,S,102274455173972,1.6540833,-9.721313,0.051483154
1621,S,171265007392259,1.620276,9.595362,-0.3800795
1620,S,942424943849774,3.031784,9.123993,-2.4314728
1602,S,102334326087830,-0.35081482,-9.7836,1.4597778
1639,S,182280179892680,6.1987376,-4.001609,7.283012
1629,S,604501158114167,4.564972,6.535492,4.9947815
1627,S,441853537533768,-3.8712158,-9.551559,-1.8960571
1638,S,1137343868832783,5.0897737,-8.188619,2.6051908
1608,S,42236275677202,7.3105316,-0.71572876,5.7530975
1648,S,463398765275000,-7.5083866,1.5950831,6.0330544
1642,S,1471167782539000,1.0681788,10.226734,-0.15088624
1641,S,1216641059685000,8.004155,-2.2728736,-2.304009
1625,S,709061468060612,-9.903366,-0.9881134,-0.18391418
1649,S,1163010892950938,-1.8555063,-9.716867,-0.6691794
1624,S,515591962763871,2.5085754,-9.389526,-0.5991974
1639,S,182218138853600,5.004031,-3.041534,7.625383
1644,S,1816656913336000,-1.7028589,-8.737032,1.0849439
1641,S,1216665823526000,5.8749833,-6.5479836,1.6477735
1606,S,125903960135281,8.55809,-3.4211426,0.5711975
1632,S,5008938881303,-0.7356262,-9.766266,-0.7388916
1649,S,1162949958837890,-1.3371617,-9.809045,0.22625206
1627,S,441838733455955,0.2080841,-9.471344,-2.5836334
1648,S,463315556274000,-7.573052,1.6908839,5.9156985
1650,S,357554181830000,-4.112249,3.2260914,8.303533
1632,S,4985373203620,0.32887268,-9.502762,-1.907074
1619,S,172999985384549,-4.1611223,-4.7620673,7.463325
1621,S,171171113162449,4.1653123,8.529344,2.3008277
1642,S,1471177757752000,1.22625,10.090218,-1.5040723
1648,S,463344837701000,-8.957374,0.52690434,3.3051271
1604,S,17922878313401,-1.2185822,9.798965,0.13705444
1602,S,102222288419905,1.5029907,-9.7211,0.27459717
1645,S,1129915211266000,0.06945557,-10.209969,-1.219065
1640,S,170585032450758,8.654591,-11.853094,-6.23495
1650,S,357671365563000,-8.104747,-4.119434,-2.8452833
1621,S,171259260956375,0.5823896,9.584588,1.0199299
1643,S,708160335431000,-0.1939966,-9.196876,-0.84065187
1636,S,503061218140872,-7.045807,-6.616165,-2.1581116
1607,S,290571698192381,-0.81881696,8.859743,-4.036624
1626,S,596643362756951,1.9607849,-9.478928,-1.2883606
1643,S,708284543968000,-0.43110353,-8.933423,0.79035646
1630,S,1558298586732343,9.26799,0.14723206,1.0158081
1608,S,42243123821131,6.6491547,-1.5276031,6.0764313
1620,S,942403513176157,1.7883301,9.054901,-3.5175476
1637,S,13433412793034,-5.52073,-19.971981,2.8889036
1625,S,709010348647666,-9.665024,-1.4100189,-2.3899078
1612,S,6284334730364,-9.57225,-1.8152618,1.5022583
1625,S,709079011365747,-9.829681,-0.06309509,-1.8522491
1629,D,603590733905740,-3.6465454,3.7072144,-9.025009
1620,D,939636117544473,-0.5278015,9.761383,-2.038269
1648,D,462635763149000,-9.328602,-0.51971924,-1.7890797
1627,D,439457307513168,1.460083,-9.13208,2.1652985
1620,D,939728688336541,5.704178,7.7735596,0.32148743
1609,D,133005912790938,2.7415466,-3.5286407,-9.230148
1648,D,462665084833000,-9.333391,-0.53169435,-1.6717237
1601,D,260050391268309,-7.617751,1.2348095,5.8651958
1600,D,241732312102846,4.30159,4.320389,6.8104553
1629,D,603696426955291,-5.1119843,2.5619202,-8.689102
1633,D,690790005530907,-5.4421844,-6.9727936,-4.7644043
1649,D,1162130748256641,3.678691,-0.10654198,-9.722853
1614,D,83933846421000,3.3769777,7.7167535,6.0210795
1613,D,174525967741517,2.9765913,-5.869984,-7.4687123
1623,D,345655801271,2.6718903,-1.4617004,-9.846115
1646,D,1464256906785000,-9.14179,-0.32332766,-1.0226734
1642,D,1468822199167000,-4.24158,4.373306,7.91075
1605,D,179621058305784,7.848193,-0.31663316,5.928642
1615,D,165952087503457,9.370728,-0.47340393,-2.0722046
1619,D,171633414950545,-2.6060886,-4.3329067,8.287529
1620,D,939762103259759,3.4530792,8.650787,-3.6274414
1650,D,356866294901000,-5.3313136,-6.1767554,-4.5720925
1603,D,7275723063360,8.82802,3.6828809,1.9800048
1627,D,439468445793775,1.5679169,-9.079819,2.098587
1627,D,439407960577558,1.5229797,-9.136337,2.1225433
1635,D,677804987272875,-5.1863556,2.0549316,7.58461
1627,D,439330213992893,-0.06954956,4.4506836,-9.402924
1641,D,1215391250798000,9.321417,-0.4406836,-3.542234
1627,D,439483813832573,1.4994049,-9.331284,1.6132355
1650,D,356825652935000,-5.240303,-6.1480155,-4.742139
1607,D,289757958574203,-6.9306154,0.17238252,-7.1742253
1650,D,356824222694000,-5.2762284,-6.1384354,-4.7301636
1602,D,97829379445623,-4.1993256,-1.3242798,8.194702
1637,D,12531924857050,-0.29897594,-3.7943609,9.255086
1604,D,15157770340629,6.035507,3.082306,6.1851196
1607,D,289698383855058,-6.8109055,0.7224504,-7.1712327
1638,D,1136218530059193,4.62051,-2.720262,8.116643
1610,D,15669575054236,8.960358,3.3567657,-0.60269165
1646,D,1464270024589000,-9.309442,-0.5556446,-0.9915381
1614,D,83893570616000,3.408113,7.719148,5.9540186
1649,D,1162181661504435,3.8055837,-0.13826515,-9.660006
1650,D,356837783104000,-5.3169436,-6.1767554,-4.6128078
1646,D,1464245864414000,-9.469908,-0.3879932,-0.9053174
1644,D,1815654756932000,-1.3555812,-8.083191,4.5481424
1629,D,603556140716282,-3.6467438,3.6951904,-9.002106
1619,D,171712863124421,-2.8449101,-4.324527,8.223484
1622,D,288829585555689,-9.720932,-1.1339417,1.2822266
1635,D,677790525609247,-5.443161,1.8625183,7.4186554
1610,D,15632514484162,8.930679,3.334015,-0.7420502
1641,D,1215487719127000,9.659114,0.081430666,-2.7566676
1617,D,267288844431461,-7.459198,-2.409546,5.4964447
1608,D,39959345518050,3.312271,-3.2400665,7.892441
1637,D,12564767098160,-0.73950905,-4.7664065,8.903138
1643,D,707442517287000,5.640271,-0.62510014,-8.198153
1607,D,289711193204585,-6.893505,0.5434838,-7.1688385
1625,D,704928048866533,-7.1200714,-3.9300842,5.0993347
1640,D,169616932746866,-1.5991771,8.97272,3.7280712
1600,D,241633517550752,4.393631,4.1544647,6.9020386
1644,D,1815584327664000,-1.3028907,-8.638836,3.3051271
1628,D,1135619603178814,4.5640564,-5.1838226,6.033493
1614,D,83833849081000,3.3242872,7.565867,6.1552005
1648,D,462562892398000,-9.3453665,-0.5005591,-1.6118482
1647,D,1216387200869988,0.99658644,-6.35062,-7.690176
1644,D,1815644036079000,-1.5280225,-8.1143265,4.4834766
1614,D,83876834984000,3.300337,7.6377177,6.133645
1617,D,267227613967136,-6.917618,-3.335907,5.491043
1635,D,677762851036946,-5.483078,1.6890564,7.452759
1605,D,179599550090895,8.002021,-0.30945057,5.559336
1648,D,462644852136000,-9.323812,-0.51732427,-1.7842896
1625,D,704952561178733,-6.9588165,-4.2109528,5.4888763
1645,D,1128713376088000,5.982759,-2.6033864,-7.462881
1641,D,1215407288497000,9.5489435,-0.20597169,-3.0249097
1614,D,83869258721000,3.3171022,7.6520877,6.0570045
1638,D,1136189038901353,4.4792523,-1.6428713,8.356063
1650,D,356782734593000,-5.357659,-6.10251,-4.6942387
1622,D,288814982887310,-9.732574,-1.1201172,1.2120667
1629,D,603633031260596,-5.075119,2.4583588,-8.768005
1615,D,165829525844160,9.381317,-0.48995972,-2.0539856
1620,D,939694910882166,3.0085907,9.257019,-1.1986847
1625,D,705041425949272,-6.912628,-4.2617188,5.0815277
1603,D,7351619913019,8.757391,3.66672,2.0979192
1624,D,515239837193522,6.2501984,-5.6190033,-5.1151733
1642,D,1468767235693000,-4.167334,4.282295,8.023315
1641,D,1215327926087000,8.988508,-0.4239185,-4.4331813
1650,D,356735021239000,-5.369634,-6.0689797,-4.727769
1600,D,241688050939729,4.4170074,4.1195374,6.9638977
1642,D,1468883329314000,-4.3421707,4.3445654,7.8700347
1647,D,1216402762777067,0.94690675,-6.2823853,-7.769783
1642,D,1468769794572000,-4.145779,4.406836,7.8915896
1647,D,1216466049221521,1.4616601,-6.0238113,-7.9702973
1642,D,1468883369608000,-4.3445654,4.3637257,7.8532696
1625,D,705012482464239,-6.893921,-4.155258,5.2157745
1621,D,168544596217310,-4.92607,2.9706059,-8.075643
1614,D,83952302945000,3.6739602,7.4940166,6.1408305
1631,D,1551206879897875,1.3561249,1.6964722,8.893265
1625,D,705076150055777,-6.7640686,-4.219589,5.2287445
1643,D,707395119549000,5.630691,-0.60354495,-8.222102
1618,D,197148440685525,-1.6101379,-0.8906555,8.975815
1643,D,707339601750000,5.597161,-0.5963599,-8.231683
1630,D,1556948797313271,-8.708206,1.7666321,4.1286316
1646,D,1464240746228000,-9.474698,-0.84544194,-1.0753639
1640,D,169572961642316,-2.5360582,1.192911,-9.467422
1641,D,1215356858494000,9.012459,-0.34727785,-4.404441
1619,D,171583973631344,-2.5061307,-4.2395325,8.317456
1642,D,1468759297516000,-4.232,4.25595,8.018526
1644,D,1815681840242000,1.6813037,-8.133487,4.5744877
1608,D,39947361283742,3.2713165,-3.2222595,7.9360504
1624,D,515258266766231,5.984421,-5.7558136,-5.350403
1641,D,1215451170748000,9.654325,0.21794678,-2.7518775
1621,D,168494117598267,-4.5765166,4.122815,-7.591415
1644,D,1815537314573000,-1.6501685,-8.253238,4.0356083
1617,D,267249719378944,-6.8476105,-3.7987823,5.4381104
1634,D,75170803419706,5.7831116,-2.7476501,6.5318756
1643,D,707307661934000,5.625901,-0.6227051,-8.176597
1650,D,356836070331000,-5.2858086,-6.2031007,-4.629573
1639,D,180984309142790,0.84245974,-9.510817,-2.1848588
1646,D,1464282275465000,-9.309442,-0.6945557,-1.1280543
1637,D,12563867246860,-0.63416415,-4.795137,8.594286
1619,D,171723199009990,-2.7581203,-4.2185836,8.27496
1629,D,603695117751190,-5.075287,2.5145416,-8.733841
1620,D,939679442116645,6.0190125,7.5232544,-0.8083191
1608,D,39942627988294,3.260788,-3.2125092,7.9287415
1650,D,356803105773000,-5.295388,-6.0593996,-4.8211746
1641,D,1215466241403000,9.697434,0.07903565,-2.565066
1602,D,97851887673580,-4.197769,-1.7750397,8.151215
1645,D,1128642974795000,5.9396486,-2.5962012,-7.422166
1614,D,83884668646000,3.3458424,7.719148,5.944439
1641,D,1215362459436000,8.995694,-0.34009278,-4.392466
1647,D,1216356156036511,3.9438488,-3.7750576,-8.639477
1609,D,132894076552542,2.2553864,-3.0648346,-9.462936
1605,D,179613795784483,7.8092875,-0.24121583,5.849633
1603,D,7341282985211,8.792706,3.6487634,2.0961237
1643,D,707397961238000,5.616321,-0.62749517,-8.229287
1607,D,289655206256950,-6.7863646,0.89662856,-7.2047515
1636,D,501796325568799,-0.5000458,4.3834686,8.124619
1616,D,195337661534806,-0.14143372,0.061660767,9.119141
1627,D,439455917742660,1.5059357,-9.061325,2.1810303
1641,D,1215336629912000,8.990904,-0.4047583,-4.4212065
1643,D,707345586810000,5.6354814,-0.61073,-8.226892
1625,D,704930264442705,-7.0949097,-3.7705383,5.2487793
1636,D,501799296455887,0.54293823,2.8817444,9.020416
1625,D,704947445211936,-6.8174896,-4.2339935,5.2295685
1623,D,319874507620,2.8836517,-1.4960327,-9.719467
1648,D,462546508251000,-9.259146,-1.1376343,-1.6860938
1605,D,179732588025638,8.272566,1.3359646,4.9494133
1648,D,462653497304000,-9.299861,-0.52690434,-1.7866846
1626,D,595694592605348,5.659897,-3.0011902,-7.702652
1650,D,356832544251000,-5.278623,-6.2031007,-4.6104126
1645,D,1128744285643000,6.006709,-2.5985963,-7.4101906
1635,D,677859208454929,-5.5628967,2.2687836,7.2420197
1603,D,7280271876172,8.798691,3.7140055,2.0536265
1608,D,40026668845216,2.1825562,-7.087906,5.6550293
1607,D,289826116330479,-6.87914,-0.031124622,-7.176021
1629,D,603658963580970,-5.036331,2.5844116,-8.752365
1627,D,439410156012128,1.5432587,-9.136078,2.1097717
1638,D,1136126610801583,-0.74070615,0.34715924,8.478617
1643,D,707445318546000,5.6354814,-0.613125,-8.207732
1619,D,171583495374522,-2.593519,-4.2371383,8.319851
1643,D,707318301698000,5.606741,-0.5748047,-8.2197075
1645,D,1128770883576000,5.992339,-2.6081765,-7.434141
1627,D,439337162841872,-0.6178894,-8.309433,4.177109
1627,D,439389873418104,1.1595306,-9.20845,2.005539
1622,D,288831499007837,-9.687027,-1.1346436,1.2271423
1625,D,705037820602592,-6.9065094,-4.213867,5.164032
1643,D,707292204624000,5.831873,-0.366438,-8.255632
1650,D,356831053331000,-5.343289,-6.1959157,-4.5457473
1601,D,260050750601851,-7.6123643,1.2707225,5.8388596
1620,D,939658011455223,5.8529053,7.6328125,-1.6217499
1635,D,677768651814303,-5.430847,1.7024384,7.4928894
1644,D,1815545213871000,-1.9136207,-8.406519,3.532654
1641,D,1215490197198000,9.989627,0.49576905,-0.69695073
1616,D,195377340482404,-0.15548706,0.018218994,9.151566
1645,D,1128776686739000,5.980364,-2.572251,-7.4580913
1646,D,1464272381975000,-9.280701,-0.5628296,-1.0130934
1626,D,595754513896762,5.6240234,-3.0045166,-7.7429657
1646,D,1464176044243000,-8.375383,1.9998415,4.4475513
1625,D,704937273710191,-6.003067,-8.069885,3.7427673
1603,D,7420854975077,8.721478,3.7553053,2.3080103
1632,D,2799656956276,-1.552597,-1.0131073,8.913773
1639,D,181088828493210,0.703596,-9.446173,-2.3213282
1625,D,705099192036647,-6.7895813,-4.2217407,5.242264
1632,D,2802476780495,-1.331131,-0.64219666,8.961044
1625,D,705061688387829,-6.7783203,-4.0540924,5.3557434
1650,D,356814490358000,-5.3001785,-6.1815457,-4.734954
1643,D,707314513384000,5.6522465,-0.62031007,-8.248447
1601,D,260179959487791,-7.61835,1.2312182,5.78918
1650,D,356859383716000,-5.3241286,-6.205496,-4.5720925
1642,D,1468845752573000,-4.267925,4.181704,7.9610453
1645,D,1128797924674000,6.023474,-2.692002,-7.3694754
1633,D,690763468964859,-5.4037323,-6.79953,-5.1573944
1615,D,165850523473634,9.397766,-0.5561371,-2.0996094
1628,D,1135652232585058,4.3405457,-5.509552,5.9927673
1601,D,260099552947978,-7.6147585,1.2455834,5.8292828
1622,D,288917402955473,-9.795486,-0.5403595,1.0769806
1625,D,704923295433416,-7.127121,-3.9249878,5.1923523
1614,D,83931967295000,3.4464333,7.5946074,6.0019193
1642,D,1468745254765000,-4.136199,4.3014555,8.011341
1643,D,707342765558000,5.7815776,-0.59156984,-8.083191
1636,D,501818229544270,1.2492523,5.002655,7.665207
1610,D,15704218612370,8.8402405,3.4261627,-0.45954895
1629,D,603708058735736,-5.1016235,2.5220184,-8.760345
1608,D,39965589414535,3.3174744,-3.3616486,7.865097
1631,D,1551179789434370,1.3475189,1.6615295,8.934555
1626,D,595675508452289,-1.5081177,6.1276245,6.927643
1611,D,291781875974889,9.4418335,-0.12974548,-1.9390411
1641,D,1215427617838000,9.862691,-0.086220704,-1.7699195
1644,D,1815595935040000,-1.5926881,-8.53106,3.4775686
1648,D,462680602068000,-9.287886,-0.53169435,-1.8872755
1608,D,39945951352551,3.2567291,-3.2198944,7.871994
1628,D,1135667439505965,4.390625,-5.4654236,5.9108124
1614,D,83872028204000,3.4057178,7.664063,6.090535
1601,D,260168507128421,-7.6243353,1.2401965,5.8693852
1639,D,180933364610580,1.0567408,-9.327511,-2.4625862
1632,D,2768991376884,-1.6293182,-0.82366943,9.017197
1645,D,1128642813651000,5.9204884,-2.6201515,-7.4844365
1640,D,169706857140136,-2.8303952,1.7794905,-9.364172
1630,D,1556902673055519,-8.812881,1.4393616,3.9334564
1645,D,1128747408647000,5.951624,-2.6081765,-7.438931
1636,D,501876035939429,1.4782715,4.992584,7.5880585
1601,D,260090973481993,-7.5866265,1.2671312,5.8382607
1609,D,132949415585909,2.249771,-3.0354614,-9.492447
1650,D,356802118560000,-5.3289185,-6.071375,-4.773274
1648,D,462642171455000,-9.319021,-0.5125342,-1.7866846
1648,D,462675664819000,-9.292676,-0.51971924,-1.9232007
1608,D,40054111745095,2.3072357,-6.835602,5.8556366
1606,D,124937062563362,-3.4339752,-3.3939514,-9.153168
1620,D,939604716800787,2.4368591,9.1115265,-0.6142731
1635,D,677709818194023,-5.1018066,0.76026917,7.814636
1635,D,677857013020359,-5.475815,2.3079681,7.338608
1639,D,181049089643850,0.7012018,-9.482086,-2.4123077
1625,D,705099312886257,-6.765335,-4.1758423,5.2727356
1644,D,1815669144978000,1.9016455,-8.816068,2.703977
1608,D,39955669694386,3.25914,-3.2159119,7.8940887
1646,D,1464227447157000,-9.326206,-0.5724097,-1.0202783
1623,D,387902792265,3.0678406,-1.4859772,-9.670105
1609,D,132946444699679,2.2523193,-3.0774841,-9.490845
1640,D,169696759239876,-2.7250504,1.7483658,-9.325865
1649,D,1162118973681072,3.667917,-0.10055647,-9.698313
1627,D,439353920659222,1.82547,-9.031586,2.2079163
1628,D,1135710139684014,4.5676117,-5.209305,5.98674
1645,D,1128732820400000,5.9707837,-2.565066,-7.462881
1630,D,1557044923115977,-8.676361,1.6782532,4.101303
1648,D,462625022160000,-9.323812,-0.49337405,-1.7435743
1610,D,15680451496264,8.910034,3.405487,-0.6353302
1639,D,180980661160720,0.7754221,-9.522788,-2.2303486
1645,D,1128688249717000,5.965994,-2.5459058,-7.4509063
1645,D,1128666609605000,5.973179,-2.550696,-7.417376
1643,D,707380912534000,5.623506,-0.6322852,-8.224498
1625,D,705086301416798,-6.7191467,-4.1402435,5.2674866
1644,D,1815707150673000,1.3627661,-8.691526,3.3578174
1621,D,168483383432541,-4.9482164,3.4919431,-7.7907324
1627,D,439492897727476,1.5569458,-9.245132,1.611023
1640,D,169714354702186,-2.7585692,1.7483658,-9.309105
1632,D,2709321870119,-1.8634644,-0.9052582,8.958481
1600,D,241619871630195,4.126816,4.6049194,6.7789917
1623,D,292381246201,0.44244385,-1.5929413,-9.749344
1636,D,501917225526295,1.4658508,5.0354156,7.6410217
1649,D,1162231939209415,3.775656,-0.16938977,-9.627085
1627,D,439483692982964,1.6605988,-9.158066,1.5877228
1647,D,1216443266796529,1.4101849,-6.0387754,-7.963713
1606,D,124934494509163,-3.4187775,-3.3326569,-9.193863
1620,D,939603810428717,5.708206,7.157501,2.6608887
1626,D,595792682221606,5.6509857,-3.0426025,-7.661087
1627,D,439451869276804,1.5031738,-9.1158905,2.1482391
1629,D,603627240550147,-5.037384,2.492218,-8.685394
1616,D,195304377523014,-0.13000488,0.020889282,9.130524
1646,D,1464237481924000,-9.369317,-0.5604346,-0.9867481
1641,D,1215331552594000,8.959768,-0.4263135,-4.481082
1648,D,462577704553000,-9.3453665,-0.49576905,-1.5471827
1640,D,169623780706186,-1.6253637,9.215432,3.203741
1620,D,939635452871621,0.48693848,9.670456,-1.3433228
1650,D,356694904007000,-8.344249,-3.8799317,-1.9687061
1646,D,1464209513540000,-9.364527,-0.57001466,-1.1064991
1621,D,168474924088689,-4.4993033,4.0695443,-8.048708
1615,D,165879275603097,9.376373,-0.52575684,-2.1113892
1627,D,439494549338804,1.5945892,-9.214447,1.6464844
1642,D,1468862958936000,-4.358936,4.28469,7.9610453
1642,D,1468845430330000,-4.1936793,4.1553593,8.0305
1644,D,1815650807424000,-1.4897022,-8.054451,4.5960426
1628,D,1135604899821423,4.5333557,-5.3341217,5.8276367
1639,D,180991456478530,0.7802105,-9.515605,-2.2327428
1603,D,7420055353254,8.703522,3.7966053,2.3062148
1625,D,704987909708424,-7.126938,-4.0422363,5.1562195
1625,D,705021505880647,-6.7928925,-4.2281494,5.309326
1614,D,83957485732000,3.5661843,7.5467067,6.006709
1621,D,168397749810074,5.9507885,11.702858,-6.302736
1650,D,356843022003000,-5.2905984,-6.1719656,-4.643943
1645,D,1128777190471000,5.973179,-2.6608667,-7.429351
1650,D,356794421455000,-5.3935843,-6.0737696,-4.782854
1605,D,179751344269326,8.749012,1.525705,4.575918
1631,D,1551179084478316,1.3525238,1.7014618,8.914047
1627,D,439344031121346,0.49266052,-9.589966,1.9771423
1643,D,707344901589000,5.621111,-0.6466553,-8.214917
1605,D,179744321242975,8.447941,1.423353,4.6722846
1611,D,291671852458766,9.424942,-0.07678223,-1.8144989
1645,D,1128766329698000,5.934859,-2.5219557,-7.4509063
1610,D,15642736355373,8.882065,3.3899384,-0.8307648
1643,D,707419160947000,5.606741,-0.62749517,-8.214917
1613,D,174430117569835,3.8492777,-5.929839,-6.974908
1645,D,1128668624627000,5.958809,-2.6081765,-7.453301
1618,D,197292151002086,-1.4931946,-0.9897766,9.036728
1620,D,939604475101568,6.6569366,7.9615173,-0.7915802
1612,D,4797229958134,-8.648651,-4.767395,0.33372498
1636,D,501800404243973,0.38168335,3.0579681,8.7048645
1614,D,83962352009000,3.5925295,7.5083866,5.9396486
1612,D,4692644683596,-8.640121,-4.7684937,0.62364197
1641,D,1215359840255000,8.990904,-0.35685793,-4.380491
1635,D,677768289265475,-5.420471,1.8618774,7.4970856
1614,D,83921146682000,3.3985329,7.711963,5.910908
1638,D,1136218380124593,4.6492405,-2.7178679,8.109461
1647,D,1216360303828541,4.288614,-4.0037036,-8.395866
1613,D,174381433908966,3.2674868,-5.846042,-7.4028716
1603,D,7262235436648,10.181941,6.896498,-4.211401
1641,D,1215426106658000,9.857901,-0.081430666,-1.7794995
1644,D,1815669386852000,1.8992506,-8.849598,2.7231374
1604,D,15038330654067,5.972183,3.1435242,6.2443085
1637,D,12625803827810,-0.85921913,-4.0505404,8.979753
1648,D,462635158632000,-9.307046,-0.50534916,-1.7914747
1641,D,1215351055914000,8.974138,-0.36883304,-4.4212065
1645,D,1128711663280000,5.999524,-2.5914114,-7.4580913
1606,D,124863948535704,-3.4451294,-3.3306122,-9.224197
1624,D,515244570469890,6.29953,-4.9118347,-5.7433624
1632,D,2754942584839,-1.5960083,-0.8890991,9.022842
1644,D,1815685648514000,1.094524,-8.772957,3.530259
1643,D,707314251348000,5.4031644,-0.5891748,-8.313113
1603,D,7359680754215,8.790312,3.6936548,2.0763714
1629,D,603610674086149,-5.0983887,2.3677063,-8.797852
1650,D,356851384143000,-5.333709,-6.200706,-4.528982
1613,D,174419783847650,3.5242648,-5.920861,-7.1484876
1632,D,2748749057344,-2.0815582,-0.83877563,8.874435
1629,D,603617471883352,-5.122986,2.3980865,-8.750671
1629,D,603531064411209,-3.9133453,6.6638336,-6.8825836
1608,D,39963978086410,3.282425,-3.35437,7.823715
1622,D,288939709768082,-9.829681,-0.47206116,1.0473328
1635,D,677758520592611,-5.6930237,1.8604889,7.262375
1605,D,179602221620113,7.89907,-0.1364695,5.7442884
1605,D,179720658248089,8.462306,1.4814123,4.5406036
1649,D,1162202652915883,3.7576995,-0.20290859,-9.570223
1612,D,4825176422450,-8.655716,-4.78891,0.20394897
1644,D,1815637809289000,-0.12454102,-7.8915896,5.4247193
1609,D,132878869635825,2.0036469,-2.83255,-9.678833
1627,D,439481396849985,1.5730743,-9.237137,1.601059
1650,D,356802380391000,-5.3169436,-6.0761647,-4.7876444
1621,D,168397670252261,8.090606,6.7893577,-2.7778726
1650,D,356863695729000,-5.336104,-6.215076,-4.524192
1600,D,241669268916526,4.4567566,4.2070923,6.797821
1603,D,7322330793707,8.823232,3.7002387,2.023699
1628,D,1135623782561138,4.626648,-5.1707764,5.9864655
1627,D,439397869627965,1.3343353,-9.122055,1.861496
1606,D,124982884711947,-3.4276428,-3.4713898,-9.501541
1640,D,169630628727626,-1.6563387,9.290251,2.8088474
1603,D,7386017298789,8.765172,3.7349546,2.0566192
1640,D,169590495006136,-1.3284826,7.9801736,5.651663
1631,D,1551162366955550,1.418457,1.7093048,8.906021
1614,D,83837983375000,4.1553593,7.3790555,6.246211
1644,D,1815591219451000,-0.96040285,-8.617281,3.3386574
1645,D,1128722483641000,5.999524,-2.5914114,-7.4652762
1629,D,603630614268409,-5.0520935,2.4913788,-8.782089
1641,D,1215320531570000,8.995694,-0.40715334,-4.406836
1648,D,462567507341000,-9.357342,-0.49097902,-1.5447876
1633,D,690794235269854,-5.1967926,-7.080765,-4.9591217
1638,D,1136097527791333,4.8832736,-8.336611,0.64000005
1648,D,462705469990000,-9.297466,-0.5412744,-1.829795
1620,D,939736765113472,6.1372223,7.564148,-0.16520691
1643,D,707373980580000,5.623506,-0.6514453,-8.229287
1612,D,4817270830619,-8.689987,-4.799881,0.03944397
1604,D,15086972611876,6.068222,3.2270508,6.1746674
1613,D,174386740999591,3.264494,-5.8508306,-7.368156
1614,D,83883402698000,3.3602126,7.6520877,6.0114994
1644,D,1815670978667000,0.78556645,-8.727451,3.4895437
1641,D,1215420989028000,9.896221,-0.07185059,-1.4873072
1609,D,133047908039809,2.7432556,-3.5409088,-9.201614
1606,D,124983086127963,-3.3218536,-3.3492584,-9.32933
1607,D,289792080513302,-6.9330096,0.12629414,-7.1832037
1630,D,1557010027771216,-8.597076,2.1548157,4.121277
1643,D,707456099694000,5.637876,-0.61552006,-8.214917
1625,D,705028877721482,-6.876892,-4.1988525,5.159363
1638,D,1136079703625373,-7.966257,-2.3834279,6.187515
1628,D,1135590397876387,4.5632935,-5.512146,5.907593
1644,D,1815573123752000,-1.5112574,-8.612491,3.2668068
1613,D,174520460305370,3.0280666,-5.955577,-7.465121
1650,D,356770886952000,-5.352869,-6.071375,-4.720584
1646,D,1464271918575000,-9.340576,-0.5724097,-0.97956306
1620,D,939672110573676,6.12088,7.454117,-0.86753845
1644,D,1815636399054000,-1.0442286,-7.2425394,6.047425
1609,D,132887580885366,2.2315063,-3.0011597,-9.403519
1616,D,195274265835594,-0.15211487,-0.0022583008,9.204514
1601,D,260180118756906,-7.6093717,1.252766,5.8705826
1614,D,83969156881000,3.5182838,7.470066,6.2749515
1633,D,690698461926331,-5.731201,-6.49588,-5.4169617
1642,D,1468759317712000,-4.2128396,4.287085,8.006551
1648,D,462659039150000,-9.309442,-0.48379397,-1.7986598
1616,D,195372053311994,-0.14213562,0.050567627,9.226715
1630,D,1556898896490198,-8.893799,1.3873444,3.866394
1601,D,260045243535344,-7.639299,1.2348095,5.8544216
1612,D,4772808259432,-8.678543,-4.770523,0.43510437
1648,D,462656177243000,-9.319021,-0.51971924,-1.7914747
1635,D,677697974936046,-5.094635,0.6004486,7.8871155
1623,D,313580257132,2.7380066,-1.4216003,-9.810577
1627,D,439452815936020,1.4430237,-9.137466,2.1668549
1603,D,7350160730624,8.831612,3.6721067,2.0189106
1635,D,677853488250549,-5.471451,2.3604584,7.311737
1617,D,267182043592926,-6.359192,-4.4924316,5.415039
1614,D,83923579820000,3.427273,7.6496925,6.0258694
1629,D,603673264105480,-5.0085754,2.5408783,-8.753662
1603,D,7431787062101,8.7053175,3.7660792,2.3038206
1644,D,1815557768263000,-1.9040406,-8.416099,3.9541774
1650,D,356851484930000,-5.369634,-6.1791506,-4.502637
1604,D,15173329740979,6.0230255,3.0952454,6.191437
1643,D,707346836128000,5.604346,-0.61552006,-8.2125225
1644,D,1815603531867000,-0.76880133,-8.667576,2.8955786
1627,D,439468324944166,1.6505737,-9.108978,2.1868744
1627,D,439435876824022,1.4694977,-9.09581,2.1344757
1649,D,1162237488338110,3.809175,-0.14724341,-9.672575
1608,D,39951238542042,3.2665558,-3.2324066,7.9013367
1637,D,12464186457750,-1.996465,-4.531775,8.654141
1624,D,515262345440547,6.0000916,-5.6114044,-5.39653
1642,D,1468875411029000,-4.3541455,4.3278003,7.8868
1609,D,133022630315353,2.631073,-3.5760193,-9.2456665
1607,D,289744991776187,-6.9000893,0.20171149,-7.1724296
1644,D,1815623159220000,1.5998731,-5.132527,7.800579
1633,D,690719862401786,-4.8673096,-7.1343536,-5.2918243
1616,D,195378750384207,-0.19139099,0.034347534,9.166153
1646,D,1464263717442000,-9.369317,-0.7376661,-0.974773
1623,D,388053854276,3.093628,-1.4726257,-9.721771
1606,D,124933638491097,-3.3452759,-3.3403015,-9.190353
1650,D,356701130214000,-7.3072047,-5.319339,-3.168611
1640,D,169595342329836,-1.4050971,8.081478,5.550807
1612,D,4718274874932,-8.658997,-4.7743835,0.53634644
1609,D,133015631093063,2.716568,-3.514511,-9.237198
1614,D,83908941203000,3.3721876,7.822134,5.9085135
1641,D,1215491527024000,9.800421,0.7041358,-1.8369801
1607,D,289659358731375,-6.813898,0.8170213,-7.145495
1630,D,1557037772836898,-8.541306,1.6574402,4.3185425
1644,D,1815597970079000,-1.6860938,-8.468789,3.6045046
1621,D,168482146389053,-5.0026846,3.602675,-7.788338
1633,D,690782402076318,-5.1937256,-7.159836,-4.8582916
1650,D,356761819674000,-5.4103494,-6.0665846,-4.598438
1642,D,1468727544941000,-4.258345,4.351751,8.013736
1627,D,439413680786816,1.513855,-9.137482,2.0548553
1643,D,707397296009000,5.616321,-0.6227051,-8.2197075
1626,D,595676263762348,-0.19104004,5.498459,7.6355286
1623,D,423352003087,3.0999298,-1.434967,-9.691986
1643,D,707405356723000,5.611531,-0.62031007,-8.202942
1616,D,195371751187970,-0.14686584,0.010665894,9.17926
1648,D,462639672507000,-9.316627,-0.51732427,-1.8034497
1621,D,168472051089108,-3.0867245,3.9354692,-8.1959505
1643,D,707304034771000,5.7911572,-0.5460645,-8.183782
1610,D,15716756731554,8.925034,3.3712769,-0.6745758
1640,D,169649622536816,1.3028946,3.2017958,-9.193286
1641,D,1215459431300000,9.711804,0.086220704,-2.4525
1620,D,939713380739060,3.576004,9.080475,-0.9856415
1631,D,1551112768270312,1.4100189,1.7468872,8.906082
1615,D,165822576992820,9.366852,-0.84284973,-2.0814667
1631,D,1551072837542367,1.452774,1.6973572,8.936249
1637,D,12504034220260,-0.47135845,-4.9675198,8.362049
1610,D,15684127338549,8.911316,3.3968048,-0.6287842
1609,D,132892515578421,2.2462006,-3.0834198,-9.497681
1645,D,1128679988473000,5.980364,-2.5770411,-7.436536
1637,D,12620854942590,-0.73711485,-4.1343374,8.965387
1639,D,181009400592960,0.8257003,-9.479692,-2.2686558
1629,D,603596726022585,-3.8811035,3.540924,-8.9917145
1601,D,260031197173369,-7.599196,1.2575544,5.834071
1647,D,1216324072713971,0.66498953,-6.379949,-7.6919713
1603,D,7423965172473,8.734048,3.7684734,2.2798786
1606,D,124836153127622,-3.464981,-3.457611,-9.25148
1620,D,939602783207037,7.1403503,2.0034027,3.7275238
1613,D,174444364505556,3.1639376,-5.8466406,-7.447763
1629,D,603581670206821,-3.673996,3.6729736,-9.004379
1615,D,165837884617731,9.355957,-0.5680084,-2.119629
1645,D,1128715854372000,5.965994,-2.5962012,-7.422166
1625,D,705008615276739,-6.88974,-4.2317047,5.121689
1626,D,595810507535550,5.596222,-3.0920105,-7.6687317
1620,D,939634546499551,4.9697723,8.175354,-0.23796082
1607,D,289747184351186,-6.919243,0.24660277,-7.161656
1645,D,1128680008642000,5.977969,-2.6009912,-7.436536
1641,D,1215322667311000,8.964559,-0.46942386,-4.4547367
1614,D,83816777143000,3.319497,7.8029737,5.858218
1605,D,179705214708979,8.477868,1.2755109,4.718373
1648,D,462706275775000,-9.307046,-0.5221143,-1.8250049
1644,D,1815583602470000,-1.5328126,-8.638836,3.2189064
1646,D,1464191539586000,-8.372989,1.9088306,4.488267
1620,D,939738738990425,5.980179,7.5651245,0.23622131
1642,D,1468884014358000,-4.3541455,4.3541455,7.8987746
1650,D,356710902194000,-6.844966,-4.8331494,-3.8416114
1643,D,707376358562000,5.5947657,-0.6179151,-8.176597
1650,D,356714428559000,-5.47741,-5.721702,-4.981641
1647,D,1216334329334071,0.3369839,-6.3548098,-7.800309
1636,D,501793102912549,-0.38223267,4.4695435,8.0976715
1630,D,1556941898814735,-8.680008,1.7633057,4.068268
1650,D,356867866569000,-5.350474,-6.2031007,-4.5481424
1629,D,603607803907926,-5.1361237,2.2501526,-8.80159
1641,D,1215337758295000,8.995694,-0.32572266,-4.409231
1635,D,677730705030691,-5.084442,0.88272095,7.825989
1626,D,595755017436801,5.6623383,-3.0112762,-7.695984
1612,D,4729705209012,-8.619034,-4.7364807,0.5792084
1648,D,462654021003000,-9.314231,-0.5221143,-1.7866846
1627,D,439479281981821,1.5832672,-9.245163,1.6845093
1614,D,83897705082000,3.558999,7.719148,5.872588
1614,D,83971728551000,3.051255,7.462881,6.212681
1628,D,1135601626811169,4.3420258,-5.493576,5.936203
1624,D,515258317120235,5.971283,-5.72229,-5.3219604
1628,D,1135535310606423,-1.5896912,3.711441,8.3246
1646,D,1464231960886000,-9.347761,-0.5245093,-1.0609937
1637,D,12553619378800,-0.61261636,-3.7991493,9.0994625
1650,D,356835949426000,-5.2977834,-6.198311,-4.631968
1629,D,603576634806430,-3.7220612,3.6952667,-8.963211
1618,D,197131723141412,-1.7914734,-0.85383606,8.993805
1614,D,83952995235000,3.3578174,7.656878,6.0091043
1641,D,1215421170407000,9.85311,-0.30895755,-1.9303858
1632,D,2777853665488,-1.565506,-0.8925781,9.040588
1640,D,169639025475506,-2.0609589,2.6535237,-9.324966
1603,D,7397350029771,8.805874,3.6912606,2.0278888
1609,D,132897299208792,2.2691193,-3.0553284,-9.508987
1648,D,462608859958000,-9.319021,-0.49576905,-1.7411792
1645,D,1128681580333000,5.951624,-2.5962012,-7.453301
1633,D,690690354941877,-6.582779,-5.871521,-5.1497345
1650,D,356713501812000,-5.2187476,-5.944439,-4.9289503
1613,D,174457889772740,2.2140381,-5.680842,-7.8182654
1624,D,515311390243238,5.894226,-5.6000977,-5.5562134
1607,D,289652413084138,-6.7492547,0.9636662,-7.1347213
1638,D,1136190988370873,4.242226,-1.5231612,8.626608
1620,D,939703954468978,3.0365753,9.204895,-1.281601
1650,D,356717813527000,-5.4678297,-5.745652,-4.996011
1605,D,179637857834682,8.341997,-0.22565351,5.2289367
1618,D,197297723511851,-1.6510315,-0.7751312,9.018982
1619,D,171643550551529,-2.6396074,-4.167108,8.358757
1647,D,1216454118212308,1.4371196,-6.033987,-7.992444
1628,D,1135706765978877,4.6908417,-5.286499,5.929016
1635,D,677696041352453,-5.078293,0.63191223,7.9066772
1611,D,291741038859679,9.405533,-0.13169861,-1.9535217
1647,D,1216434805191795,1.7154455,-6.299743,-7.789535
1615,D,165822979824851,9.428482,-0.89089966,-2.0245361
1607,D,289685612599490,-6.8121023,0.789488,-7.1407065
1610,D,15673301250525,8.926575,3.4315033,-0.5973358
1610,D,15646915737698,8.919937,3.3834229,-0.6504822
1602,D,97870166179506,-4.082657,-1.7742462,8.247147
1641,D,1215409504733000,9.639954,-0.51732427,-2.9674294
1619,D,171589403079623,-2.677316,-4.224569,8.321048
1629,D,603528647419022,-3.9881134,6.587723,-6.831787
1648,D,462697993375000,-9.287886,-0.5388794,-1.8489552
1637,D,12488644371030,-1.2829928,-5.3386207,8.194454
1647,D,1216464490485793,1.4790181,-6.021417,-7.9702973
1627,D,439442886122507,1.5297852,-9.148193,2.002884
1645,D,1128763025009000,5.975574,-2.4069948,-7.453301
1617,D,267267595070200,-7.251297,-3.3396606,5.2747955
1600,D,241776170453458,4.377228,4.4101715,6.7374268
1635,D,677869480677994,-5.625519,2.4323425,7.316986
1633,D,690773338343665,-5.1831207,-7.1640167,-4.830368
1645,D,1128635137242000,6.013894,-2.5770411,-7.434141
1648,D,462714457785000,-9.347761,-0.5125342,-1.6741188
1635,D,677698679892100,-4.972534,0.70791626,7.9012604
1620,D,939637386465371,-0.31474304,9.6011505,-2.672699
1645,D,1128635882803000,5.8893533,-2.567461,-7.462881
1604,D,15020102485892,5.9678955,3.1890259,6.2720947
1648,D,462657306160000,-9.316627,-0.5125342,-1.7771046
1624,D,515170449382472,6.480896,-4.0025177,-6.2488403
1612,D,4766463659042,-8.68602,-4.733185,0.39302063
1607,D,289654128511898,-6.8689647,0.9552865,-7.1167645
1649,D,1162234774935141,3.8139634,-0.20350714,-9.687539
1611,D,291636554319842,9.447739,0.25582886,-1.5150146
1648,D,462708371808000,-9.319021,-0.53169435,-1.7651294
1620,D,939611947623849,5.3555145,7.9753265,-0.0028686523
1603,D,7346491937657,8.79091,3.6583402,2.047641
1615,D,165870665069034,9.340393,-0.54785156,-2.0695648
1644,D,1815646313458000,-1.477727,-8.049661,4.536167
1625,D,705064286654430,-6.70961,-4.2167664,5.30748
1629,D,603679709422909,-5.016159,2.5839386,-8.750763
1641,D,1215481392757000,9.69504,0.08861572,-2.6105714
1640,D,169636726256166,-1.091307,8.799439,-4.8358383
1648,D,462557874507000,-9.335787,-0.48618898,-1.7124391
1625,D,704965874774313,-6.84079,-4.281784,5.159363
1637,D,12553819342540,-0.5647323,-3.808726,9.1234045
1620,D,939677548806098,6.029663,7.559494,-0.92892456
1629,D,603626837718116,-5.0602264,2.46521,-8.772385
1615,D,165829878322188,9.466812,-0.48164368,-2.0038147
1622,D,288836333008150,-9.758667,-1.0797424,1.1385651
1639,D,181023446737500,0.75387424,-9.484481,-2.4410384
1607,D,289761711552066,-6.870162,0.093972415,-7.0940194
1603,D,7285138040701,8.825027,3.6846764,2.0500352
1628,D,1135621566984967,4.566223,-5.220108,5.999115
1625,D,704923496849432,-7.0765686,-3.874878,5.135193
1602,D,97890509195694,-4.1430206,-1.7005768,8.259598
1642,D,1468786557604000,-4.164939,4.282295,8.004155
1604,D,15104092989789,6.005188,3.0931091,6.2204742
1644,D,1815691874488000,1.8250049,-8.384964,3.8775368
1605,D,179657330841968,8.04392,-0.15502456,5.6419363
1620,D,939644456161775,-0.2408905,9.293182,-3.3789978
1645,D,1128790912784000,6.212681,-2.454895,-7.1539235
1637,D,12518179451970,-0.19123685,-4.759224,8.570344
1641,D,1215450787837000,9.642349,0.1939966,-2.7901978
1646,D,1464195751062000,-8.466394,1.8944606,4.3158255
1650,D,356807377429000,-5.3169436,-6.05461,-4.7972245
1648,D,462588626814000,-9.352551,-0.48379397,-1.6046631
1647,D,1216350209933129,3.727772,-5.156512,-7.943961
1618,D,197239111463076,-1.4177094,-0.8447113,9.005356
1645,D,1128732800304000,5.958809,-2.579436,-7.4676714
1645,D,1128677953345000,5.997129,-2.579436,-7.448511
1650,D,356726236656000,-5.611531,-6.104905,-4.361331
1620,D,939629430522080,4.1875,8.615829,-2.4460907
1601,D,260094764649596,-7.5908165,1.2425907,5.827487
1644,D,1815552730682000,-1.585503,-8.435259,3.7122805
1638,D,1136113916118503,4.9167924,-8.51857,0.5873276
1637,D,12621554860330,-0.703596,-4.1582794,8.922292
1604,D,15054796395478,5.9343567,3.172577,6.282486
1621,D,168409800486944,4.8638206,6.862979,-4.905121
1603,D,7280391648306,8.832211,3.6601357,2.0320787
1626,D,595692074905153,5.466507,-3.1565552,-7.749359
1637,D,12496838498650,-1.4505869,-4.845415,8.136993
1602,D,97874546977846,-4.073456,-1.8090057,8.210205
1609,D,132917843621206,2.2675629,-3.0405579,-9.458099
1618,D,197239766065126,-1.4298248,-0.85450745,8.95842
1611,D,291622253763855,9.420334,0.15896606,-1.5952454
1631,D,1551129737569289,1.3883667,1.7472534,8.90184
1645,D,1128653512879000,5.9707837,-2.6081765,-7.4580913
1608,D,39956324296437,3.2655182,-3.2197113,7.860977
1650,D,356767985456000,-5.357659,-6.0522146,-4.7133985
1620,D,939641737045564,-0.4985199,9.227905,-3.8242798
1638,D,1136105671580053,4.888062,-8.523358,0.5897218
1608,D,39889655594279,3.2606812,-3.0822144,7.929596
1639,D,181022047089970,0.6700772,-9.479692,-2.3117514
1627,D,439369006722391,0.8852539,-8.95195,2.40036
1632,D,2795779697976,-1.4977875,-0.91082764,9.057251
1619,D,171602729159879,-2.694674,-4.3819876,8.194754
1609,D,133051432804896,2.7178192,-3.563736,-9.157623
1629,D,603628297984229,-5.098465,2.5108795,-8.719727
1632,D,2771509077080,-1.2893066,-0.99261475,9.009857
1603,D,7440885137880,8.684967,3.6218286,2.5198972
1644,D,1815612940251000,-1.9255958,-7.8915896,4.622388
1635,D,677693362519445,-4.8426056,0.5992737,7.9744415
1646,D,1464268351938000,-9.400452,-0.71371585,-1.1280543
1601,D,260076568126685,-7.61835,1.2629414,5.8723783
1603,D,7359361697755,8.76637,3.675698,2.0536265
1614,D,83964706009000,3.7386258,7.656878,5.951624
1608,D,39923292065880,3.2716522,-3.2517548,7.900589
1612,D,4688666713596,-8.577347,-4.786667,0.6415863
1645,D,1128708117020000,5.9180937,-2.6033864,-7.4580913
1635,D,677839791959260,-5.486969,2.3254547,7.2447968
1620,D,939764721667963,3.037033,8.671951,-3.9053192
1606,D,124856747922974,-3.4726715,-3.38768,-9.150467
1611,D,291673413432887,9.405334,-0.048614502,-1.8703003
1623,D,390017660429,2.993393,-1.4775085,-9.762299
1646,D,1464225552934000,-9.376502,-0.4526587,-1.0633887
1644,D,1815561496572000,-2.1746778,-8.832832,1.9758912
1627,D,439398977416051,1.0891266,-9.316193,2.0454102
1642,D,1468864913783000,-4.3373804,4.394861,7.8652444
1645,D,1128738482491000,6.023474,-2.6201515,-7.455696
1650,D,356776508335000,-5.3217335,-6.0426345,-4.782854
1650,D,356776931566000,-5.352869,-6.05461,-4.7301636
1620,D,939610839847662,5.3895416,8.073288,-0.06278992
1621,D,168492601770714,-5.1104236,3.269881,-8.041525
1639,D,180981460698360,0.7730279,-9.467721,-2.2782326
1627,D,439345561883064,1.9012909,-9.061691,2.196579
1620,D,939655755595848,6.725357,6.640564,-3.212143
1645,D,1128804453455000,6.0330544,-2.7159522,-7.3718705
1624,D,515313505111402,5.9446106,-5.7040863,-5.4824677
1603,D,7292840825542,8.805874,3.7014358,2.0512323
1621,D,168412115170171,0.9660604,6.964134,-6.9946604
1638,D,1136228926805523,4.0913916,-2.543091,8.50211
1625,D,705069382477652,-6.743454,-4.2494965,5.29335
1645,D,1128664897022000,5.973179,-2.454895,-7.3958206
1648,D,462641184042000,-9.307046,-0.51971924,-1.7938697
1641,D,1215399551705000,9.491463,-0.35685793,-3.2739918
1613,D,174412917838488,3.900753,-6.0291986,-6.897695
1645,D,1128686738639000,5.9875493,-2.6057813,-7.434141
1607,D,289751616051548,-6.8809357,0.19393034,-7.2065473
1603,D,7369816321970,8.823831,3.6942532,2.0967221
1614,D,83845599502000,3.539839,7.3934255,6.3228517
1607,D,289669613076423,-6.8168907,0.801459,-7.2065473
1620,D,939658535136864,5.8588104,7.6311035,-1.4128113
1603,D,7285539195127,8.845378,3.6954503,2.0446482
1622,D,288826262191431,-9.678024,-1.1238708,1.3477325
1643,D,707338191130000,5.5875807,-0.5843848,-8.2125225
1622,D,288905317991287,-9.819305,-0.4985962,1.0864258
1644,D,1815705740120000,1.7220191,-8.679551,3.432063
1650,D,356846528174000,-5.3097587,-6.1935205,-4.631968
1627,D,439508044195078,2.319168,-9.125534,1.305542
1635,D,677813567597094,-5.2956085,1.6370087,7.575409
1635,D,677824162080923,-6.0172577,2.7479706,6.8936462
1650,D,356852875139000,-5.3408937,-6.1935205,-4.533772
1604,D,15160288040824,6.0443726,3.1304016,6.226486
1618,D,197127996950882,-1.2617035,-1.1497803,9.051102
1623,D,347015359377,2.6920624,-1.4611359,-9.825241
1643,D,707426516390000,5.630691,-0.5939649,-8.205338
1625,D,705089624793376,-6.7748566,-4.198868,5.307953
1644,D,1815642504272000,-1.1831397,-8.246053,4.4499464
1604,D,15157518570609,6.0355988,3.0809174,6.1863403
1644,D,1815659774341000,-1.343606,-8.0999565,4.533772
1612,D,4714750094659,-8.626678,-4.7464905,0.51615906
1618,D,197154029979368,-1.6775665,-1.0041046,8.975006
1640,D,169606586923106,-1.4627076,8.431031,5.081244
1648,D,462538709363000,-5.633086,0.5963599,4.617598
1622,D,288912921439442,-9.8228,-0.5673981,1.0780792
1632,D,2787219524593,-1.439209,-0.920578,9.056519
1603,D,7385578388945,8.821436,3.6942532,2.094328
1604,D,15103488741742,6.0595703,3.0869446,6.2538147
1612,D,4671244220352,-8.598465,-4.8637085,0.5964508
1631,D,1551161913759662,1.3872375,1.677536,8.883484
1635,D,677723595067529,-4.9425354,0.83203125,7.8854523
1620,D,939703027955306,3.1970215,9.215485,-1.1344604
1639,D,181081130118230,0.6868366,-9.462933,-2.4194903
1648,D,462553239152000,-9.340576,-0.48139894,-1.710044
1628,D,1135697400134150,4.412201,-5.396805,5.9541473
1609,D,132882041944937,2.1988678,-2.9791718,-9.535049
1645,D,1128718554312000,5.8342676,-2.4812403,-7.4892263
1640,D,169661169543746,-2.5526679,2.1505916,-9.280674
1600,D,241739160247378,4.365341,4.3491364,6.7738647
1619,D,171751929670500,-3.650559,-4.602853,7.73806
1623,D,323701436649,2.8382568,-1.4704895,-9.774368
1628,D,1135614164952359,4.572708,-5.226074,6.044464
1628,D,1135712858800225,4.559845,-5.268631,5.954788
1601,D,260110646364902,-7.6135616,1.2258313,5.804742
1646,D,1464148901683000,-8.665181,1.7220191,3.9493873
1641,D,1215485180619000,9.704619,0.07185059,-2.555486
1644,D,1815706747657000,1.3675562,-8.600515,3.396138
1650,D,356817029093000,-5.345684,-6.0330544,-4.8091993
1647,D,1216316570783090,-1.411382,-4.685453,-8.7532015
1616,D,195294910957743,-0.17871094,0.040908813,9.154129
1645,D,1128805198895000,6.023474,-2.7015822,-7.3575
1600,D,241744296373741,4.344162,4.31752,6.8323517
1636,D,501805238228348,1.1413116,5.698944,7.2008057
1648,D,462561723781000,-9.383687,-0.4742139,-1.465752
1644,D,1815694435438000,1.7866846,-8.454419,3.6404297
1611,D,291767323653370,9.400772,-0.14102173,-1.9476776
1645,D,1128795486448000,5.961204,-2.7255323,-7.3622904
1629,D,603536049443002,-4.331238,3.7097168,-8.727768
1635,D,677760393761556,-5.5995636,1.877243,7.406143
1648,D,462600013253000,-9.352551,-0.51013917,-1.6142433
1613,D,174478402392629,3.293823,-5.881955,-7.3645644
1617,D,267281845227147,-7.1143036,-3.441864,5.3118744
1627,D,439506855840586,2.31456,-9.126907,1.1692963
1650,D,356690471176000,0.3879932,0.51013917,9.369317
1624,D,515171456462550,6.465988,-3.8792572,-6.4255524
1650,D,356733993606000,-5.415139,-6.0737696,-4.6774735
1608,D,39916997815391,3.3665314,-2.9933014,7.878662
1641,D,1215341485592000,8.969349,-0.3784131,-4.4619217
1600,D,241771940717130,4.3966827,4.330353,6.7895813
1627,D,439355934819378,1.7991028,-9.020798,2.1885986
1612,D,4815458086478,-8.682343,-4.8305206,0.15841675
1641,D,1215345736724000,8.981323,-0.35925296,-4.404441
1621,D,168441404426410,-1.7435774,6.287772,-7.5016327
1627,D,439453702166488,1.4245148,-9.137329,2.241806
1648,D,462697771712000,-9.302257,-0.52690434,-1.8369801
1606,D,124826031983366,-3.6653595,-3.5283508,-8.990616
1615,D,165951986795449,9.368942,-0.49353027,-2.0303192
1646,D,1464232383997000,-9.319021,-0.76401126,-0.96758795
1649,D,1162194512637657,3.8013937,-0.15562311,-9.675568
1650,D,356763915386000,-5.4319043,-6.0593996,-4.6032276
1600,D,241648774833559,4.382599,4.1776123,6.9329987
1627,D,439507641363047,2.3018494,-9.109299,1.3071594
1650,D,356696798677000,-6.940767,-4.232,-4.663103
1606,D,124878702253215,-3.3026123,-3.3488464,-9.263077
1624,D,515314059005445,6.1026917,-5.712097,-5.219925
1611,D,291775984556432,9.405884,-0.12728882,-1.9128723
1640,D,169636026523476,-1.5964836,9.3525,2.2486043
1627,D,439361997441448,1.8317566,-8.997025,2.218048
1633,D,690801889064917,-5.1977234,-7.052887,-4.9107666
1637,D,12507432899010,-0.7682395,-4.6203604,8.699631
1625,D,704945068509996,-6.6996,-4.2184296,5.394638
1604,D,15047243294892,5.9680023,3.200348,6.2604065
1629,D,603565506565477,-3.663208,3.703827,-8.991638
1632,D,2817129801741,-1.6196442,-0.89378357,9.140778
1635,D,677784301845904,-5.618164,2.0095978,7.380539
1647,D,1216401365626131,0.98102415,-6.2608376,-7.840412
1623,D,420028626384,3.1381073,-1.4079285,-9.718658
1646,D,1464196839225000,-8.037686,1.9040406,4.7157936
1642,D,1468864933879000,-4.3325906,4.397256,7.8724294
1612,D,4700097076174,-8.628174,-4.7937317,0.5552826
1620,D,939710097657454,3.2424316,9.165726,-1.0944824
1646,D,1464278910788000,-9.352551,-0.58198977,-1.0705738
1650,D,356738749523000,-5.3408937,-6.06419,-4.7708793
1644,D,1815545697605000,-1.8657203,-8.449629,3.4967287
1641,D,1215364091607000,8.957374,-0.37362307,-4.4643164
1612,D,4779354279940,-8.664337,-4.7753296,0.38407898
1644,D,1815547773234000,-1.7411792,-8.315508,3.6212697
1625,D,705039290939506,-6.896744,-4.1795044,5.1712646
1642,D,1468720855947000,-3.7625759,3.7386258,8.48316
1642,D,1468799029014000,-4.2176294,4.2296047,7.9969707
1603,D,7282785237108,8.823831,3.6804867,2.0278888
1601,D,260169345051077,-7.615956,1.2868834,5.8203044
1603,D,7360917142547,8.825626,3.6942532,2.0614076
1608,D,39991622465827,2.8894653,-3.3533478,8.013794
1618,D,197161767709682,-1.6161957,-0.91311646,8.96669
1602,D,97877014324037,-4.0417175,-1.7271118,8.175003
1630,D,1556973269357631,-8.562958,1.7240448,4.3500366
1640,D,169556298725216,-2.3014264,1.3105261,-9.520693
1620,D,939730742779901,5.6218567,7.651779,0.33436584
1601,D,260112760973181,-7.5926123,1.2731167,5.817312
1620,D,939603508304693,4.9754486,0.13725281,0.7624054
1643,D,707284266222000,4.267925,-4.184099,-2.7470875
1630,D,1557043764973887,-8.690063,1.7258759,4.0545044
1600,D,241687497045686,4.396805,4.1616516,6.873657
1635,D,677769115071139,-5.4026184,1.6962738,7.486206
1641,D,1215463400452000,9.72378,0.09340577,-2.5147705
1646,D,1464172417228000,-8.459209,1.8609302,4.495452
1649,D,1162128552852682,3.650559,-0.09636662,-9.703699
1625,D,705057821200329,-6.8009033,-4.214035,5.404587
1638,D,1136066401644753,4.6870985,-8.292317,-7.42831
1613,D,174413596310258,3.8606503,-6.0262055,-6.884527
1644,D,1815558514124000,-1.4418018,-8.399334,3.8583767
1603,D,7412630598414,8.767567,3.9959226,2.2182279
1619,D,171613741927375,-2.7006595,-4.224569,8.275558
1614,D,83879683707000,3.3338673,7.6401124,6.0378447
1633,D,690819160492989,-5.2809143,-7.1535645,-4.777771
1618,D,197225415175146,-1.3635712,-0.86672974,9.027878
1645,D,1128656535228000,6.0258694,-2.5530908,-7.462881
1617,D,267164721805765,-6.547699,-4.2194214,5.4251556
1648,D,462615147595000,-9.328602,-0.48379397,-1.7651294
1633,D,690705410798659,-5.5819855,-6.425583,-5.635788
1617,D,267226153701023,-6.844818,-3.6268463,5.463211
1638,D,1136240923382963,2.6668415,-4.2932525,8.298602
1623,D,374005101081,3.2223816,-1.4452057,-9.659073
1625,D,705060359042126,-6.7280884,-4.261673,5.3324127
1610,D,15550437456563,8.6453705,3.5347595,1.4340363
1616,D,195379253924246,-0.20057678,0.006149292,9.172333
1617,D,267238490433078,-7.225128,-2.8305206,5.5603027
1648,D,462704279751000,-9.316627,-0.5484595,-1.83219
1609,D,132939495866102,2.2550507,-3.0613098,-9.464859
1635,D,677862108845554,-5.3915863,2.2907867,7.293686
1621,D,168458244130676,-1.8626889,5.8029466,-7.566276
1634,D,75099804258593,5.572357,-3.0734406,6.603668
1646,D,1464281509777000,-9.436378,-0.51732427,-1.0298585
1615,D,165884411711495,9.403534,-0.5141144,-2.0560303
1649,D,1162181382045841,3.7726634,-0.18495208,-9.648034
1616,D,195356695327411,-0.16036987,0.004638672,9.193741
1600,D,241775918683438,4.478073,4.3917084,6.714203
1625,I,708848369886513,-7.997986,-0.7125702,5.331436
1648,I,461787100478000,-9.072334,0.1101709,-2.912344
1641,I,1219213574482000,9.541759,-0.15567628,-4.3206153
1614,I,83684500689000,4.3182206,7.2521195,5.9037232
1642,I,1470281364376000,-3.4991236,4.239185,8.344249
1638,I,1138319414611829,-9.908254,-0.8928876,-2.3138463
1600,I,245735809238799,2.8439484,6.9038086,5.5063477
1635,I,678938053051198,-7.1849213,0.7871094,6.1394043
1621,I,169656175312337,1.0175357,8.722675,-4.6261964
1627,I,441019891088999,-0.31521606,0.08155823,9.182541
1623,I,4288073253429,2.8827362,-2.378769,-9.582321
1646,I,1466397192313000,-9.3381815,-0.8262818,1.1663746
1646,I,1466517301912000,-9.18011,-1.3651612,0.22752686
1613,I,176499034693509,2.468422,5.2810106,7.603985
1621,I,169816030402172,-1.6831238,8.590994,-4.5884876
1636,I,503982192863379,0.5165863,-9.256943,2.22966
1647,I,1220075030102032,4.2461166,-4.6375685,-7.9990277
1619,I,171412467151515,-5.463568,-3.5523968,7.234679
1608,I,42482003207060,-1.4988556,-0.20478821,9.046692
1600,I,245736765964873,2.9062195,6.9002075,5.589966
1650,I,358806802677000,-5.589976,-3.8272414,-6.6246243
1645,I,1130752764510000,7.9706254,-4.4834766,-3.5757644
1621,I,169678042720871,3.0603883,8.391677,-4.1036615
1633,I,693117568991874,-0.73132324,-9.268097,-3.3010406
1606,I,125661707044300,-9.545685,-2.7623138,-1.0958862
1618,I,198134579082679,-1.223877,0.58773804,9.075882
1604,I,16381847425785,5.7595825,5.2130737,4.9700623
1614,I,83674768034000,4.3325906,7.30481,5.934859
1617,I,266626994819567,-9.064911,-0.3470459,3.5409393
1620,I,940933579078648,0.7841339,8.661072,-5.1328735
1622,I,290494037145766,-8.681625,-4.218933,1.806015
1650,I,358706562373000,-5.4822,-4.497847,-6.217471
1614,I,83659001545000,4.1553593,7.2593045,6.0570045
1639,I,183324914889431,-6.608296,-7.0741177,1.2282255
1613,I,176649310344286,2.184709,5.0158525,7.8769236
1641,I,1219208517745000,8.57896,-0.06227051,-5.1636624
1649,I,1164662162125743,7.536947,-0.99538934,-6.8522053
1633,I,692994100979904,-0.88801575,-8.959518,-4.181946
1608,I,42488549227568,-1.6033173,0.030700684,9.057999
1619,I,171505043447365,-5.5617304,-3.3620577,7.193379
1648,I,461739725390000,-9.081915,0.13651612,-2.8764186
1603,I,10713100764092,6.2781954,1.2431892,7.379528
1601,I,259812083672265,-4.5483847,0.49440265,8.5622635
1636,I,503949764893604,0.7911835,-9.1853485,2.3275146
1636,I,503944981268858,0.4922943,-9.400421,1.9519196
1602,I,101312880545269,-0.9143982,-1.3254852,9.01622
1623,I,4342052740635,3.0341187,-2.3480225,-9.404831
1627,I,441003677088828,-0.33026123,0.08363342,9.154663
1617,I,266703683977936,-8.052628,-2.6857605,4.4703674
1646,I,1466520465847000,-9.096285,-0.9963282,1.0466236
1639,I,183283725267911,-7.0799537,-6.128408,0.7062895
1641,I,1219200519519000,8.626861,-0.09580079,-5.144502
1618,I,198067356484560,-1.2104034,0.48805237,9.15863
1627,I,441032298314331,-0.31663513,0.10002136,9.13269
1614,I,83710691847000,4.358936,7.3694754,5.7839723
1642,I,1470367537048000,-3.8583767,3.2213013,8.586145
1646,I,1466420367795000,-9.302257,-1.1759547,1.3483961
1613,I,176550948668697,2.1320367,5.3678,7.65546
1635,I,678941839672291,-7.142563,0.7691803,6.234436
1636,I,503972978084838,0.661499,-9.276367,2.2340698
1650,I,358675546987000,-3.3841627,-5.278623,-7.0988383
1641,I,1219275223501000,9.206455,0.26105714,-4.0739284
1620,I,940911745593033,2.7499847,8.996506,-3.3067017
1640,I,171390483445961,-3.7900212,-1.4646529,9.096919
1642,I,1470285878835000,-3.4871485,4.282295,8.286768
1629,I,605544946275636,-6.8808746,3.9972382,-6.59935
1615,I,166857754632315,6.415451,3.018097,-7.0937653
1624,I,517736612767454,6.470459,-4.7919464,-5.767624
1647,I,1220165849514655,4.296395,-4.9972973,-7.748235
1646,I,1466374036416000,-9.163345,-0.5005591,2.5818312
1625,I,708858480987504,-8.015381,-0.6554413,5.3706207
1629,I,605622642503303,-6.8806915,4.1387634,-6.5233
1642,I,1470334607782000,-4.0044727,3.5015187,8.47837
1614,I,83712749326000,4.3014555,7.3311553,5.8103175
1604,I,16259336165703,5.160385,6.155182,4.7055817
1626,I,597477335764076,4.7647095,-5.107422,-7.154434
1628,I,1137523437719411,4.3888702,-4.774231,6.5118713
1633,I,693009962487245,-1.4554749,-9.215088,-3.2792969
1607,I,290225397896106,-4.6902413,0.31124622,-8.95611
1600,I,245755245894047,3.02565,6.9001007,5.521057
1624,I,517733692241756,6.325409,-5.302902,-5.5714264
1626,I,597504526941696,4.7602997,-5.0469055,-7.2255554
1609,I,40578942555688,7.3387146,-6.049118,-1.4231415
1620,I,940877041613447,1.7709961,9.074188,-3.9281921
1618,I,198042380889634,-1.1606445,-0.7989197,9.111084
1629,I,605564332558753,-6.8873444,4.063507,-6.508438
1629,I,605484320069552,-6.788315,3.8674011,-6.772461
1612,I,7626369645317,-9.028259,2.3324432,2.9390106
1647,I,1220088995392600,4.1557355,-4.3155484,-8.081029
1606,I,125676108287751,-9.616943,-2.590393,-1.5503082
1602,I,101256755968441,-0.54164124,-1.6365051,8.939606
1622,I,290463623353315,-8.439606,-4.9080353,1.2367706
1613,I,176513080858607,2.27928,5.2875943,7.6147585
1632,I,2424721027770,-2.8750763,-0.479599,8.757965
1642,I,1470344059352000,-4.028423,3.661985,8.341853
1617,I,266695828753326,-8.806213,-0.7185364,3.83815
1608,I,42460048877201,-1.6498566,-0.09689331,9.023697
1639,I,183417201180451,-6.9554553,-3.882647,4.3143516
1620,I,940931564909892,0.83462524,8.562866,-5.3284607
1628,I,1137466316166123,4.2026215,-4.979645,6.4439087
1633,I,692979951517211,-0.47502136,-8.55925,-5.042984
1646,I,1466506097463000,-8.62207,-0.852627,1.8537452
1610,I,16663563074376,7.8544006,-1.0894012,4.576706
1628,I,1137477958007661,4.34877,-4.793152,6.540756
1617,I,266638425173239,-9.018234,-0.44210815,3.7130127
1641,I,1219296196256000,9.129815,-2.076482,-3.3673975
1636,I,504015124381185,0.70248413,-9.261261,2.150238
1650,I,358733466383000,-5.601951,-4.392466,-6.224656
1649,I,1164558493691880,8.189367,-1.6543933,-5.7963624
1627,I,441069117146593,-0.34225464,0.10383606,9.147614
1617,I,266687721746026,-8.970139,-0.68229675,3.466568
1635,I,678818472362379,-7.2009277,-0.80355835,6.2182007
1626,I,597576835291554,4.951294,-4.763214,-7.3452454
1645,I,1130678081121000,7.6592727,-5.0822315,-3.3626075
1627,I,441097093818929,-0.33732605,0.13194275,9.128586
1642,I,1470383155181000,-4.006868,3.1015503,8.495134
1620,I,940998394753971,4.762497,8.39328,-2.068573
1617,I,266775891592635,-8.275131,-1.4309082,4.665924
1603,I,10719763592840,6.3578024,1.1994951,7.36636
1646,I,1466494518105000,-8.995694,-1.9567311,-1.84177
1626,I,597488061169814,4.7794495,-5.0096283,-7.198456
1635,I,678896762787846,-7.2533264,0.82466125,6.065277
1610,I,16695034337287,8.214401,-1.7490234,3.9887848
1645,I,1130700812515000,7.702383,-4.648733,-3.896697
1603,I,10690113611498,5.9609637,1.3569138,7.5806413
1615,I,166825830172218,6.264557,2.809616,-7.325821
1648,I,461767392897000,-9.074729,0.12693603,-2.9051588
1637,I,14104882862085,-0.69461775,-9.746346,1.3106757
1634,I,77154600091166,-4.7825317,-3.8150635,7.2196045
1625,I,708834270770878,-7.8841705,-0.7710724,5.4892426
1636,I,503921868783113,0.36408997,-9.304367,2.0237427
1635,I,678835572586876,-7.3190002,0.04800415,5.9907837
1640,I,171429826410271,-3.904943,-3.0974984,8.565406
1628,I,1137601514434892,5.040497,-4.2035065,6.3608704
1624,I,517776996692103,6.2197876,-5.510437,-5.3206635
1650,I,358762022749000,-5.4534597,-4.267925,-6.4354177
1642,I,1470238640756000,-3.0991554,4.5074267,8.665181
1646,I,1466459826629000,-9.072334,-1.3723463,1.3555812
1650,I,358737335621000,-5.5875807,-4.29427,-6.3012967
1628,I,1137489398427377,4.3805695,-4.783661,6.579178
1608,I,42562066064946,-1.2327728,-0.6011658,9.020111
1646,I,1466474457464000,-8.909473,-1.4034815,2.8716285
1649,I,1164642011351219,7.53575,-1.1031284,-6.9246297
1604,I,16274442349477,5.135071,6.148651,4.75119
1600,I,245821713184403,3.881897,6.043991,6.3881226
1627,I,441097174385336,-0.310318,0.09938049,9.161026
1612,I,7706432536109,-9.014053,2.266571,2.9065094
1628,I,1137503014159587,4.421341,-4.7394714,6.579422
1635,I,678835592728477,-7.333542,0.010482788,5.9915924
1621,I,169712599219607,0.55365914,8.510789,-4.4759603
1648,I,461796652113000,-9.096285,0.081430666,-2.8452833
1612,I,7609803187130,-8.99707,2.3884888,3.0256958
1615,I,166816716091278,6.5010376,2.8829498,-7.226532
1640,I,171393182967751,-7.7572136,-0.46148238,6.053889
1639,I,183402052370481,-2.7177181,-3.930531,8.844181
1646,I,1466522924535000,-9.153765,-1.2382251,0.70174074
1617,I,266653178913272,-8.853104,-0.67848206,3.8655548
1649,I,1164536786606208,8.228272,-1.6071079,-5.7520695
1603,I,10848375241489,6.927623,-0.5069722,6.8480153
1633,I,693031916840865,-0.25457764,-9.384796,-2.7944183
1611,I,2533921003909,9.21228,-1.4714508,1.0853729
1644,I,1817551100624000,-2.1004322,-8.995694,-0.16046631
1642,I,1470413585419000,-4.1553593,3.3458424,8.47837
1627,I,441108151584969,-0.30955505,0.11689758,9.106628
1603,I,10825350704259,7.07726,1.0989386,6.640917
1645,I,1130656598883000,7.446116,-5.1756372,-3.661985
1614,I,83746180485000,4.8020144,7.29523,5.637876
1650,I,358753699684000,-5.3863993,-4.27032,-6.468948
1645,I,1130745086651000,8.011341,-4.5816727,-3.408113
1650,I,358681008249000,-5.031936,-6.473738,-4.4259963
1642,I,1470283258694000,-3.5087037,4.2104445,8.341853
1620,I,941016542336482,4.921692,8.258133,-1.5230713
1636,I,503924336129304,0.4020996,-9.348251,1.7739258
1649,I,1164527287657721,8.199542,-1.5586253,-5.815516
1639,I,183242502054561,-7.427113,-6.5258455,0.095768064
1624,I,517805396320746,6.559967,-4.904663,-5.4848633
1635,I,678844414744264,-7.5816345,1.4302368,5.4548035
1646,I,1466394854644000,-8.638836,-0.32093263,1.7794995
1619,I,171381543188973,-5.5401826,-3.5865142,7.1472907
1646,I,1466509502769000,-9.350157,-2.0237916,-0.58198977
1615,I,166874270720347,6.375641,3.091339,-7.148361
1650,I,358689936014000,-5.604346,-4.756509,-6.2581863
1610,I,16778873762751,8.232925,-1.880722,3.927063
1645,I,1130688519807000,7.2904396,-4.785249,-4.1218286
1609,I,40463480831773,7.199234,-6.0260925,-2.0814514
1648,I,461716833730000,-9.031619,0.17483643,-2.9027638
1635,I,678814826742308,-7.370682,-0.86151123,6.0740967
1613,I,176634149158197,1.5406688,5.3019595,7.8248496
1642,I,1470320480485000,-3.8751419,3.6979103,8.435259
1607,I,290350373431164,-5.4144874,-0.3226187,-8.336012
1650,I,358826008420000,-5.760022,-3.7338357,-6.4833183
1631,I,1553312382218285,-2.1080322,1.0741425,8.878418
1632,I,2497885401223,-2.922638,-0.56385803,8.806091
1646,I,1466482941753000,-9.09868,-1.6525636,-1.2765454
1629,I,605500332621763,-6.85318,3.9353027,-6.662201
1602,I,101274369799355,-0.826004,-1.558075,9.047119
1640,I,171475917238451,-8.508993,-2.783858,4.184017
1635,I,678914588073936,-6.9337006,0.9785919,6.2924805
1642,I,1470339142283000,-4.1242237,3.5110989,8.452024
1620,I,940876900622236,1.8773804,9.024796,-3.8876038
1645,I,1130761732222000,7.999366,-4.5888577,-3.5733693
1614,I,83656331141000,4.3230104,7.3311553,5.7887626
1609,I,40511921398763,7.958206,-4.8479156,-2.7099304
1609,I,40556535037398,7.2642517,-6.1388855,-1.5872345
1607,I,290305401711496,-6.7426705,-0.49440265,-8.181585
1614,I,83748317064000,4.3541455,7.2185893,5.872588
1639,I,183320165606831,-7.1757216,-5.084536,4.5992613
1610,I,16771270281474,8.24411,-1.8262482,3.852188
1630,I,1558983401206319,3.5034943,3.0832062,7.823532
1616,I,194849227678501,-0.17129517,0.0068359375,9.15358
1641,I,1219284652204000,9.172925,0.40954837,-4.0499783
1613,I,176609368883413,1.5095441,5.1678843,7.890092
1620,I,940960790388810,3.0746613,9.099625,-2.2892914
1635,I,678778148875605,-3.9290771,1.1489258,7.1347046
1640,I,171479216560891,-4.7046065,-5.285799,7.2007113
1610,I,16769658953349,8.271072,-1.9254608,3.9056244
1614,I,83703629862000,4.3493557,7.321575,5.8055277
1648,I,461807150759000,-9.091495,0.083825685,-2.8979738
1614,I,83748969682000,4.3254056,7.2185893,5.9133034
1645,I,1130744885161000,8.006551,-4.5313773,-3.4512234
1605,I,181006316301790,6.645705,0.14305355,7.1712327
1635,I,678785722117792,-7.184082,-0.8638153,6.096756
1624,I,517794268092687,6.5365906,-4.996231,-5.491333
1635,I,678872915126649,-7.255371,0.80400085,6.109131
1602,I,101398542794488,-0.8725128,-1.3861084,8.9184265
1641,I,1219327303034000,8.947793,0.17962648,-4.5409575
1649,I,1164624295162413,7.555502,-1.0648212,-6.8641763
1610,I,16737835221363,8.1970825,-1.8348083,3.9458008
1603,I,10815015428637,6.807314,0.87089086,6.9210386
1633,I,693141537496168,-0.5992584,-9.5828705,-2.9270935
1627,I,441053205273111,-0.3251953,0.08340454,9.126617
1604,I,16310495818559,5.178131,6.1524963,4.6999664
1618,I,198134327312660,-1.2024689,0.58999634,9.064423
1606,I,125664677930531,-9.576874,-2.5628357,-1.4115143
1621,I,169744163516834,-0.98700964,8.689755,-4.338892
1641,I,1219298895953000,9.065149,-1.2334352,-4.27032
1604,I,16342269191284,5.0587616,5.86705,4.9438934
1634,I,77004897645680,-4.0028534,-3.8136902,7.541977
1606,I,125712061048951,-9.363907,-3.3148499,-0.2975464
1644,I,1817477521086000,-0.96758795,-9.168135,-0.8334668
1601,I,259703904167515,-4.311359,0.3854665,8.646061
1647,I,1220226140724006,4.2838254,-5.1038394,-7.6243353
1614,I,83684797522000,4.3230104,7.2760696,5.9013286
1618,I,198174459465285,-1.2622986,0.5284729,9.070236
1602,I,101322911059666,-0.7584381,-1.5873871,8.941513
1635,I,678869007655945,-7.271393,0.78556824,6.1214294
1613,I,176589455997589,2.136825,5.412093,7.635708
1614,I,83586698599000,4.253555,7.5131764,5.654641
1633,I,693033477814987,-0.56987,-9.517792,-2.9910278
1629,I,605543385301515,-6.9269104,4.0799866,-6.5244446
1640,I,171404531631701,-6.5002575,-3.8684313,3.8105216
1646,I,1466523508866000,-9.153765,-1.5423926,-0.2706372
1625,I,708783473673208,-8.275436,-1.0737762,4.885971
1637,I,14038549327685,-1.5894506,-6.7607765,6.9351044
1604,I,16332651560296,5.1891785,6.173355,4.730133
1628,I,1137462146854600,3.2946625,-6.070587,6.0993958
1609,I,40539465026239,7.196747,-6.18869,-1.3605347
1600,I,245757511824223,2.9814606,6.9690094,5.441345
1603,I,10800410656351,6.937798,0.9624691,6.76781
1644,I,1817614361603000,-1.336421,-9.153765,-0.5340894
1646,I,1466394592687000,-9.295072,-0.6490503,1.3603711
1625,I,708886961206357,-7.928055,-0.7701111,5.367584
1635,I,678944014965260,-7.230484,0.779541,6.1831665
1648,I,461739100828000,-9.115445,0.117355965,-2.8979738
1639,I,183361808709921,-4.010587,-7.004686,6.179435
1646,I,1466537213027000,-9.299861,-0.9484278,1.2334352
1612,I,7641375133137,-9.056885,2.2931519,2.8772583
1600,I,245784350513138,2.9904633,6.876129,5.558838
1635,I,678932252293796,-6.879471,0.8928528,6.3720093
1611,I,2558745502545,9.21994,-1.4975586,1.0232849
1635,I,678806306841890,-7.416855,-0.60206604,6.04216
1633,I,693020687879582,-1.235611,-9.762543,-2.520813
1629,I,605511914052137,-6.9345703,4.0818787,-6.4712067
1617,I,266689685552179,-8.963669,-0.6615448,3.6752472
1630,I,1559013815002858,3.663147,3.2839203,7.6988983
1612,I,7734580396402,-9.081253,2.1263123,2.8562927
1642,I,1470271993269000,-3.319497,4.28948,8.440049
1645,I,1130663934219000,7.422166,-5.199588,-3.7098854
1627,I,441062470428940,-0.32159424,0.12411499,9.152527
1645,I,1130755485205000,8.011341,-4.4667115,-3.527864
1627,I,441039730548324,-0.35224915,0.082351685,9.162811
1632,I,2438820178188,-2.837143,-0.54823303,8.7908325
1642,I,1470365924812000,-4.145779,3.4751735,8.423284
1647,I,1220154235466585,4.3382936,-5.129577,-7.635708
1602,I,101398280953667,-0.6840973,-1.6446075,8.858719
1645,I,1130665385273000,7.4509063,-5.1564775,-3.67875
1619,I,171484333002581,-5.407305,-3.193865,7.273585
1633,I,693090075720802,-0.66889954,-9.286636,-3.3361816
1642,I,1470365380881000,-4.095484,3.542234,8.404124
1607,I,290356438764494,-5.08289,-0.36511576,-8.610147
1629,I,605606378162932,-6.858841,4.049469,-6.5230255
1604,I,16276708279653,5.1840973,6.0791473,4.72789
1618,I,198140974047608,-1.1592102,0.5994568,9.165527
1642,I,1470240171902000,-3.1255007,4.4212065,8.49753
1602,I,101261841737118,-0.7475891,-1.5270233,9.056747
1625,I,708778277140005,-8.348892,-1.0524445,4.7914886
1618,I,198029389551955,-1.2201538,-0.9329834,9.038483
1600,I,245746584995202,2.938385,6.986313,5.5087433
1600,I,245759223860356,3.0667877,6.958679,5.3677216
1645,I,1130672156278000,8.023315,-4.9720607,-3.0991554
1632,I,2400551118824,-5.657379,-2.549408,7.05278
1648,I,461723967132000,-9.074729,0.16525635,-2.929109
1620,I,940955936262833,4.142914,8.712006,-2.0811005
1619,I,171430103927549,-5.5270147,-3.3542767,7.2364745
1647,I,1220219079294375,4.2796354,-5.072715,-7.6602483
1615,I,166766211031483,6.436783,2.6414185,-7.376602
1640,I,171357792744541,-6.7229185,-1.3904326,7.090578
1641,I,1219235514033000,9.0004835,0.7065308,-4.4283915
1620,I,940909630724869,2.8073883,9.0264435,-2.7795105
1628,I,1137500295043376,4.322113,-4.736206,6.502411
1615,I,166890535089321,6.7460785,2.7631073,-6.943039
1641,I,1219175436988000,8.634046,-0.07903565,-5.0822315
1616,I,194900588757168,-0.19065857,0.011047363,9.120804
1623,I,4317530361588,2.8210144,-2.3217926,-9.574051
1602,I,101326516406346,-0.87290955,-1.1872559,9.09491
1648,I,461659887243000,-8.911868,0.22513184,-3.4248781
1608,I,42420067776430,1.5910492,3.4811554,7.5295715
1629,I,605541522203370,-6.912506,4.0744324,-6.493271
1635,I,678849530719441,-7.2498627,0.6078949,6.2044373
1620,I,941015917946833,4.4125366,8.351578,-1.8373718
1648,I,461698516846000,-8.926238,0.14130616,-3.3673975
1625,I,708764802382306,-8.30159,-0.7384033,4.886032
1624,I,517781075366419,6.118149,-5.748001,-5.1083984
1650,I,358749608484000,-5.391189,-4.2200246,-6.473738
1612,I,7716604035981,-9.260864,1.9166107,2.671585
1641,I,1219262994101000,9.268726,0.42152345,-3.8823268
1629,I,605512266530165,-6.935013,4.051483,-6.4850616
1621,I,169783268985778,-0.4417302,8.523358,-3.9827545
1650,I,358780926184000,-5.4199295,-3.8775368,-6.6988697
1614,I,83750532447000,4.3325906,7.173084,5.9468336
1626,I,597466509662797,4.7836,-5.098572,-7.218994
1603,I,10844741399097,6.531382,-0.7541735,7.1514807
1615,I,166773562738180,6.4276733,2.922409,-7.1922913
1602,I,101257692552914,-1.1018524,-1.5435638,9.011475
1606,I,125667296338734,-9.501877,-2.7231445,-1.5721588
1650,I,358757044949000,-5.4199295,-4.2248144,-6.464158
1634,I,77152837701029,-4.5492706,-4.353195,6.97876
1625,I,708776706079134,-8.265289,-1.0619354,4.821335
1615,I,166875227446421,6.32782,3.0121002,-7.231781
1641,I,1219310883368000,9.053174,0.33290774,-4.26553
1644,I,1817536268175000,-1.1376343,-9.13221,-0.15567628
1620,I,940972190550148,3.4734192,9.01683,-2.2549744
1645,I,1130693799739000,7.2185893,-4.629573,-3.7242556
1648,I,461664743644000,-8.919053,0.18441652,-3.415298
1605,I,180998056243458,6.6666546,0.13467385,7.181408
1646,I,1466433063779000,-9.045989,-1.1855347,1.8776954
1621,I,169671737740509,-1.4119805,8.695142,-4.395156
1607,I,290389878203857,-5.5222263,-0.320823,-8.327033
1626,I,597427787435421,4.5764313,-5.1880035,-7.2191315
1645,I,1130719251828000,7.774234,-4.6966333,-3.8080812
1612,I,7754973789043,-9.131256,2.1156769,2.8791504
1634,I,77139292497013,-4.686783,-3.7104034,7.2733
1647,I,1220187397173391,4.1132383,-4.9961004,-7.8086886
1603,I,10853522638367,5.977723,-0.54767364,7.671621
1644,I,1817534151925000,-1.096919,-9.14179,-0.7376661
1633,I,693018472303410,-2.1146393,-9.3628845,-2.3098755
1616,I,194845954669734,-0.17053223,0.013595581,9.120239
1604,I,16340003261109,5.086014,6.091156,4.7603607
1637,I,14064048713835,-8.459014,-4.8262615,0.7408558
1646,I,1466533928028000,-9.362132,-1.1759547,0.7185059
1620,I,940958876936661,2.9355316,9.101013,-2.359726
1615,I,166813996975067,6.311325,3.0134735,-7.194626
1629,I,605548017855061,-6.8598633,3.981964,-6.5384064
1624,I,517845578828358,6.4329987,-5.4882965,-5.046936
1646,I,1466387357765000,-8.947793,-0.46702883,2.7446926
1628,I,1137509681013720,4.3978424,-4.733185,6.5576477
1645,I,1130620384921000,8.080796,-4.404441,-3.661985
1629,I,605551592989339,-6.915741,4.0332794,-6.560028
1627,I,441029538914917,-0.3423462,0.12384033,9.204056
1620,I,940965765375967,2.7519379,8.988052,-2.9875336
1636,I,504028518562616,0.52349854,-9.33522,1.9753723
1622,I,290598823847097,-9.794281,-1.4711456,0.5537567
1602,I,101391452950738,-0.6310425,-1.695816,9.015152
1621,I,169710125166431,1.9237411,8.585009,-4.3041763
1625,I,708845872357114,-8.00885,-0.7052002,5.407242
1638,I,1138304786573749,-8.462156,-3.7970543,3.116203
1614,I,83702897915000,4.3206153,7.278465,5.848638
1606,I,125609389226556,-9.39624,-2.9771118,-1.527771
1650,I,358733970063000,-5.5229154,-4.368516,-6.253396
1622,I,290564129924617,-9.81546,-1.4647217,0.43959045
1613,I,176570122785827,2.1338322,5.401319,7.5962033
1612,I,7675716587602,-9.049515,2.2519531,2.9304657
1625,I,708749293368975,-8.1093445,-1.0339203,5.139084
1636,I,503966633486831,0.46723938,-9.33226,1.997055
1646,I,1466474679177000,-9.0004835,-1.1663746,2.8213332
1606,I,125732252996497,-9.420898,-2.880844,1.093689
1623,I,4346282476963,2.932373,-2.331726,-9.50293
1624,I,517733138347713,6.281021,-5.4630737,-5.215439
1614,I,83684461127000,4.3134303,7.2616997,5.8917484
1608,I,42507180206841,-1.3735352,-0.0019836426,9.044693
1625,I,708829215228886,-8.376389,-1.2059021,4.752838
1645,I,1130622722542000,7.661668,-5.0726514,-3.4464333
1602,I,101373526886663,-0.67562866,-2.1004944,8.897202
1602,I,101285991506027,-0.9587555,-1.3917084,9.123825
1607,I,290292950918426,-4.84347,0.032920275,-8.771158
1646,I,1466433406490000,-9.041199,-1.1520045,2.6369166
1637,I,14075791629215,-2.6865935,-3.035399,9.343223
1648,I,461644773782000,-8.729847,0.3544629,-3.8224514
1601,I,259772817862489,-4.2634745,0.40761283,8.656237
1629,I,605564131142737,-6.925827,4.022934,-6.504257
1617,I,266749808237706,-7.72139,-3.1901245,4.718994
1634,I,77106612735517,-4.655548,-3.5995636,7.287613
1607,I,290326111826590,-5.0308166,-0.24301147,-8.616732
1637,I,14110281618265,2.4178445,-0.93328977,10.846781
1614,I,83703946333000,4.366121,7.359895,5.846243
1638,I,1138412586298879,-6.752696,-6.770653,2.5104702
1620,I,941010963124628,5.0837708,8.186188,-1.7533875
1613,I,176563918175100,2.1003134,5.373187,7.666234
1628,I,1137607405853349,5.0436096,-4.1415253,6.40094
1602,I,101329517504979,-0.8060303,-1.5606995,8.995483
1645,I,1130671330107000,7.8436894,-4.6511283,-3.412903
1650,I,358660049444000,-3.3506324,-5.3001785,-7.082073
1616,I,194947669746438,-0.18144226,-0.0031738281,9.161682
1641,I,1219333105329000,8.950189,0.18441652,-4.5385623
1604,I,16263616256035,5.1175537,6.103195,4.8146057
1616,I,194858140337193,-0.19755554,0.01373291,9.172302
1609,I,40495657030022,7.806488,-4.898758,-3.4859314
1605,I,180908751426044,6.682217,0.20530279,7.088034
1648,I,461660874673000,-8.904683,0.21555176,-3.427273
1627,I,440950603949878,-0.31584167,0.10533142,9.178268
1609,I,40564642025957,7.2310486,-6.094345,-1.6032257
1633,I,693091938809215,-0.8169403,-9.265823,-3.6108246
1624,I,517757509687848,6.386154,-4.8200226,-5.7297363
1631,I,1553243699357737,-2.0789185,1.046814,8.949982
1606,I,125750128667907,-9.709503,-1.9800873,-1.7082825
1635,I,678932896825046,-7.219513,0.7770233,6.1602173
1635,I,678890740448978,-7.271469,0.8726196,6.0311584
1612,I,7615442821606,-9.006943,2.3189087,2.9074707
1636,I,503987933219825,0.46235657,-9.317291,2.0857697
1620,I,941018113381403,5.551483,7.85347,-1.3083801
1620,I,940948363012712,2.6887665,9.235748,-2.1244354
1620,I,940915552371646,2.782608,8.930023,-3.3903046
1601,I,259752187644163,-4.2622776,0.38486794,8.681973
1620,I,941021114480036,4.9141083,8.297485,-1.6968689
1627,I,441033567235229,-0.34614563,0.08836365,9.18808
1644,I,1817473570785000,-0.9268726,-9.1849,-0.80233157
1607,I,290275551540410,-4.1946416,-0.017956512,-9.054871
1624,I,517730268169490,6.731537,-4.4694977,-5.8376007
1644,I,1817476936771000,-0.9627979,-9.208851,-0.7927515
1603,I,10821639437906,6.986879,0.7188591,6.83365
1639,I,183368958020301,-2.760814,-4.644003,7.8912888
1625,I,708762002699689,-8.32666,-1.2101135,4.7761383
1625,I,708869720015263,-7.8782043,-0.830246,5.462311
1613,I,176553702999686,2.0883424,5.360019,7.6345105
1618,I,198167460256719,-1.2602844,0.5332031,9.064819
1632,I,2385092430297,-4.070221,-3.6920166,7.652725
1605,I,180874354320432,6.707356,0.23882163,7.0461354
1648,I,461801971874000,-9.067544,0.08861572,-2.914739
1625,I,708884262231748,-7.8554688,-0.88009644,5.4069214
1628,I,1137465490360459,4.1229095,-5.3730927,6.23732
1628,I,1137512259138720,4.3203278,-4.7300262,6.542862
1642,I,1470351052369000,-4.030818,3.67875,8.313113
1642,I,1470244605689000,-3.0656252,4.351751,8.413704
1620,I,941016139504450,5.3545074,8.123947,-1.8736725
1630,I,1558965173061714,3.3539581,3.0002594,8.060516
1625,I,708895239407941,-7.973068,-0.8188019,5.374878
1646,I,1466500172453000,-8.914263,-2.069297,-2.1459377
1617,I,266685606877862,-8.706436,-0.94236755,3.9157867
1650,I,358677904757000,-3.4344583,-5.233118,-7.065308
1644,I,1817538565537000,-2.1267774,-9.022039,-0.20118165
1606,I,125690559880151,-9.490723,-2.6920013,-1.4724579
1625,I,708750441440264,-8.156082,-1.185669,5.031662
1645,I,1130707664281000,7.7430983,-4.756509,-3.7649708
1648,I,461790365030000,-9.057964,0.06466553,-2.8812087
1620,I,940934324317905,0.82003784,8.658752,-5.170822
1624,I,517724930645076,6.3713226,-5.281067,-5.3069153
1631,I,1553280004604416,-2.0846405,1.3803711,8.874985
1635,I,678819137035231,-7.2160645,-0.9029083,6.1201324
1617,I,266663904316542,-9.00676,-0.35734558,3.652298
1636,I,503950469849658,0.8379059,-9.080154,2.5089722
1624,I,517774126495678,6.3308716,-5.817276,-4.724884
1629,I,605478680421114,-5.4296265,5.655777,-6.6286774
1602,I,101257934252133,-0.89035034,-1.5341339,8.934128
1640,I,171443073339421,-8.039729,-2.0201077,5.419425
1605,I,181012621215794,6.646304,0.17776948,7.143699
1625,I,708764177992657,-8.24501,-0.75813293,4.951233
1627,I,440984864821141,-0.32107544,0.105911255,9.128464
1603,I,10847297770761,6.3913217,-0.3597288,7.4327993
1644,I,1817449265641000,-2.1243825,-8.428074,3.439248
1612,I,7712676432593,-9.0542755,2.2857208,2.9314117
1646,I,1466520627018000,-9.266331,-1.3699512,1.0370435
1645,I,1130736784059000,7.927515,-4.7014236,-3.4536183
1644,I,1817589694335000,-1.7675245,-9.10347,-0.244292
1620,I,940992211282291,4.344696,8.933792,-1.5028839
1631,I,1553294859025677,-1.9749756,1.3041382,8.927231
1625,I,708856789075966,-8.097214,-0.6745148,5.3351746
1610,I,16790706922005,7.372879,-1.6525879,4.433243
1646,I,1466476210770000,-8.940608,-1.22625,2.8380983
1601,I,259805579356017,-4.557363,0.48602295,8.5299425
1646,I,1466365480408000,-9.211246,-0.6586304,2.4572902
1621,I,169801026625511,-3.2022448,8.122928,-4.7261543
1620,I,940972895506203,3.8927917,8.906143,-1.7610168
1624,I,517824279091817,6.5755157,-5.2558136,-5.0679626
1628,I,1137490284657846,4.3453674,-4.720108,6.5817566
1602,I,101387585753704,-1.1159668,-1.6695709,8.896881
1645,I,1130642714077000,7.3575,-5.3169436,-3.772156
1616,I,194813224561095,-0.22869873,0.0725708,9.091675
1624,I,517755092695661,6.496826,-4.7518005,-5.74469
1614,I,83621336786000,4.3493557,7.311995,5.7696023
1604,I,16300374658386,5.073822,6.247864,4.6195984
1625,I,708744862227723,-8.434402,-0.8124695,4.594345
1635,I,678832994461876,-7.388214,0.04685974,5.9351044
1621,I,169648633209892,1.5328877,8.195353,-4.9667716
1600,I,245724580295544,2.9237823,6.8202972,5.609955
1607,I,290380700317662,-5.2564697,-0.45310268,-8.5299425
1601,I,259786505007587,-4.289212,0.40821138,8.648455
1620,I,940926086394267,1.0198364,8.658264,-5.1870117
1616,I,194859701321154,-0.19024658,0.04347229,9.154617
1609,I,40553413089156,7.185837,-6.0573425,-1.513504
1600,I,245778408733702,2.9979095,6.9387207,5.5133514
1619,I,171375834887986,-5.6102133,-3.833117,7.00304
1630,I,1558937629396014,3.1636047,2.8826294,8.08371
1608,I,42489002413603,-1.5158691,0.051437378,9.018021
1641,I,1219306934464000,9.079519,0.31135255,-4.2367897
1635,I,678864435508369,-7.219406,0.7878418,6.1765594
1616,I,194849177324497,-0.17008972,0.022155762,9.129211
1631,I,1553275220974045,-2.0711823,1.1404114,8.925644
1600,I,245865269400382,3.8380432,6.0302887,5.913315
1626,I,597541285363948,4.8282623,-4.99736,-7.2200775
1628,I,1137522108373707,4.367035,-4.786148,6.5120697
1641,I,1219187081748000,8.624466,-0.07903565,-5.122947
1617,I,266645575458682,-8.974136,-0.61582947,3.6556091
1620,I,940851562484322,1.8904114,9.5385895,-1.944519
1642,I,1470243134431000,-2.8428884,4.4667115,8.353828
1619,I,171485210895654,-5.579687,-3.2124202,7.225701
1625,I,708791208033823,-8.253403,-1.1412201,4.8662415
1630,I,1558905856044935,8.075928,1.2750702,4.309265
1617,I,266624023941131,-9.132263,-0.16448975,3.4917755
1650,I,358673289650000,-3.271597,-5.345684,-7.074888
1611,I,2575563746696,9.3358,-1.4467773,0.21781921
1632,I,2559015170314,-3.4717865,-1.5301971,8.473831
1602,I,101305327449332,-0.7105408,-1.4812012,8.985535
1617,I,266678557314450,-8.711685,-0.8479767,4.080658
1618,I,198153461831373,-1.3037567,0.62475586,9.056274
1644,I,1817577985268000,-1.8729054,-9.031619,-0.3065625
1620,I,940877122179853,1.7897491,9.063095,-3.891693
1644,I,1817466859849000,-0.93405765,-9.216036,-0.80233157
1613,I,176502703544446,2.4384944,5.309142,7.587225
1617,I,266697993975494,-9.13826,-0.3078766,3.388565
1633,I,693052511628772,-1.071579,-9.283691,-3.2634888
1600,I,245870153738761,3.8817139,5.992035,5.8881683
1629,I,605488650512435,-6.868759,3.9048462,-6.6715393
1616,I,194980651627758,-0.20401001,-0.00088500977,9.1380005
1629,I,605556779458167,-6.9156036,3.9871979,-6.5206604
1646,I,1466497149282000,-9.0076685,-1.8872755,-2.2441335
1625,I,708842307293637,-8.235794,-0.71055603,5.131027
1601,I,259819825006168,-4.4993033,0.52492875,8.540716
1627,I,440964139119106,-0.317276,0.00039672852,9.098221
1629,I,605632662953368,-6.878586,4.174591,-6.43425
1620,I,940991002789713,2.4566345,9.3228,-2.2680817
1629,I,605518963618950,-6.8556213,4.0821075,-6.5270233
1602,I,101360575867209,0.0029754639,-2.0146942,9.033707
1619,I,171435493213902,-5.511452,-3.5583823,7.289147
1616,I,194959301533065,-0.21520996,0.08119202,9.165527
1618,I,198125867834919,-1.1943512,0.59562683,9.130005
1647,I,1220210897767293,4.238934,-5.0403934,-7.653664
1632,I,2499647791360,-2.9175262,-0.48492432,8.7899475
1605,I,181013259566628,6.652888,0.12210429,7.1550717
1629,I,605467300414603,-5.5027313,5.447586,-6.8905487
1623,I,4431330409781,2.8894348,-2.437729,-9.425018
1609,I,40567210080156,7.2891083,-6.0321198,-1.3876495
1647,I,1220184444358241,4.079121,-4.981137,-7.8290396
1620,I,940968786616202,3.3673096,8.995392,-2.1720123
1632,I,2457551865462,-2.8446198,-0.5338135,8.788681
1619,I,171511667251841,-5.446809,-3.1944637,7.2753806
1617,I,266617780044647,-9.010788,-0.49035645,3.6769562
1648,I,461760259343000,-9.077125,0.11496094,-2.8979738
1608,I,42521027560873,-1.4197998,-0.022460938,9.01889
1620,I,940897525619252,2.5232086,9.4596405,-2.498169
1603,I,10783770763858,7.055712,0.20231004,6.782175
1620,I,940865319184762,2.464386,9.233673,-2.2880554
1602,I,101366235657248,-0.80281067,-1.5676422,9.041626
1637,I,14116080115945,-4.6546273,-4.2684126,4.0352774
1649,I,1164548396464484,8.22947,-1.596334,-5.727529
1634,I,77045583674264,-4.029587,-3.4653473,7.6754
1600,I,245807110501597,2.974228,6.9478607,5.518631
1631,I,1553166808798394,-3.2606049,0.029815674,8.700546
1613,I,176598393143316,2.1254525,5.390545,7.6428905
1601,I,259734071608284,-4.313753,0.3489549,8.655638
1645,I,1130732048253000,7.7526784,-4.6128078,-3.7050953
1621,I,169710205383461,1.9865888,8.559271,-4.3167458
1619,I,171389482781992,-5.4593782,-3.5745432,7.173627
1622,I,290588702691177,-9.786957,-1.466919,0.5108032
1645,I,1130651278789000,7.446116,-5.245093,-3.7050953
1621,I,169706533550183,1.7363948,8.788516,-3.965995
1610,I,16838291477467,8.136856,-1.7097931,4.062958
1621,I,169706095193724,1.1204864,8.865729,-3.903746
1623,I,4406254108396,2.917099,-2.5780945,-9.477066
1612,I,7740320752847,-9.111374,2.1385956,2.9089966
1641,I,1219299802610000,8.990904,0.12933107,-4.4212065
1607,I,290305641113994,-5.5509567,0.23403321,-8.127118
1623,I,4394924452283,2.8695679,-2.4514465,-9.423752
1637,I,14115430300795,-1.0322002,-5.7121162,8.383147
1641,I,1219188512061000,8.631651,-0.09101075,-5.079837
1632,I,2510624976647,-3.2857056,-1.5363007,8.51149
1644,I,1817618069819000,-1.2573853,-9.168135,-0.5676197
1614,I,83719989420000,4.373306,7.31439,5.7935524
1623,I,4439991298453,2.936798,-2.5746155,-9.393845
1642,I,1470315664429000,-3.7074904,3.4584084,8.602911
1629,I,605575913977004,-6.8602448,3.9832764,-6.601761
1605,I,180993467304083,6.1584854,-0.38965634,6.9240313
1649,I,1164622580111954,7.5148005,-1.0259154,-6.8522053
1630,I,1559061399551814,3.9694977,3.4563751,7.5309296
1625,I,708809939730015,-8.313095,-1.1920471,4.789276
1618,I,198071133027231,-1.2359161,0.6375122,9.046402
1613,I,176649671897619,2.1739352,5.0224366,7.8158712
1650,I,358774457074000,-5.5372853,-3.8511915,-6.6437845
1625,I,708731165930151,-8.290176,-1.2110901,4.987076
1630,I,1559025245384641,3.6216278,3.2466278,7.6319275
1644,I,1817459281939000,-0.7448511,-9.16574,-0.852627
1602,I,101290583783122,-0.62428284,-1.6631165,9.010178
1613,I,176622058258568,2.309806,4.8901567,7.86615
1604,I,16332903330316,5.1312866,6.155777,4.7721252
1601,I,259706697439284,-4.3538556,0.39923313,8.642469
1625,I,708871311201786,-7.8513336,-0.8841553,5.488037
1623,I,4302122035575,2.9187622,-2.378357,-9.48259
1646,I,1466402008509000,-9.283096,-0.88376224,1.4920973
1602,I,101348954155613,-0.46203613,-2.1352386,8.946625
1607,I,290315456903574,-5.3402667,0.0077811554,-8.74961
1648,I,461754959680000,-9.093889,0.11256592,-2.8907888
1637,I,14052014043325,-8.8127575,-3.4974797,2.3789387
1609,I,40463380123765,7.2736816,-6.013794,-2.0530396
1620,I,940938876319859,1.1188812,8.4999695,-5.2646484
1640,I,171405831455691,-7.225701,-2.2571337,4.9860744
1650,I,358765106156000,-5.4247193,-4.9624805,-6.047425
1645,I,1130767173300000,7.9873905,-4.5768824,-3.5542092
1604,I,16358281752202,6.3561707,5.031128,4.434494
1614,I,83729583638000,4.3541455,7.2593045,5.927674
1617,I,266784854613648,-8.4201355,-1.36763,4.601822
1627,I,440999185511679,-0.33970642,0.10481262,9.124252
1609,I,40590624670332,7.548126,-5.814728,-0.3131256
1642,I,1470259418262000,-3.3123121,4.4834766,8.231683
1636,I,504040150343125,0.63142395,-9.316162,2.0789642
1644,I,1817613414533000,-1.2741505,-9.172925,-0.43110353
1603,I,10706955506076,6.271013,1.2228385,7.3753386
1602,I,101337272023952,-0.95210266,-1.2291718,8.988556
1626,I,597446267348809,4.862625,-5.007477,-7.177765
1645,I,1130697810011000,7.7478886,-4.655918,-3.8847218
1606,I,125665131116566,-9.5881195,-2.4900208,-1.3583984
1607,I,290305361867484,-5.6706667,0.045489833,-8.542512
1625,I,708900899212628,-7.8961945,-0.7780304,5.418457
1638,I,1138353497324459,-6.4725747,-6.5384154,3.3125277
1614,I,83714668122000,4.3397756,7.3072047,5.7959476
1613,I,176527925127612,2.0548236,5.360019,7.639299
1608,I,42519416244029,-1.4034729,-0.04096985,8.974136
1635,I,678781411815058,-7.2219086,-0.42276,6.2349243
1636,I,504070161300058,0.7397156,-9.227524,2.1655273
1646,I,1466498862655000,-8.804092,-2.0812721,-2.1315675
1623,I,4358619229220,2.9171753,-2.4090118,-9.492477
1633,I,693025672925790,-0.118133545,-9.418091,-2.6346588
1629,I,605467552184623,-5.522949,5.396469,-6.8536987
1635,I,678861796958564,-7.3664856,0.6219635,6.10437
1625,I,708884624780576,-8.045761,-0.74612427,5.354965
1636,I,504040553175157,0.58595276,-9.292023,2.0918121
1640,I,171379586179681,-4.402937,-6.025607,6.427384
1637,I,14186669410945,-0.187047,-4.582053,8.589049
1648,I,461800722571000,-9.062755,0.09101075,-2.8931837
1644,I,1817473409538000,-0.92208254,-9.158555,-0.7448511
1610,I,16757825773598,8.225357,-1.8671265,3.9519348
1602,I,101239685966849,-0.5485382,-1.6437225,8.965118
1642,I,1470253291931000,-3.3123121,4.4738965,8.464
1635,I,678887175385502,-7.32428,0.6555786,6.0498962
1600,I,245772265558779,2.9842682,6.909607,5.481552
1627,I,441021079443492,-0.32780457,0.09326172,9.141556
1641,I,1219161636247000,8.684341,-0.26345217,-4.991221
1650,I,358763171453000,-5.4319043,-4.176914,-6.454578
1627,I,441048874828775,-0.31629944,0.0970459,9.090668
1602,I,101363375549826,-0.56092834,-1.7812195,8.991928
1650,I,358727722401000,-5.49657,-4.361331,-6.2677665
1607,I,290267131842082,-4.0719385,0.19812019,-9.1590185
1642,I,1470344321301000,-4.0906935,3.5661843,8.358619
1635,I,678915232605186,-7.1167145,0.93888855,6.234665
1604,I,16412915841830,5.8463287,5.267029,4.965378
1602,I,101342367851902,-0.6702423,-1.6355743,8.982239
1605,I,180968886492788,6.6630635,0.059855044,7.1341224
1613,I,176524453493603,2.3355439,5.1559134,7.716512
1605,I,180846898625128,6.6145806,0.31184477,7.16405
1644,I,1817577057416000,-1.8058448,-9.08431,-0.30416748
1635,I,678945082470143,-7.209564,0.8343048,6.2043457
1618,I,198121688452595,-1.2661438,0.5450287,9.128296
1611,I,2501241248061,9.264145,-1.4455566,0.9418793
1637,I,14188019302355,-1.6379333,-3.284396,8.684817
1614,I,83586757898000,4.2918754,7.422166,5.750442
1645,I,1130687169771000,7.6137676,-4.6104126,-3.9829175
1631,I,1553314295666361,-2.0493164,1.2570343,8.934174
1601,I,259685308611480,-4.334702,0.43514615,8.616732
1627,I,441009175729358,-0.34918213,0.054367065,9.156143
1639,I,183284025158051,-7.0272813,-6.592883,0.89303726
1640,I,171395032719321,-8.336611,-0.39923313,5.2470427
1645,I,1130794055977000,7.3838453,-5.1732426,-3.788921
1648,I,461645055657000,-8.725057,0.33290774,-3.7937112
1617,I,266660782368300,-8.732956,-0.8592987,3.9797058
1639,I,183357209245221,-4.2931027,-6.104466,6.217742
1610,I,16789196301888,8.088837,-1.832901,4.556366
1600,I,245825691153129,4.0832214,6.1845093,5.7843933
1621,I,169808169086237,-0.45609543,9.111135,-4.243124
1628,I,1137531858052896,4.407135,-4.874527,6.511551
1612,I,7678536411821,-9.002548,2.2688904,2.8994904
1622,I,290620173952185,-9.805832,-1.4690094,0.54252625
1614,I,83652631986000,4.4116263,7.316785,5.846243
1606,I,125738597600051,-9.182327,-3.8480682,-0.49858093
1614,I,83606856301000,4.263135,7.4652762,5.695357
1650,I,358703539326000,-5.381609,-4.514612,-6.2821364
1641,I,1219278265604000,9.163345,0.22273682,-4.1002736
1625,I,708822487931527,-8.287369,-1.1995239,4.82576
1615,I,166876033110484,6.3634186,3.0154724,-7.225662
1632,I,2413743881981,-1.6498566,-1.7996216,9.2352295
1631,I,1553240577406133,-1.9712982,0.7210083,8.926163
1613,I,176569744004315,2.1613655,5.370793,7.599795
1629,I,605483212281466,-7.0504303,4.8941956,-5.659027
1619,I,171470765713470,-5.5389857,-3.663727,7.08983
1624,I,517752826760164,6.4990845,-4.856262,-5.6883698
1623,I,4417180940408,3.1390839,-2.5712433,-9.363129
1603,I,10811104814474,7.387908,0.29628247,6.987478
1641,I,1219265633307000,9.256751,0.39757326,-3.8464015
1640,I,171438924436641,-7.7931266,-3.5691562,5.12015
1641,I,1219274860738000,9.129815,0.23710695,-4.0906935
1644,I,1817543764848000,-1.9782863,-9.041199,-0.19878663
1642,I,1470402259722000,-3.999683,3.3410523,8.440049
1644,I,1817618775250000,-1.4154567,-9.187295,-0.5125342
1618,I,198094648366436,-1.4040375,0.8754883,9.061356
1604,I,16343578395386,6.9254303,3.7843018,4.649475
1645,I,1130677738476000,7.690408,-5.108577,-3.3386574
1608,I,42567101465337,-1.1509094,-0.49168396,9.106949
1649,I,1164556259793699,8.346188,-1.6484078,-5.628768
1600,I,245717933569609,2.9906006,6.928131,5.5065002
1635,I,678909754089561,-7.281143,0.8352814,6.0920563
1602,I,101351572574247,-0.9819031,-1.2857666,9.0433655
1646,I,1466409566104000,-9.125025,-0.9627979,1.9639161
1649,I,1164604543057705,7.9708962,-1.1180922,-6.485294
1641,I,1219237004902000,9.050779,0.92926764,-4.3637257
1609,I,40606083360724,7.2858276,-6.0054474,-1.9058533
1632,I,2514502224863,-3.3770294,-1.5296631,8.466309
1616,I,194981709061840,-0.16278076,0.009475708,9.232162
1649,I,1164627007299714,7.4854717,-1.0432734,-6.91625
1627,I,441009900827014,-0.31359863,0.10877991,9.155945
1635,I,678789146203527,-7.2767487,-0.95513916,6.1358795
1625,I,708862650299027,-7.958786,-0.70610046,5.3810577
1617,I,266633037300036,-8.725754,-0.8529053,4.036194
1601,I,259830917997363,-4.5902834,0.52732295,8.498817
1600,I,245799356008390,3.09964,6.802658,5.515442
1641,I,1219332420458000,8.943004,0.20357667,-4.5601172
1638,I,1138340302107479,-5.986552,-6.8783917,3.8727708
1612,I,7645907003035,-9.059296,2.2407532,2.9236603
1604,I,16358382460209,6.4602203,5.202194,4.400711
1608,I,42572539709393,-1.0984344,-0.53941345,9.1683655
1620,I,940886850569263,0.94262695,8.836334,-4.7176514
1645,I,1130777591787000,7.951465,-4.502637,-3.6116896
1648,I,461669378255000,-8.926238,0.17962648,-3.391348
1618,I,198059249489931,-1.2717743,-1.0485382,9.072418
1648,I,461773538743000,-9.09868,0.12933107,-2.9099488
1649,I,1164496443121534,8.126519,-1.6035166,-5.851429
1646,I,1466528224650000,-9.299861,-1.0849439,0.8047266
1634,I,77099261049406,-4.6979523,-3.3680267,7.500931
1628,I,1137459931278428,3.9548798,-6.1885986,6.325348
1602,I,101328268725682,-0.6314392,-1.9111633,8.950577
1605,I,181000929279028,6.654085,0.12569559,7.1448965
1648,I,461680542126000,-8.907078,0.10538086,-3.396138
1630,I,1558976200585536,3.3837738,3.0601044,7.8773346
1639,I,183246133436181,-6.9554553,-6.837092,0.2657564
1646,I,1466459322735000,-9.323812,-1.2789404,1.6453785
1635,I,678897508008638,-7.2519073,0.9721985,6.090851
1600,I,245761942976566,3.0258484,6.966202,5.431427
1604,I,16306064660828,5.1549377,6.242447,4.6832886
1614,I,83715201982000,4.3301954,7.3455253,5.7815776
1629,I,605615592942756,-6.8960724,4.128174,-6.457855
1622,I,290464932557416,-8.496002,-4.80513,1.1975098
1613,I,176513998749128,2.0895395,5.294777,7.603386
1625,I,708829960468143,-8.350922,-1.227478,4.7117157
1627,I,441042590655746,-0.3052063,0.08151245,9.201111
1604,I,16415836374056,5.8166504,5.244812,4.977417
1621,I,169737259953973,1.3437457,8.552687,-4.276643
1612,I,7641526195149,-9.074417,2.2937622,2.8694305
1646,I,1466397071524000,-9.4507475,-0.9627979,1.092129
1614,I,83727506533000,4.373306,7.201824,5.9061184
1634,I,77111295657881,-4.623642,-3.6508636,7.264282
1650,I,358742172130000,-5.3863993,-4.1793094,-6.4928985
1619,I,171420008332502,-5.533599,-3.4793737,7.20535
1602,I,101368954773459,-1.0444489,-1.143753,9.021164
1627,I,441108272434579,-0.29431152,0.096343994,9.106888
1630,I,1558955152590236,3.2273865,2.9260406,7.9683075
1642,I,1470383840474000,-3.9589674,2.8357031,8.4448395
1625,I,708795961451792,-7.9833374,-0.666687,5.25264
1602,I,101260270692196,-0.7739258,-1.4522095,9.096436
1621,I,169777642906822,-1.3611037,8.74123,-4.6321816
1621,I,169751146781676,-0.017956512,9.011177,-3.6224272
1624,I,517704033734423,6.263199,-4.916931,-5.485199
1612,I,7677579685747,-9.0108185,2.2947083,2.9513702
1612,I,7666501802411,-9.025848,2.3094025,2.938202
1610,I,16823688808531,8.114532,-1.7159424,4.1555023
1623,I,4384803308597,2.7404175,-2.539978,-9.55629
1617,I,266657459004042,-8.927536,-0.3758545,3.6759644
1633,I,693040829499557,-0.18678284,-9.261047,-3.1760101
1600,I,245842912204303,3.8873138,6.0938873,5.747284
1634,I,77098807863371,-4.2581787,-3.5050812,7.326248
1624,I,517783945544642,6.337143,-5.3659973,-5.2413177
1638,I,1138355246853229,-6.4462385,-6.322937,3.3628058
1636,I,504016030753255,0.5808563,-9.351547,1.8693237
1629,I,605633216847411,-6.865677,4.18869,-6.423706
1613,I,176644643885901,2.1936872,5.0224366,7.8906903
1627,I,441014976510608,-0.32859802,0.045837402,9.126114
1633,I,693120640586112,-0.6537018,-9.274765,-3.5045319
1641,I,1219329901959000,8.964559,0.16525635,-4.5481424
1605,I,180900967560057,6.6983776,0.21547815,7.128137
1605,I,181005159072674,6.6492968,0.16639702,7.1466923
1601,I,259705340351943,-4.3341036,0.362123,8.671799
1642,I,1470311089784000,-3.7098854,3.6931202,8.533455
1606,I,125778075126359,-9.607727,-1.8860168,-2.5078735
1641,I,1219187021301000,8.650811,-0.086220704,-5.0918117
1604,I,16416692392123,5.8306427,5.2473145,4.97023
1648,I,461769951840000,-9.093889,0.12454102,-2.919529
1619,I,171394070462407,-5.6269727,-3.1962593,7.2664022
1626,I,597585143703639,4.988968,-4.7377167,-7.2799683
1644,I,1817525647396000,-1.1496094,-9.18011,-0.7448511
1623,I,4280419449484,2.878891,-2.4114532,-9.521881
1602,I,101343838188816,-1.1416626,-1.0639496,9.179733
1603,Q,8080538111054,8.318055,1.2797008,5.0182467
1627,Q,440103107665403,0.8214569,-8.429855,4.0104523
1618,Q,198247170638788,-0.56588745,-0.46174622,9.167664
1625,Q,705359058994419,-4.1767426,-7.0055084,4.891861
1610,Q,17412931374152,8.438293,3.8341675,1.8375854
1603,Q,8053483136482,2.77069,6.245275,8.148665
1608,Q,44138771550212,1.3910217,1.9663391,8.857101
1623,Q,1036470904294,5.099823,-2.7165375,-8.305237
1628,Q,1136183165218151,4.0498505,-1.9346771,7.348068
1643,Q,707773549121000,3.3290772,-4.6104126,-7.8197393
1637,Q,13781628592752,0.77602065,-8.041675,6.4395046
1609,Q,40375713796950,8.069443,-4.5180664,-2.8482513
1613,Q,175193580575322,0.99060094,4.6441526,8.465898
1640,Q,170112907074584,0.45444942,-3.3728316,8.870069
1647,Q,1217005956311550,6.0567317,-5.1361613,-6.083068
1613,Q,175064288521676,1.0169371,4.6363716,8.409634
1646,Q,1464702141491000,-9.041199,-1.5423926,2.2513185
1620,Q,942158290304010,-3.4574738,9.24025,-1.3083038
1645,Q,1129217840387000,3.9254372,-2.6081765,-8.669971
1648,Q,462447799202000,-9.081915,0.58677983,-2.931504
1642,Q,1469197112897000,-3.7410207,1.2046949,8.981323
1629,Q,603996838963442,4.329651,6.614975,4.9248047
1604,Q,15789432584060,4.537781,5.489731,5.8857574
1602,Q,98692144940231,-1.624588,-0.5561371,9.054001
1629,Q,604102380935948,4.5877533,5.9546204,5.354538
1648,Q,462420432617000,-8.899893,0.44786867,-3.3817677
1600,Q,245019221413775,1.7794495,9.200424,2.0325317
1632,Q,4046019270874,5.259491,-7.968033,-1.5475464
1603,Q,8194864892156,8.321048,1.0965444,4.9865236
1612,Q,6981536268315,-9.694962,0.65475464,1.8370209
1645,Q,1129176308467000,3.8320315,-2.5123756,-8.703502
1619,Q,172384366681039,-4.909311,-5.254674,6.542156
1614,Q,85016207681000,-0.47900394,9.10347,4.8163843
1635,Q,679302011804942,-7.516693,-4.783478,3.7711334
1626,Q,596405641499931,5.388855,-5.4718933,-6.304245
1625,Q,705394991620876,-4.2175903,-7.049347,4.8990326
1606,Q,122579137043999,-7.168915,-6.0639343,1.4052429
1624,Q,516087093674029,7.3013916,-2.5095978,3.8432922
1623,Q,1104227258615,5.1841583,-2.4633331,-8.315323
1646,Q,1464613597781000,-8.883128,-1.6501685,2.694397
1614,Q,85041270863000,-0.44307864,9.096285,4.775669
1629,Q,604123932460247,4.70813,5.9231567,5.396042
1650,Q,357111095893000,-5.958809,-4.84752,-5.0726514
1608,Q,44063139830063,1.2563171,2.210846,8.77861
1628,Q,1136337600933893,4.300583,-6.366913,5.1571655
1638,Q,1137043673624925,-0.65391636,-9.036166,-5.1017447
1621,Q,170669030561949,-5.2504845,8.12592,-0.11731588
1614,Q,84996643966000,-0.60833496,9.134604,4.7469287
1627,Q,440089028672782,0.559433,-8.459183,4.1098633
1635,Q,679366666342871,-7.545212,-4.644165,3.7457275
1616,Q,196230840848225,-9.4096985,2.1302185,2.0285492
1623,Q,1080077496275,5.2684784,-2.3773193,-8.365234
1621,Q,170719987565837,-6.39611,7.357382,0.29927522
1627,Q,440008603276509,0.6746521,-8.421494,4.1322937
1608,Q,44134239689860,1.4002991,2.008438,8.8819275
1623,Q,1002512172494,5.327759,-2.246292,-8.519699
1603,Q,8062344000175,8.356961,1.4796166,4.883573
1646,Q,1464639008407000,-8.971744,-1.587898,2.5195606
1636,Q,502209178048434,4.768341,8.224487,1.6514282
1608,Q,44103473392508,1.3009949,2.0787811,8.79422
1614,Q,85015851620000,-0.5245093,8.986114,4.8594947
1646,Q,1464621597758000,-8.931028,-1.6429834,2.6153615
1608,Q,44070692930649,1.3026428,2.1623535,8.814819
1624,Q,516176270604368,-0.2604828,0.071884155,9.174591
1627,Q,440146996205333,0.3821411,-8.505081,4.1572266
1644,Q,1816140033590000,1.7531544,-9.204061,1.089734
1607,Q,287076722196574,-5.081693,-7.1592617,4.321534
1649,Q,1162665767160185,3.271078,-1.6286557,-9.655815
1606,Q,122592430510659,-8.041855,-5.5724335,1.1715698
1648,Q,462399474520000,-9.333391,0.5963599,-1.9806812
1620,Q,942147531318794,-3.4667053,9.251465,-1.4710541
1650,Q,357215619189000,-2.8859987,-4.6104126,-7.8269243
1625,Q,705438275918215,-4.296829,-6.8979187,4.8937836
1616,Q,196108530977795,-8.1427765,4.5746613,2.9722137
1647,Q,1217004241868946,5.9262476,-5.4114943,-6.0405707
1614,Q,84938308252000,-0.6227051,9.086704,4.646338
1616,Q,196141462493350,-8.330109,4.489334,2.720337
1646,Q,1464677839366000,-9.026829,-1.5016773,2.3806496
1642,Q,1469216921251000,-3.5829494,1.0035132,9.2184305
1643,Q,707842393721000,3.3530276,-4.5601172,-7.8652444
1644,Q,1815990041358000,-2.1698878,-8.020921,4.526587
1642,Q,1469270321315000,-3.6763551,1.1472144,9.115445
1642,Q,1469246442360000,-3.642825,1.2454102,9.101074
1638,Q,1137088506852495,-0.12479776,-9.783157,-1.3045406
1600,Q,245132568271035,2.1475067,9.330582,1.286026
1604,Q,15925589800570,4.0901337,5.2764435,6.273987
1630,Q,1557647358409872,-9.194061,2.0765991,-4.0609283
1629,Q,604122975734173,4.617325,5.9122467,5.4246216
1638,Q,1137177187180005,-0.43125558,-9.522189,-1.6804303
1627,Q,440120046772130,0.6467743,-8.456375,4.114044
1601,Q,259446364304175,-4.3688197,1.7375919,8.4587145
1646,Q,1464731763420000,-9.101074,-1.6573536,1.9423609
1643,Q,707760409009000,3.3290772,-4.629573,-7.8029737
1627,Q,440101677603116,0.6318817,-8.4944,4.1050262
1647,Q,1217041031475390,5.796961,-5.681441,-5.952584
1635,Q,679278093668590,-7.380249,-4.7167206,3.8520355
1632,Q,4137260724604,5.2074738,-7.948868,-1.3295593
1646,Q,1464625406128000,-8.959768,-1.6046631,2.703977
1641,Q,1215862568277000,5.592371,-5.5947657,-5.6738014
1646,Q,1464602151890000,-8.928633,-1.7747096,2.5890162
1642,Q,1469205878470000,-3.9757326,1.2957057,8.952583
1635,Q,679355135275287,-7.5374603,-4.7171173,3.7756042
1623,Q,1084146099790,5.2249603,-2.4684296,-8.329605
1639,Q,181476090367040,-2.4491186,-9.544186,2.0397103
1632,Q,4046119978882,5.250046,-7.9416656,-1.516098
1619,Q,172394183036660,-5.0062757,-5.133168,6.59004
1621,Q,170673419585645,-5.2840033,8.174403,0.009576807
1614,Q,84980165899000,-0.4047583,9.14658,4.7636943
1638,Q,1137079210059615,-0.40252516,-9.730485,-0.51445407
1642,Q,1469255510281000,-3.6763551,1.0657837,9.16095
1627,Q,440168487301866,0.1194458,-8.525375,4.060669
1628,Q,1136175612124994,-0.06329346,0.051086426,9.127274
1640,Q,170170795938394,0.9811738,-2.4438813,9.612271
1646,Q,1464729949918000,-9.062755,-1.6429834,2.0333717
1633,Q,691822010815373,-1.2634277,-4.982849,-8.9631195
1607,Q,287029675654977,-4.9643774,-7.1604586,4.4538136
1610,Q,17383373563948,8.445877,3.7848816,1.8084106
1639,Q,181491286646060,-1.5608698,-8.179491,3.1099184
1642,Q,1469204508191000,-3.6452198,1.0777588,9.175321
1625,Q,705423693386350,-4.1090546,-7.026306,4.828003
1635,Q,679232875752553,-7.57428,-4.878525,3.6085205
1643,Q,707730581935000,3.319497,-4.734954,-7.7383084
1621,Q,170667035271742,-5.2995653,8.200739,0.0688333
1612,Q,7016481950410,-9.690491,0.62927246,1.7609711
1614,Q,85080101526000,-0.30895755,9.11784,4.761299
1637,Q,13893381773072,1.6451159,-7.0313215,6.834548
1622,Q,290837048619668,-3.065384,-9.2191925,0.16571045
1641,Q,1215898251942000,5.728887,-5.5253105,-5.613926
1606,Q,122583266072319,-6.938919,-6.071228,2.136673
1628,Q,1136269371261901,4.336487,-6.480606,5.041931
1643,Q,707779454043000,3.3123121,-4.5960426,-7.800579
1648,Q,462494733774000,-9.041199,0.5724097,-3.032095
1626,Q,596440033300862,5.0242615,-5.4173737,-6.649002
1610,Q,17475068200652,8.458817,3.7822723,1.8320007
1611,Q,2317298045992,9.164291,-1.4294586,1.3576508
1626,Q,596437565946973,5.0850067,-5.692505,-6.3946686
1612,Q,6996592129404,-9.691513,0.6242981,1.7428589
1650,Q,357205019700000,-3.2117214,-4.3206153,-7.8652444
1610,Q,17506438752818,8.419693,3.7949982,1.8236694
1645,Q,1129116539938000,4.0739284,-2.8285182,-8.5119
1627,Q,440137650518322,0.6356659,-8.407394,4.1457214
1647,Q,1216982693166038,5.967548,-5.397728,-6.1117983
1607,Q,287061516978402,-5.1361613,-6.865972,4.541202
1608,Q,44178853345156,1.4476471,1.9000397,8.817184
1649,Q,1162560143103195,3.1334114,-1.6196774,-9.68694
1631,Q,1551564292608397,3.164627,4.2169647,7.5118866
1646,Q,1464723682876000,-9.012459,-1.5088624,2.2273684
1627,Q,440093298696866,0.61805725,-8.533524,4.189453
1645,Q,1129248006991000,3.9014869,-2.565066,-8.667576
1629,Q,604016779130654,4.3836365,6.5571594,4.9428253
1613,Q,175063610155632,1.073201,4.6537294,8.424597
1601,Q,259432717619337,-4.3580456,1.7328035,8.461109
1633,Q,691903987149200,-1.4138794,-4.772888,-9.018875
1617,Q,268107720792692,-3.791504,-7.970398,3.6789856
1619,Q,172249094129892,-5.4162827,-4.667496,6.5882444
1623,Q,1174944430965,5.202011,-2.390152,-8.299759
1628,Q,1136324659954997,4.2896423,-6.4147644,5.038437
1629,Q,604106509962486,4.634735,5.9222107,5.4446106
1646,Q,1464690131477000,-9.038804,-1.5376027,2.2321582
1647,Q,1217039556501900,5.744887,-5.6521115,-5.9980736
1614,Q,84967347474000,-0.6849756,9.168135,4.533772
1608,Q,44050601706925,1.2209167,2.0930786,8.841232
1641,Q,1215817354021000,5.508545,-5.6666164,-5.6354814
1626,Q,596342547952262,5.1747894,-5.4802246,-6.592987
1633,Q,691871408109399,-1.2516022,-5.453079,-8.618423
1650,Q,357119660294000,-4.184099,-4.5553274,-7.180269
1608,Q,44072455320785,1.2548676,2.1301117,8.841614
1641,Q,1215821282875000,5.53489,-5.6857767,-5.630691
1636,Q,502221363700250,4.788162,8.280624,0.869751
1601,Q,259570544898086,-3.4410665,0.521936,9.015367
1629,Q,604050415611569,4.4870453,6.3097076,5.156143
1646,Q,1464736841566000,-9.065149,-1.6190332,2.0429518
1606,Q,122517755500572,-8.492111,-4.8572235,0.81010437
1625,Q,705530826566770,-4.2577972,-6.928772,4.8845215
1629,Q,604102632705967,4.678177,5.9233246,5.375931
1645,Q,1129175321106000,3.906277,-2.548301,-8.693921
1621,Q,170694169931263,-5.4342394,8.102577,0.3854665
1622,Q,290693942544160,-2.994934,-9.224518,0.7846985
1602,Q,98708761766979,-1.7740326,-0.8069916,9.048492
1602,Q,98648488019887,-2.1369781,-1.5145264,8.755142
1627,Q,440166271725694,0.08985901,-8.461792,4.1220245
1646,Q,1464615572457000,-8.926238,-1.6765138,2.672842
1619,Q,172387559006922,-4.995502,-5.1648917,6.579266
1629,Q,603979416468126,4.1946716,6.69487,4.8464813
1607,Q,286969897856563,-4.8219223,-7.0742674,4.3544545
1611,Q,2293430261401,8.980652,-1.2850189,2.1273804
1635,Q,679353372885150,-7.5276337,-4.7218475,3.7360687
1642,Q,1469164669765000,-3.671565,1.2478052,9.148975
1645,Q,1129233901095000,3.8272414,-2.4764502,-8.705896
1645,Q,1129256550774000,5.752837,-2.2632935,-7.7407036
1642,Q,1469159672302000,-3.8344264,1.2741505,9.029224
1623,Q,1058767685860,5.2141113,-2.5962067,-8.2603
1615,Q,167417489730873,1.0969391,-8.613892,-4.8279114
1617,Q,268103591757766,-4.565323,-7.8255157,3.168106
1618,Q,198239718246209,-0.595047,-0.5092621,9.148392
1634,Q,75504549756311,-3.5099487,-3.4858246,7.9037323
1645,Q,1129249236231000,4.2056546,-2.5243506,-8.5430355
1634,Q,75626758922388,-3.84346,-2.5620728,8.103043
1641,Q,1215922692660000,5.8821683,-5.4199295,-5.5875807
1650,Q,357151760579000,-3.05844,-4.7133985,-7.688013
1630,Q,1557710804461651,-9.077042,1.9521942,-4.4746857
1624,Q,516135232102217,-0.24049377,0.020401001,9.148117
1644,Q,1816072463501000,1.8441651,-9.129815,1.3771362
1619,Q,172259068524888,-5.4007206,-4.5555673,6.6445084
1650,Q,357277967381000,-3.1302907,-4.414021,-7.838899
1633,Q,691845576486166,-0.56282043,-4.208313,-9.360123
1627,Q,440073519667742,0.14935303,-8.50116,4.095886
1644,Q,1816070226719000,2.4884255,-8.919053,2.071692
1604,Q,15855950205562,4.7044373,5.256317,6.008087
1633,Q,691830520642033,-1.4277802,-5.250229,-8.720856
1641,Q,1215881186018000,5.7767873,-5.5636306,-5.5372853
1635,Q,679297278528575,-7.4630737,-4.83963,3.7602081
1643,Q,707719880534000,3.302732,-4.761299,-7.7407036
1650,Q,357197483179000,-2.9458742,-4.4595265,-7.9394903
1609,Q,40349328285988,8.157532,-4.45253,-2.6808472
1642,Q,1469148165704000,-3.6859353,1.346001,9.091495
1615,Q,167482949916150,1.7695923,-8.784241,-4.251114
1628,Q,1136333270485314,4.2471924,-6.4534454,5.153839
1623,Q,1174743014950,5.241745,-2.390747,-8.256424
1612,Q,6948755809327,-9.667404,0.6279602,1.7665863
1604,Q,15846735444439,4.617737,5.246582,5.979233
1604,Q,15877401039269,4.5380707,5.220337,6.14357
1632,Q,4168681599943,5.3448944,-7.9443054,-1.1786957
1636,Q,502343824659715,4.464432,8.50528,0.7275696
1621,Q,170745566236452,-6.330868,7.3986816,0.40641573
1649,Q,1162515811415294,3.165733,-1.6531962,-9.72824
1603,Q,8192351005282,8.3551655,1.1815386,4.993108
1617,Q,268139594890740,-4.6665344,-7.8675385,3.1156006
1637,Q,13878385082252,2.0545244,-8.261941,6.382044
1632,Q,4033783238388,5.2167206,-7.922638,-1.5584564
1607,Q,287012556968369,-4.8398786,-7.156269,4.510676
1646,Q,1464699803978000,-9.038804,-1.5232325,2.1818628
1612,Q,6910889589481,-9.726944,0.59684753,1.6264191
1627,Q,440009972905415,0.5897522,-8.511719,4.0991974
1617,Q,267995934908564,-3.6472626,-8.245148,3.2226105
1624,Q,516084727035845,6.6868744,-3.8981476,-6.2179413
1609,Q,40407889988294,7.9401093,-4.755142,-2.700653
1612,Q,6868038355245,-9.704544,0.60717773,1.5370331
1625,Q,705407580112242,-4.2005157,-7.0060883,4.792816
1619,Q,172234926687501,-5.4504004,-4.6842556,6.567295
1637,Q,13808900823912,-0.21039048,-4.287566,8.086716
1618,Q,198228741070022,-0.5440674,-0.50686646,9.158478
1628,Q,1136219017253307,4.305832,-6.5219116,5.058975
1608,Q,44157855727913,1.4297943,1.9438629,8.823929
1627,Q,440046570186680,0.6428833,-8.413773,4.14534
1613,Q,175125223950922,0.80205756,4.6034513,8.507795
1603,Q,8090835021571,8.300098,1.3431472,5.007473
1650,Q,357263619293000,-3.0943654,-4.631968,-7.7215433
1649,Q,1162556752316321,3.305794,-1.6819267,-9.661202
1630,Q,1557583509532695,-9.255157,1.9803925,-3.9006653
1620,Q,942089976701004,-3.005371,9.384872,-1.4171753
1650,Q,357217674566000,-3.0895753,-4.4834766,-7.8772197
1642,Q,1469321182472000,-3.7601807,1.0130934,9.139395
1648,Q,462467508243000,-8.878338,1.0322535,-3.171006
1602,Q,98714854604485,-1.7506104,-0.67466736,9.04509
1636,Q,502359333673103,4.5272827,8.44458,0.87210083
1646,Q,1464613899955000,-8.873548,-1.6429834,2.7542725
1646,Q,1464652952867000,-8.974138,-1.5543678,2.44292
1618,Q,198243545150506,-0.56170654,-0.5479431,9.125107
1645,Q,1129240087405000,3.9374123,-2.5267458,-8.693921
1600,Q,245025918505379,2.1311035,9.196808,1.8552246
1650,Q,357137695318000,-2.6704469,-5.1564775,-7.573052
1617,Q,268013659504720,-4.233902,-8.166779,2.7543488
1642,Q,1469149012054000,-3.6548,1.3028907,9.14658
1623,Q,1015584096228,5.1826324,-2.8008423,-8.249924
1640,Q,170000895031424,1.3474866,-4.2299557,8.860492
1622,Q,290849083226191,-3.1164093,-9.242401,0.11238098
1618,Q,198329851910452,-0.6071472,-0.35528564,9.12883
1606,Q,122651294339994,-7.6117706,-5.7599945,1.7061615
1603,Q,8145822994519,8.241441,1.3245921,4.9045224
1622,Q,290743289491862,-3.0016785,-9.239075,0.66233826
1642,Q,1469155702529000,-3.7218604,1.3004956,9.077125
1627,Q,440157651126606,0.48918152,-8.45459,4.0715027
1629,Q,604013908952431,4.352936,6.576874,5.001526
1646,Q,1464717436116000,-9.043594,-1.5471827,2.2728736
1639,Q,181553426591500,-3.2870893,-10.40131,0.08604162
1627,Q,439998653329450,0.14511108,-8.633545,3.844986
1605,Q,180505024144011,8.843582,2.3529017,3.4943373
1623,Q,1042291833732,5.135605,-2.6762695,-8.318558
1619,Q,172401924743167,-4.996699,-5.0703206,6.6085954
1625,Q,705360891880161,-4.1921387,-7.077606,4.865036
1618,Q,198367113881007,-0.57484436,-0.37332153,9.15271
1647,Q,1217030497358883,6.1650696,-5.4300494,-6.153697
1603,Q,8092710956362,8.166023,1.271321,4.9907136
1631,Q,1551536597930408,3.0513458,4.1778717,7.5239105
1613,Q,175174425511996,0.88046765,4.605247,8.463503
1629,Q,604122774318158,4.6775513,5.9917603,5.395996
1638,Q,1137119600024225,0.27503392,-9.730485,-0.9190742
1648,Q,462467709759000,-8.947793,1.1567944,-3.1446607
1635,Q,679306191187266,-7.541321,-4.7318115,3.7659454
1602,Q,98743455681540,-1.6541138,-0.72457886,9.116989
1644,Q,1816059566330000,-2.064507,-7.817344,4.8283596
1646,Q,1464735753420000,-9.067544,-1.585503,2.0453467
1604,Q,15866323135424,4.6449585,5.291504,5.9669952
1605,Q,180419549178523,8.546701,2.6426,3.9055414
1615,Q,167510493574899,1.7516327,-8.683929,-4.483124
1643,Q,707797531938000,3.319497,-4.5960426,-7.810159
1628,Q,1136300892868770,4.354889,-6.4915466,5.090164
1606,Q,122517956916587,-8.448166,-4.9059296,0.7446747
1611,Q,2235623859334,9.070023,-1.5307007,1.8172913
1620,Q,942069197299138,-2.9213867,9.453751,-1.228836
1627,Q,440115232929356,0.52893066,-8.403442,4.1578064
1635,Q,679277992960582,-7.5737762,-4.871109,3.723526
1625,Q,705396320966579,-4.149536,-6.9675903,4.9703674
1616,Q,196138340524992,-8.252228,4.4468536,2.7593384
1615,Q,167555157565887,1.7402039,-8.573654,-4.654007
1618,Q,198230352380996,-0.61683655,-0.54881287,9.136826
1627,Q,440161921146137,0.12094116,-8.4135895,4.0579834
1600,Q,245183677587275,2.0135498,9.346756,1.030899
1614,Q,85056245317000,-0.45505372,9.14179,4.7469287
1637,Q,13792611743332,0.8861539,-7.75437,6.1114993
1615,Q,167465426724582,1.8365936,-8.673279,-4.498001
1608,Q,44204131053917,1.3987732,1.9046173,8.815445
1647,Q,1217017448709670,5.931635,-5.6604915,-6.079477
1618,Q,198234783533340,-0.6158905,-0.5278778,9.122452
1627,Q,440100650381436,0.6556244,-8.425659,4.104065
1607,Q,286926841876474,-4.6657004,-7.185598,4.63697
1648,Q,462394073787000,-9.352551,0.56522465,-1.8968556
1648,Q,462429098272000,-8.933423,0.4622388,-3.3362625
1617,Q,267999056856806,-3.8182678,-8.206238,3.0791626
1648,Q,462322310776000,-8.032896,-0.43349856,3.1063404
1642,Q,1469182584028000,-3.7649708,1.2741505,9.024434
1625,Q,705356239173219,-4.1653748,-6.9588013,4.8688965
1642,Q,1469188669683000,-3.666775,1.3100758,9.105865
1646,Q,1464594756299000,-8.931028,-1.7771046,2.663262
1635,Q,679290329672699,-7.478119,-4.6826477,3.7565308
1640,Q,170108307990754,0.4424784,-2.5899277,9.008932
1631,Q,1551583276079570,3.1536865,4.3324127,7.513733
1627,Q,440121980365880,0.5591278,-8.450729,4.0667114
1648,Q,462431455964000,-8.923843,0.44786867,-3.3458424
1616,Q,196182752769409,-8.370529,4.3777924,2.7934875
1644,Q,1816071274363000,2.0046315,-8.976534,1.477727
1629,Q,604095734207432,4.6742554,5.8935394,5.4042053
1617,Q,268060388018230,-3.8202667,-8.009293,3.4874573
1630,Q,1557632453614161,-8.927582,2.185089,-4.582657
1601,Q,259432238273296,-4.5040917,1.6256629,8.476072
1612,Q,6968293185450,-9.691956,0.54685974,1.623291
1630,Q,1557720321375342,-9.04921,1.8847198,-4.49942
1611,Q,2209842601302,9.094376,-1.594696,1.6113586
1609,Q,40303153697963,5.922058,-6.350403,-0.052322388
1641,Q,1215811812948000,5.513335,-5.6785917,-5.625901
1642,Q,1469244407130000,-3.7601807,1.22146,9.057964
1623,Q,1170513278621,5.213257,-2.4383392,-8.380814
1648,Q,462368822762000,-9.335787,0.4766089,-1.9447559
1640,Q,170068065450874,0.4400842,-2.5037365,9.365668
1621,Q,170704505131520,-5.9962783,7.687782,0.27234045
1644,Q,1816141665886000,1.8441651,-9.137,1.0250684
1608,Q,44122003666981,1.3881989,1.9521942,8.856628
1643,Q,707815791012000,3.3362625,-4.5720925,-7.8436894
1647,Q,1217020042943368,6.179435,-5.4899044,-6.045359
1637,Q,13879634940042,1.1543045,-6.18138,7.5504146
1643,Q,707855533874000,3.3602126,-4.5864625,-7.824529
1645,Q,1129230615952000,3.8104763,-2.550696,-8.672366
1620,Q,942024971896673,-2.4328613,9.580902,-0.75138855
1627,Q,440142766485119,0.37191772,-8.42485,4.138153
1637,Q,13922577481402,0.8789713,-6.7631707,7.152977
1637,Q,13888982658552,0.39294836,-5.771971,7.8377185
1602,Q,98756497364356,-1.5218201,-0.9983978,8.995468
1621,Q,170681201142207,-5.254674,8.176199,0.005985504
1608,Q,44125981631348,1.415741,1.9822235,8.834534
1625,Q,705477048488914,-4.391449,-6.791504,4.989334
1610,Q,17396969154861,8.433823,3.868332,1.8297424
1642,Q,1469286522813000,-3.9901028,1.101709,9.0076685
1644,Q,1816062024870000,-2.0213966,-7.7383084,4.9002104
1622,Q,290768365786317,-2.958496,-9.412338,0.14277649
1639,Q,181530479717300,-1.1777976,-8.933664,3.816208
1646,Q,1464690272572000,-9.038804,-1.5519727,2.184258
1621,Q,170750354326397,-6.2883706,7.369353,0.45429978
1621,Q,170738901665674,-6.4002995,7.3962874,0.40342298
1633,Q,691846281442221,-0.85435486,-4.3360443,-9.297668
1619,Q,172245421484373,-5.4378304,-4.7081976,6.5762734
1634,Q,75520209859606,-3.5433502,-3.4312897,7.8690186
1623,Q,1096734577977,5.208618,-2.5039978,-8.331924
1605,Q,180380883304943,8.557475,2.822764,3.863643
1633,Q,691902124051056,-1.2896271,-4.685074,-9.096756
1616,Q,196247759786174,-9.431854,2.1367493,1.9258728
1631,Q,1551524714365763,3.142395,4.2946625,7.518051
1628,Q,1136258897622681,4.3449554,-6.484421,5.015152
1627,Q,439995652230818,-0.71383667,-9.14917,2.663147
1601,Q,259517912062012,-3.3871968,0.5614403,9.044097
1648,Q,462467528339000,-8.926238,1.0346485,-3.1207106
1629,Q,604109329786705,4.679306,5.9497833,5.3824615
1640,Q,170040374900584,0.6818986,-4.3544545,8.853309
1617,Q,268074285722740,-3.7750854,-8.002914,3.6025848
1607,Q,287043122445336,-4.995502,-7.1425023,4.4400473
1643,Q,707845396586000,3.3482375,-4.5625124,-7.8508744
1643,Q,707850152716000,3.3673975,-4.5816727,-7.8269243
1622,Q,290726420892427,-3.0010376,-9.164978,0.7045288
1643,Q,707850374400000,3.3626075,-4.641548,-7.8341093
1627,Q,440095453848233,0.44644165,-8.2934265,4.1365967
1639,Q,181469141861490,-1.3789105,-9.565734,3.4690487
1649,Q,1162556951245644,3.1483753,-1.6639702,-9.731832
1614,Q,84951996983000,-0.5604346,9.13221,4.646338
1646,Q,1464648015776000,-8.966953,-1.4920973,2.684817
1605,Q,180457817915122,8.587403,2.6007016,3.9354692
1639,Q,181442600043020,-0.92161804,-9.185056,3.6677673
1612,Q,6946892711182,-9.712326,0.57318115,1.7045441
1637,Q,13915329105692,1.1423335,-6.954707,6.3652844
1642,Q,1469265444879000,-3.7434156,1.2885206,9.031619
1633,Q,691864559962969,-1.3158875,-5.24144,-8.724976
1638,Q,1137151492843115,-0.55096567,-9.378537,-2.3627777
1650,Q,357244616698000,-3.0919704,-4.591253,-7.7646537
1645,Q,1129185638580000,3.7937112,-2.6225464,-8.686736
1635,Q,679306745081309,-7.62146,-4.75177,3.6911163
1650,Q,357131528804000,-4.282295,-4.6511283,-7.1203933
1610,Q,17472902978484,8.447296,3.74292,1.8414001
1640,Q,170008264950254,0.8327333,-4.44304,9.018509
1644,Q,1816011261694000,-2.0525317,-7.90117,4.6678934
1608,Q,44166466260051,1.4160767,1.950119,8.800705
1606,Q,122604465092327,-7.8303223,-5.820526,2.1739655
1643,Q,707735338078000,3.3362625,-4.7062135,-7.7383084
1635,Q,679391339800006,-7.524399,-4.7761383,3.7783966
1616,Q,196217194901277,-9.387848,2.0954437,2.0884552
1625,Q,705458780065763,-4.4775085,-6.745346,5.0291595
1644,Q,1816029398664000,-1.7866846,-8.162227,4.272715
1612,Q,6907515871219,-9.719086,0.55519104,1.687027
1642,Q,1469282029069000,-4.2511597,0.84544194,9.029224
1622,Q,290852859776484,-3.0345764,-9.244598,0.1511383
1604,Q,15919950152133,4.076355,5.186249,6.338913
1649,Q,1162641625976809,3.366846,-1.5478514,-9.634268
1628,Q,1136325969159099,4.2525787,-6.4746704,5.0892487
1613,Q,175092781900049,0.9187749,4.658518,8.437167
1621,Q,170687386341578,-5.2840033,8.173804,0.044891283
1649,Q,1162651242294567,3.210026,-1.5059528,-9.722853
1606,Q,122566901030327,-8.092926,-5.2971344,0.6737366
1610,Q,17525522910765,8.620285,3.5245056,1.4024506
1623,Q,1106644250803,5.2346954,-2.473755,-8.3146515
1613,Q,175201320650008,1.049259,4.693234,8.42759
1649,Q,1162554995675489,3.1160536,-1.5945383,-9.69951
1605,Q,180399638108061,8.561666,2.6928782,3.809175
1612,Q,6988736903996,-9.685608,0.6341553,1.7263947
1611,Q,2302091150035,9.20369,-1.4714203,1.3074188
1629,Q,603984149740325,4.2494354,6.6880493,4.9031982
1646,Q,1464699985405000,-9.034014,-1.583108,2.2728736
1616,Q,196205210639302,-9.3832245,2.146576,2.0355377
1614,Q,85037077135000,-0.50774413,9.029224,4.758904
1625,Q,705408687900328,-4.238495,-7.0256042,4.821396
1602,Q,98670744492306,-1.6973572,-0.71206665,9.038803
1606,Q,122539155957419,-8.363251,-5.1964874,0.86946106
1650,Q,357198712636000,-2.9578493,-4.4451566,-7.8604546
1632,Q,4114802825817,5.302597,-7.9201202,-1.4280243
1645,Q,1129252359607000,5.630691,-2.0501368,-7.699988
1629,Q,604026648507712,4.4621124,6.5337067,4.8659973
1627,Q,440024837417867,0.8106384,-8.335495,4.219818
1648,Q,462326260796000,-9.544153,0.55324954,-0.5963599
1620,Q,942069650485173,-2.85849,9.467606,-1.4016571
1647,Q,1217115451258591,6.175245,-4.8081555,-6.2404866
1643,Q,707841909986000,3.3602126,-4.5577226,-7.829319
1623,Q,1179879137413,5.2097015,-2.442749,-8.372208
1613,Q,175062256027613,1.0480618,4.6405616,8.437167
1603,Q,8054280880857,6.6642604,2.280477,6.728904
1612,Q,6879569418512,-9.733261,0.59284973,1.6312866
1631,Q,1551526778879923,3.1751556,4.2282867,7.471863
1623,Q,1058244004219,5.2108765,-2.6055603,-8.280106
1648,Q,462399675958000,-9.309442,0.56522465,-1.710044
1616,Q,196136225656828,-8.274979,4.473068,2.7897797
1607,Q,286907887161326,-4.6297874,-7.2382703,4.666898
1650,Q,357131851481000,-4.3182206,-4.5409575,-7.086863
1643,Q,707708251626000,3.3434474,-4.8355446,-7.7143583
1618,Q,198265046318555,-0.53808594,-0.48553467,9.172226
1608,Q,44079807027719,1.2888184,2.1060486,8.800659
1645,Q,1129147230345000,3.9182522,-2.5890162,-8.653206
1621,Q,170689181920068,-5.2026005,8.183381,-0.029927522
1608,Q,44173062634707,1.4208069,1.9689026,8.761673
1648,Q,462335087629000,-9.364527,0.44786867,-1.7531544
1636,Q,502295686234317,4.6091156,8.442215,0.7807007
1600,Q,245077329938294,1.9156036,9.3446045,1.5928955
1648,Q,462363160136000,-9.335787,0.4742139,-1.9303858
1644,Q,1816144124563000,1.9447559,-9.110655,1.1088941
1607,Q,286948349488811,-4.687847,-7.2580223,4.56275
1645,Q,1129223301260000,3.8416114,-2.555486,-8.732242
1605,Q,180427209784977,8.515577,2.6258407,3.980959
1623,Q,1004264491830,4.965088,-2.944107,-8.299957
1648,Q,462494532241000,-9.048384,0.55803955,-3.0368848
1630,Q,1557581998912578,-9.238998,2.0209198,-3.8895416
1633,Q,691922567776494,-1.5348053,-4.5419006,-9.098907
1601,Q,259534032818151,-3.3393128,0.4914099,9.021352
1643,Q,707702749687000,3.3266823,-4.7972245,-7.711963
1643,Q,707876916774000,3.4057178,-4.536167,-7.8556643
1648,Q,462389599885000,-9.362132,0.5340894,-1.9303858
1634,Q,75582850221696,-3.6590424,-2.7001953,8.129944
1614,Q,84995278849000,-0.42152345,9.144185,4.4691067
1649,Q,1162588873402924,3.283049,-1.6274586,-9.700109
1620,Q,942013108524574,-2.3846893,9.5885315,-0.0043640137
1644,Q,1816133302799000,1.81782,-9.125025,1.094524
1634,Q,75509786559002,-3.431839,-3.4874573,7.9334717
1608,Q,44135750309977,1.3881226,1.9782715,8.842117
1605,Q,180368592975053,8.5622635,2.7880478,3.891775
1612,Q,6869498621358,-9.697006,0.5629425,1.6188965
1626,Q,596410274088614,5.269882,-5.524719,-6.386551
1645,Q,1129210888161000,3.9278321,-2.4644752,-8.643626
1615,Q,167411497604408,1.0415192,-8.627594,-4.8584747
1605,Q,180350914200945,8.476671,1.2557588,4.733337
1646,Q,1464608257598000,-8.950189,-1.7387843,2.6512868
1625,Q,705396643227607,-4.1753387,-6.9588013,4.9286957
1607,Q,286930195462255,-4.6112323,-7.2005615,4.679467
1614,Q,84997731888000,-0.43349856,9.038804,4.641548
1634,Q,75610041402948,-3.8089142,-2.6331177,8.142029
1638,Q,1137117550367645,-0.12240356,-9.617957,-2.2550387
1601,Q,259414640741583,-4.3526587,1.5975311,8.4664955
1650,Q,357170883566000,-3.3673975,-4.4834766,-7.697593
1648,Q,462388773563000,-9.333391,0.5604346,-1.9112257
1609,Q,40403861667981,8.117905,-4.54126,-2.777359
1614,Q,85018621088000,-0.5005591,9.022039,4.758904
1619,Q,172335723890172,-5.391742,-4.736928,6.5762734
1642,Q,1469229233367000,-3.642825,1.0011182,9.110655
1644,Q,1816074035361000,1.3771362,-9.239985,1.0753639
1631,Q,1551478439026784,2.8864594,4.6227264,7.463623
1627,Q,440082704238055,0.052261353,-8.4192505,4.1060944
1629,Q,604025943551657,4.3849335,6.491516,5.0213013
1623,Q,1086522808775,5.1473694,-2.526703,-8.370514
1644,Q,1816124576862000,1.954336,-9.077125,1.1783496
1643,Q,707734007661000,3.3530276,-4.7229786,-7.7646537
1610,Q,17377079320120,8.365906,3.8271637,1.933258
1643,Q,707845940548000,3.3506324,-4.543352,-7.838899
1601,Q,259409892124033,-5.4761376,2.3523033,7.1706343
1636,Q,502261093011347,4.630188,8.352112,0.97462463
1615,Q,167421568385125,1.1337433,-8.622314,-4.8399963
1650,Q,357168384996000,-3.319497,-4.493057,-7.7215433
1626,Q,596349295384188,5.1529694,-5.4904633,-6.570404
1648,Q,462403404241000,-9.350157,0.43589357,-1.9591261
1646,Q,1464586554479000,-8.777747,-1.8058448,2.823728
1623,Q,1036430621091,5.101074,-2.7023468,-8.287704
1625,Q,705458518224942,-4.521042,-6.651245,5.101822
1647,Q,1216964736992971,5.9717374,-5.29358,-6.1824274
1634,Q,75564672417639,-3.5733948,-3.3769226,7.8713226
1645,Q,1129162686403000,3.7937112,-2.5866213,-8.669971
1613,Q,175221990804166,0.741604,4.5884876,8.399458
1620,Q,942014377445472,-2.398117,9.624435,-0.15597534
1627,Q,440084516954032,0.32458496,-8.37468,4.1960144
1625,Q,705353177649781,-4.344116,-6.428604,5.420334
1617,Q,268041757055417,-4.7128754,-7.9805145,2.7370453
1614,Q,85072861606000,-0.30895755,9.053174,4.567302
1615,Q,167375595195561,1.3452759,-8.698273,-4.671692
1613,Q,175116083709466,0.7930793,4.663306,8.453926
1615,Q,167414166366615,1.0674896,-8.653885,-4.857483
1633,Q,691852877846644,-0.9004059,-4.315399,-9.3420105
1640,Q,170022389317674,0.6028899,-3.3824084,8.992172
1648,Q,462468858323000,-8.981323,0.859812,-2.9985645
1643,Q,707848842905000,3.396138,-4.5720925,-7.8556643
1645,Q,1129196540463000,3.9374123,-2.5698562,-8.648416
1628,Q,1136344952618464,4.047577,-6.5371704,5.166458
1613,Q,175081966127189,0.7080852,4.630985,8.480861
1603,Q,8106118668335,8.304289,1.3383588,5.0200424
1650,Q,357279780520000,-3.175796,-4.4738965,-7.810159
1613,Q,175169477333071,1.1971009,4.7159786,8.376713
1644,Q,1815987441513000,-2.304009,-7.812554,4.617598
1637,Q,13940575631622,1.1088147,-6.82542,7.004536
1614,Q,85022142236000,-0.31853762,8.974138,4.8594947
1601,Q,259565038457619,-3.4099417,0.54288524,9.025542
1607,Q,287042364561378,-5.035605,-7.109582,4.425083
1611,Q,2228473592174,9.080856,-1.5471191,1.8402405
1642,Q,1469176357322000,-4.0811133,1.3531861,9.05557
1641,Q,1215886223208000,5.745652,-5.5229154,-5.5947657
1636,Q,502208523445010,3.8955688,8.882523,1.618866
1627,Q,440003527592915,0.675827,-8.428665,4.1387177
1648,Q,462398648138000,-9.3453665,0.5604346,-1.8944606
1642,Q,1469311711558000,-3.923042,0.9196875,9.072334
1632,Q,4170494344084,5.284958,-7.937393,-1.2474976
1629,Q,604032791696188,4.54747,6.368973,5.0876007
1623,Q,1082313214048,5.2555847,-2.4140167,-8.309082
1622,Q,290687799355683,-2.988083,-9.195984,0.8385925
1626,Q,596395117510020,5.1827393,-5.6052094,-6.3984375
1647,Q,1217002086830717,5.9148755,-5.4162827,-6.1608796
1612,Q,6979320692143,-9.678757,0.62002563,1.7484283
1608,Q,44042545040292,1.1897583,2.177246,8.8428955
1645,Q,1129139552845000,3.8895118,-2.6488917,-8.624466
1624,Q,516066398164756,6.2845,-4.852127,-5.9444275
1602,Q,98765208614239,-1.6983185,-0.8938141,9.0336
1648,Q,462351048187000,-9.381292,0.4766089,-1.8130299
1646,Q,1464652590086000,-8.986114,-1.5352076,2.5099807
1617,Q,268063560320476,-3.3144684,-8.205124,3.7200012
1614,Q,84985111212000,-0.4406836,9.16095,4.7086086
1605,Q,180349797607351,8.448539,3.8043866,5.5018754
1649,Q,1162610341569010,3.17531,-1.5646108,-9.689933
1625,Q,705441216592043,-4.2323456,-6.9489746,4.9020844
1625,Q,705432313983510,-4.2803802,-6.9169006,4.9141846
1605,Q,180478807324594,8.735844,2.295441,3.7062242
1629,Q,603973978235705,4.2708282,6.676941,4.91716
1603,Q,8222757725531,8.334815,1.1294646,5.0158525
1642,Q,1469181495576000,-3.9182522,1.1783496,8.998089
1619,Q,172294745095708,-5.3223104,-4.8057613,6.5643024
1618,Q,198244250106561,-0.57403564,-0.5917511,9.149139
1606,Q,122677125944146,-6.6755676,-7.104782,1.7778473
1608,Q,44050551352921,1.1718292,2.1345825,8.835754
1644,Q,1816079355523000,1.4897022,-9.216036,1.1496094
1633,Q,691791999824731,-2.230072,-5.843857,-8.10965
1601,Q,259454943621463,-4.449025,1.6819267,8.486248
1646,Q,1464742624725000,-9.067544,-1.6429834,2.0333717
1639,Q,181440351234170,-0.50023854,-9.070134,4.007744
1648,Q,462369044508000,-9.347761,0.47900394,-1.9016455
1613,Q,175146412907008,0.7697359,4.672883,8.527548
1627,Q,440142403936291,0.3936615,-8.471252,4.0961
1618,Q,198247220992791,-0.605072,-0.48526,9.091095
1649,Q,1162571954661003,3.107674,-1.6998832,-9.6845455
1612,Q,6968947787501,-9.684357,0.5764923,1.6620789
1600,Q,245065547089625,1.8142853,9.419159,1.2451782
1642,Q,1469280376743000,-3.6236646,1.0562036,9.177715
1631,Q,1551587858293926,3.050003,4.3259735,7.526993
1640,Q,170164796832414,-0.05312135,-3.957017,9.358485
1642,Q,1469265706682000,-3.8200562,1.2310401,9.101074
1644,Q,1815987300506000,-2.2896388,-7.810159,4.6654983
1620,Q,942165356645934,-3.4069672,9.25293,-1.1021729
1610,Q,17375870824027,8.367111,3.8253326,1.944046
1615,Q,167497754000922,1.7727203,-8.740387,-4.428772
1626,Q,596317119158187,5.0973053,-5.239395,-6.7716064
1619,Q,172233570209012,-5.3779755,-4.721366,6.5750766
1650,Q,357114803885000,-4.267925,-4.622388,-7.094048
1643,Q,707772682580000,3.300337,-4.6607084,-7.805369
1635,Q,679233933186635,-7.600952,-4.9048767,3.595642
1637,Q,13815747617652,0.9675568,-7.8333793,5.170578
1641,Q,1215880581530000,5.688172,-5.5468655,-5.630691
1610,Q,17539924153839,8.584915,3.5254822,1.6131744
1642,Q,1469274129937000,-3.6045046,1.0322535,9.235196
1644,Q,1815978735716000,-2.4572902,-7.5706573,4.8163843
1605,Q,180528926522230,9.011775,2.0919337,3.691859
1609,Q,40287191445012,7.8766327,-5.191696,0.76112366
1636,Q,502232542309271,4.808441,8.315521,0.89463806
1611,Q,2282755222098,9.03186,-1.4832001,1.9593811
1619,Q,172240833618333,-5.424064,-4.7070007,6.570288
1629,Q,604068190583538,4.4959717,6.241089,5.2005463
1613,Q,175084123018646,0.62967503,4.6297874,8.487445
1615,Q,167407922470131,1.070343,-8.665726,-4.7650146
1645,Q,1129136555767000,3.8799317,-2.7255323,-8.679551
1643,Q,707846706377000,3.3290772,-4.5840673,-7.846084
1645,Q,1129191200380000,3.7506008,-2.5890162,-8.701106
1650,Q,357222208847000,-2.8955786,-4.5792775,-7.9394903
1644,Q,1816067747821000,0.52690434,-6.0114994,4.9529004
1645,Q,1129115713883000,4.033213,-2.7566676,-8.55501
1650,Q,357235407328000,-2.919529,-4.648733,-7.807764
1606,Q,122603558720257,-7.4201355,-6.0469055,2.0005798
1605,Q,180458695802830,8.589199,2.6192567,3.9097314
1629,Q,604014060014443,4.3855133,6.6240234,4.909363
1646,Q,1464610292736000,-8.899893,-1.7315992,2.5770411
1645,Q,1129245004373000,3.9517825,-2.6105714,-8.638836
1613,Q,175147729944820,0.6937199,4.6232033,8.379706
1642,Q,1469318119536000,-3.6500099,0.9963282,9.16095
1643,Q,707703596649000,3.3338673,-4.749324,-7.7167535
1625,Q,705451851364427,-4.1559296,-7.0074615,4.8980255
1650,Q,357166128152000,-3.3578174,-4.493057,-7.680828
1649,Q,1162604196573855,3.1693244,-1.4987702,-9.648633
1613,Q,175218838382553,0.7763199,4.64535,8.459911
1623,Q,1144570894085,5.1875153,-2.419632,-8.306412
1613,Q,175133883078627,0.7194576,4.6297874,8.4425535
1646,Q,1464700267608000,-9.041199,-1.6286134,2.2106032
1610,Q,17536449741693,8.62796,3.5204315,1.5221558
1649,Q,1162625744705201,3.3889925,-1.4945804,-9.665991
1601,Q,259447880368913,-4.3807907,1.6400281,8.4647
1600,Q,245144149688855,2.1487122,9.377029,0.8531952
1600,Q,245146113495007,1.9701996,9.438232,1.000885
1639,Q,181516781655500,-2.3653216,-9.168296,2.7340288
1648,Q,462405701440000,-9.311836,0.4406836,-1.9591261
1645,Q,1129159683883000,3.8583767,-2.567461,-8.698711
1621,Q,170657059326902,-5.3139305,8.178593,-0.10534488
1625,Q,705398093422920,-4.18367,-7.0194244,4.904022
1609,Q,40274955448345,7.841202,-5.245941,0.7281647
1622,Q,290751748959407,-2.9439697,-9.244308,0.52015686
1617,Q,268013508442708,-4.2149506,-8.234146,2.74823
1639,Q,181510982821350,-2.3413796,-9.153931,2.892046
1642,Q,1469272034106000,-3.7122805,1.0609937,9.13221
1623,Q,1058123154610,5.2209473,-2.5747375,-8.30275
1622,Q,290852608006464,-3.0760193,-9.254395,0.0831604
1650,Q,357250621860000,-3.0991554,-4.5840673,-7.7574687
1650,Q,357209331886000,-2.931504,-4.517007,-7.838899
1642,Q,1469291016464000,-3.6907253,0.93405765,9.144185
1624,Q,516015691711131,6.2291565,-5.0891266,-5.73822
1648,Q,462389922325000,-9.335787,0.5388794,-1.9351759
1613,Q,175085240287657,0.78290397,4.663905,8.42759
1616,Q,196102790621349,-8.125778,4.5738373,2.9244537
1641,Q,1215878264263000,5.6929617,-5.5420756,-5.604346
1650,Q,357183176011000,-3.8248463,-4.567302,-7.3862405
1623,Q,1169768039364,5.2444,-2.4614563,-8.340027
1648,Q,462496487077000,-9.050779,0.57959473,-3.0129347
1627,Q,440132413701033,0.42100525,-8.413895,4.186371
1641,Q,1215768754683000,4.375701,-6.1695704,-6.0665846
1613,Q,175121991750768,0.7469909,4.613028,8.470686
1601,Q,259551590868562,-3.37762,0.5434838,9.009979
1650,Q,357143277109000,-3.1398706,-4.679868,-7.673643
1613,Q,175217242244480,0.83497787,4.6962266,8.3629465
1628,Q,1136254516823811,4.2714844,-6.4806976,5.025772
1625,Q,705451529098802,-4.2282104,-6.9539948,4.8940277
1617,Q,268098254233352,-4.5273895,-7.905243,3.0277405
1614,Q,84930336275000,-0.732876,9.249566,4.524192
1629,Q,604094324295323,4.73172,5.9518127,5.363968
1604,Q,15805243736023,4.895523,5.1561737,5.8421936
1617,Q,268010537556477,-4.2124023,-8.146072,2.7191467
1623,Q,1096251179539,5.207077,-2.5302734,-8.300583
1611,Q,2259290235682,9.076721,-1.5559998,1.6828156
1632,Q,4070793445327,5.322113,-7.9420166,-1.5306091
1611,Q,2162862338259,9.148941,-1.7360687,1.0883942
1617,Q,268045886069241,-4.059387,-8.101822,3.1766815
1624,Q,516176169896360,-0.27149963,0.07914734,9.179291
1608,Q,44091035952071,1.292099,2.1020508,8.8033905
1634,Q,75664725842146,-3.8127136,-2.5045166,8.131165
1610,Q,17540528401886,8.599258,3.52771,1.6235657
1627,Q,440010637578267,0.9914398,-8.342621,4.1059875
1648,Q,462451990856000,-9.0891,0.42152345,-2.9051588
1627,Q,440037244630754,0.50749207,-8.430801,4.1877594
1633,Q,691893664578298,-1.0882721,-4.1361694,-9.429565
1645,Q,1129200026613000,3.9781277,-2.5027955,-8.6627865
1614,Q,85089517533000,-0.20357667,8.863968,5.142107
1625,Q,705494309853247,-4.41597,-6.7504425,4.972351
1650,Q,357198833527000,-2.9817994,-4.4523416,-7.8652444
1627,Q,440120953144200,0.5856018,-8.447678,4.1216736
1641,Q,1215925171054000,5.831873,-5.4103494,-5.6426663
1648,Q,462366525529000,-9.333391,0.47181886,-1.9303858
1645,Q,1129244017066000,3.9134622,-2.4908204,-8.612491
1635,Q,679398187942680,-7.587448,-4.7433014,3.7042236
1645,Q,1129177981198000,3.8008962,-2.5866213,-8.720266
1640,Q,170154498720204,-0.007631518,-5.2929816,8.594735
1611,Q,2302342920054,9.2105255,-1.447586,1.3162842
1649,Q,1162529178226592,3.028665,-1.6573862,-9.72824
1648,Q,462394799064000,-9.350157,0.5556446,-1.9351759
1644,Q,1816098862927000,1.3603711,-9.230406,1.0514137
1650,Q,357262752911000,-2.9985645,-4.643943,-7.7598634
1633,Q,691798898323266,-1.846817,-6.046112,-8.026627
1646,Q,1464614101485000,-8.868757,-1.6645386,2.6776319
1649,Q,1162576583501938,3.2441432,-1.5628152,-9.669582
1607,Q,286991245842805,-4.733337,-7.2508397,4.2503066
1602,Q,98723867969735,-1.6508789,-0.7163696,9.188934
1636,Q,502241354231796,4.812866,8.30838,0.8786316
1622,Q,290839667027872,-3.0838623,-9.2847595,0.16618347
1613,Q,175052959904335,0.8146271,4.6160207,8.467693
1633,Q,691839836145395,-0.9721527,-5.4944305,-8.568268
1648,Q,462418578550000,-8.926238,0.44786867,-3.307522
1627,Q,439993013681013,-0.4634552,-8.241623,4.5002594
1627,Q,440004534672994,0.73568726,-8.451447,4.1087494
1628,Q,1136238756030927,4.2829742,-6.438202,5.045166
1636,Q,502266480889765,4.7019196,8.37944,0.911026
1642,Q,1469224074795000,-3.6931202,0.9268726,8.974138
1643,Q,707738280443000,3.3051271,-4.670288,-7.781419
1610,Q,17413837746222,8.416534,3.811905,1.8013916
1650,Q,357212495714000,-2.9985645,-4.478687,-7.862849
1609,Q,40364786993361,8.13736,-4.4970093,-2.8530884
1607,Q,286912237151844,-4.607043,-7.204153,4.7405195
1638,Q,1137024593932965,0.06194997,-9.519794,2.7368717
1625,Q,705499949498142,-4.4166718,-6.837158,4.9194183
1635,Q,679289020468597,-7.567978,-4.726639,3.7546387
1612,Q,6908875429325,-9.748611,0.6230469,1.6724548
1627,Q,440036741090715,0.4330902,-8.397797,4.239044
1650,Q,357272163353000,-3.1231055,-4.29427,-7.92033
1602,Q,98677995467484,-1.6053162,-0.846405,9.008057
1613,Q,175111696535823,0.7374141,4.5783124,8.501212
1644,Q,1816015372850000,-1.8513502,-7.7646537,4.8427296
1623,Q,1075988751348,5.227951,-2.367813,-8.34581
1623,Q,1116352500216,5.242508,-2.4298859,-8.31279
1608,Q,44178601575137,1.4506836,1.9022522,8.821625
1614,Q,84917775053000,-0.7711963,9.237591,4.509822
1645,Q,1129174857598000,3.8320315,-2.5890162,-8.818462
1620,Q,942075071905697,-3.028885,9.393875,-1.0788879
1627,Q,440142706060314,0.39942932,-8.479141,4.1861115
1643,Q,707709077973000,3.290757,-4.758904,-7.699988
1626,Q,596393405473887,5.253723,-5.5906982,-6.3668823
1612,Q,6977256177983,-9.692032,0.6425781,1.6994324
1627,Q,440044415035312,0.6661377,-8.4189,4.2487793
1611,Q,2202994477386,9.334686,-1.2476807,1.841156
1625,Q,705410984042906,-4.188919,-7.0507813,4.8397675
1641,Q,1215856866097000,5.625901,-5.6282964,-5.5803957
1602,Q,98793658614694,-1.6360626,-1.0166779,9.030518
1620,Q,942037077000815,-2.9185028,9.486786,-0.75053406
1631,Q,1551525822153849,3.199463,4.182083,7.528595
1626,Q,596462491185462,5.2376404,-5.3694763,-6.5633698
1629,Q,604109380140709,4.6621094,5.932022,5.3645782
1643,Q,707821534792000,3.3338673,-4.608018,-7.838899
1636,Q,502261546197382,4.6234894,8.340576,1.0178986
1601,Q,259489380383690,-3.311181,0.6853402,9.054871
1634,Q,75609688924920,-3.694168,-2.5863495,8.123459
1616,Q,196117443637463,-8.236816,4.5323486,2.7860565
1645,Q,1129180499977000,3.8751419,-2.5962012,-8.665181
1646,Q,1464700710854000,-9.050779,-1.6142433,2.2752686
1623,Q,1074639264043,5.157181,-2.3539429,-8.379227
1605,Q,180462726073453,8.555081,2.5659857,3.9217024
1642,Q,1469191813109000,-3.7074904,1.4034815,9.041199
1629,Q,603971964079717,4.236023,6.6826477,4.8946533
1617,Q,268061143328288,-3.8283234,-8.153259,3.1868744
1638,Q,1137018356337555,0.9382278,-9.613169,-2.3364415
1648,Q,462500718920000,-9.012459,0.5484595,-2.9913795
1643,Q,707792614531000,3.3626075,-4.624783,-7.8197393
1610,Q,17371137547659,8.403137,3.8717499,1.853241
1619,Q,172258549870773,-5.42167,-4.6166196,6.655881
1627,Q,440021151490586,0.7541199,-8.445862,4.1050262
1629,Q,604077355017221,4.5781555,6.210373,5.2212524
1620,Q,942170291338316,-3.4312134,9.245834,-1.0652771
1640,Q,170152698998994,0.8183681,-4.18686,8.963442
1617,Q,268146191235505,-4.0751343,-7.9715576,3.5103455
1629,Q,604012096204728,4.453888,6.493866,5.0119934
1645,Q,1129119099278000,4.045188,-2.7231374,-8.5119
1629,Q,604001219761782,4.3427277,6.5515747,4.9527893
1644,Q,1815967207741000,0.8310718,-8.835227,-1.336421
1639,Q,181430109199890,-1.3046902,-9.220968,3.6964977
1632,Q,4067369373061,5.2644196,-7.814163,-1.664566
1636,Q,502357118088594,4.4156494,8.483597,0.94981384
1635,Q,679324268271487,-7.569397,-4.7969055,3.7640076
1649,Q,1162606470931562,3.2094274,-1.5885528,-9.6923275
1600,Q,245018516457721,1.7759552,9.07399,2.405426
1646,Q,1464694020788000,-9.041199,-1.5663428,2.1722827
1616,Q,196234768460530,-9.3953705,2.131363,2.0703583
1607,Q,286963794501355,-4.8781857,-7.3268557,4.408324
1644,Q,1816136910158000,1.6932789,-9.127419,1.1088941
1650,Q,357282984798000,-3.0919704,-4.4547367,-7.814949
1631,Q,1551588261125957,3.0195618,4.282776,7.466919
1627,Q,439996719735700,-1.1246033,-8.698868,4.822632
1609,Q,40398070966253,7.9246216,-4.6753693,-2.9373322
1650,Q,357274742834000,-3.1063404,-4.4212065,-7.8676395
1642,Q,1469184739994000,-3.8080812,1.3675562,9.053174
1603,Q,8159467846962,8.29531,1.2294226,5.0014873
1611,Q,2219560933482,9.073914,-1.6072235,1.904953
1627,Q,439992590692779,-0.683136,-8.125366,4.625656
1648,Q,462450963143000,-9.096285,0.43589357,-2.9338992
1644,Q,1816069198861000,2.7542725,-8.487949,2.1100123
1644,Q,1815999311155000,-2.191443,-7.692803,4.754114
1629,Q,604008067884415,4.377838,6.5601196,5.0273285
1621,Q,170748239436867,-6.293159,7.382521,0.3752911
1601,C,258044658501069,3.128623,-9.025542,-2.3660698
1615,C,168682029833009,-2.6671295,-11.993301,-2.8410797
1629,C,606170772462288,-3.8423157,3.7220917,-5.6704254
1613,C,177372261972970,-1.845331,6.0902505,3.8923733
1622,C,1148862785163362,-0.8066406,-6.3415833,-1.0879211
1601,C,258055871740858,-1.7998412,-4.518457,-6.5218053
1625,C,707161833054576,-7.546753,-0.9324188,-0.46844482
1616,C,193931536034888,12.331009,-12.252472,0.75813293
1628,C,1138206620695417,-2.273468,-4.699524,-4.160553
1645,C,1131351469939000,2.2728736,-6.976692,-1.8202149
1625,C,707119535687033,-6.8034363,-3.0361938,-0.95951843
1640,C,172244196853006,10.510546,-0.76315176,-6.168511
1608,C,47676447856269,0.11608887,-9.399002,-3.379593
1647,C,1217960731675899,2.7323828,-10.36031,-1.3359646
1600,C,246338093491218,0.47024536,7.8083344,-1.7195587
1645,C,1131479874369000,6.222261,-7.2185893,-0.4143384
1609,C,43315179138686,7.575775,-7.5944366,-1.0173798
1627,C,442262542528388,8.249359,-4.3724823,-1.2731934
1625,C,707291726235266,-9.1497345,-2.831787,-1.0064392
1604,C,19728479001994,-2.576233,12.876282,1.9930267
1629,C,606264632314487,-2.108902,9.252792,-1.1936035
1616,C,193905110257779,7.984955,-4.5022125,-0.62916565
1601,C,258203636914445,-1.8004397,-8.684967,-4.3538556
1630,C,1559707290343277,7.3363647,-1.8781433,7.1852417
1628,C,1138158542724310,-3.0965424,-11.86084,-2.2788239
1629,C,606258640177368,-3.2656708,8.760941,-1.8488464
1610,C,18466538549864,1.8118134,6.300995,-1.3502045
1650,C,359452429654000,-11.270963,-6.1863356,-8.351434
1613,C,177342691860583,-2.0129251,9.238028,4.519056
1635,C,677575809815122,-1.6522064,-4.3279114,-1.1842346
1622,C,1148911074643177,2.5367584,-10.115967,0.9722748
1634,C,77785435073767,-2.0460052,-10.701538,-0.48220825
1626,C,598393980063290,7.9298096,-12.397461,5.9846497
1646,C,1466883349814000,-8.289163,1.0729688,-4.9337406
1635,C,677501205318780,-2.6282349,-3.098297,0.41555786
1634,C,77761063742428,-2.679535,-11.556732,1.088028
1641,C,1217134017537000,12.798985,-0.28500733,-1.4944923
1617,C,268703620599843,-9.026367,-7.6636353,0.8813019
1629,C,606140912523275,-2.7542267,10.728165,-2.5973053
1628,C,1138240579454937,-3.3998566,-6.818054,-2.379654
1648,C,459436594426000,1.2166699,-6.7755103,-0.59156984
1624,C,518154657564460,3.8719482,-5.931381,-0.7340088
1619,C,173332924194205,-1.110311,-10.641628,4.085107
1616,C,193906238187466,1.3220978,-1.4593964,-0.9212189
1634,C,77741627087957,0.72439575,-10.936371,11.231796
1614,C,85454129395000,-1.1591895,17.541124,-7.893985
1621,C,168214982619611,0.54887074,10.868479,-2.6420016
1646,C,1466898182040000,-6.844966,-0.90771246,-0.5005591
1616,C,193943882825608,7.9826813,-4.898926,-0.08403015
1628,C,1138205452482526,-3.6963043,-5.1504517,-2.552887
1641,C,1217014632771000,27.45411,-4.622388,0.8334668
1605,C,184453335856293,-0.11731588,7.7649946,1.9883845
1617,C,268850704633905,-0.35876465,-4.0798035,-4.0026703
1624,C,518144888883435,4.228531,-11.612259,-0.7023773
1624,C,518074594721152,8.013702,-11.723877,2.1495667
1635,C,677544630612511,-4.6864166,-8.840118,-2.1618958
1628,C,1138281708611890,-2.8291779,-8.9470825,-0.7946472
1645,C,1131395279054000,4.8571,-8.796907,0.77359134
1628,C,1138139972160225,-3.7348175,-6.972183,-2.2466583
1645,C,1131505789164000,4.3014555,-7.9155397,-0.25387207
1619,C,173362452596121,-4.392163,-17.606361,4.035427
1629,C,606170671754281,-3.8330078,6.1800385,-5.0574493
1631,C,1553760482500582,0.53282166,12.912476,0.47982788
1645,C,1131495041605000,5.2283278,-9.096285,-1.3124708
1628,C,1138219793334320,-5.774399,-9.284485,0.75468445
1646,C,1466923090095000,-5.625901,-0.5604346,-1.0298585
1650,C,359369846079000,-5.343289,-2.0381618,-3.0656252
1607,C,292354345608193,-7.2699933,7.0820484,3.2148144
1631,C,1553745930188699,4.585083,11.241852,4.383423
1625,C,707269389192239,-9.050919,-3.5126953,-0.9831085
1643,C,709991559153000,0.2706372,-0.9580079,-2.936294
1614,C,85438126240000,0.77359134,9.314231,-1.8489552
1606,C,127585564187293,-8.322144,-2.3035736,1.4360962
1628,C,1138293169181317,-4.0033875,-9.653534,-1.252655
1641,C,1217154972476000,5.8965383,-1.2981006,-4.2128396
1616,C,193858885279377,3.697876,-10.683502,2.1336212
1605,C,184422130973650,-0.51116204,7.6387005,-1.4933833
1644,C,1818584223040000,-3.4440382,-7.575447,-0.43589357
1601,C,258155831566027,-0.7380127,-12.522872,-1.1845313
1610,C,18380836039190,2.5166168,9.909607,-2.8278656
1630,C,1559775419337230,6.653656,0.9017029,2.6241913
1650,C,359420408172000,-6.1815457,-6.4282327,-3.8775368
1610,C,18477163240787,3.7737732,11.977158,-3.0685272
1607,C,292373698893708,-5.194819,7.429208,1.8830396
1650,C,359528000585000,-6.1528053,-4.9002104,-2.6321266
1634,C,77726974063659,2.3874512,-18.171356,2.3782806
1601,C,258191545560388,-1.6843209,-8.722675,-1.8507179
1604,C,19881555180334,2.5025482,8.2934265,-1.4319763
1615,C,168570294276980,-2.733307,-5.024521,-2.4539795
1601,C,258165887488055,-3.4398694,-8.439561,-1.7477672
1640,C,172227974333406,9.883265,-6.521207,-0.029777884
1611,C,3030811500797,-1.9860535,-15.476166,-0.62519836
1629,C,606269264882846,-3.7254639,7.5847626,-2.958313
1605,C,184380830398404,0.15861586,11.040262,4.7417164
1634,C,77749583019189,0.6549988,-12.33017,-0.9871979
1613,C,177271944585297,-0.23762453,7.6602483,4.1838675
1614,C,85585258844000,-0.6945557,6.3084817,-9.623189
1601,C,258113294166251,-1.875857,-6.3248825,-2.1428106
1612,C,4254111645015,-0.89198303,-9.088135,-0.9285431
1618,C,199805375285317,-1.9610138,-4.821213,2.3785095
1613,C,177267793463216,-4.5076833,11.716026,-0.260968
1649,C,1164781133317276,-2.3624785,-17.217901,-3.6445735
1620,C,939369019752615,1.1767273,8.06694,-3.1015015
1650,C,359469478356000,-5.221143,-0.8334668,0.58677983
1603,C,9949236561719,4.346673,12.83352,4.374805
1620,C,939436544476080,2.2427368,6.962036,-1.3418121
1616,C,193846981590982,8.940216,-6.293518,-1.7653809
1650,C,359384395946000,-16.896864,-4.526587,-4.905
1610,C,18469408724186,-5.3054657,13.373306,2.1089935
1622,C,1148818322571043,0.58491516,-16.535706,2.6317902
1616,C,193797332543548,3.803955,-7.3977966,0.18312073
1612,C,4314435749427,-1.3497162,-14.291077,-2.0082397
1635,C,677501084469171,-4.40419,-12.649597,0.2892456
1601,C,258118122410937,1.1145009,-11.839328,1.8291701
1637,C,15565534991778,7.256526,-3.0976481,3.4295442
1650,C,359368898808000,-7.5299416,-4.375701,-1.8226099
1648,C,459285184193000,5.53489,-9.968072,1.83219
1631,C,1553648898011774,-1.9894104,12.703262,-1.0706024
1643,C,709997242417000,3.2260914,-5.0415163,0.62749517
1612,C,4312471943275,-1.5657654,-9.877472,-2.8491364
1644,C,1818451963218000,0.08861572,-8.832832,1.3292359
1648,C,459430045479000,-2.1555176,-8.722662,1.829795
1639,C,183828152208406,8.855853,-0.844405,-0.7278373
1612,C,4367760636814,-0.41932678,-8.704102,-0.8589325
1613,C,177265559199934,-0.08259996,11.485584,3.2393548
1604,C,19887094120764,4.768463,7.090912,-2.080185
1650,C,359515566658000,-5.3169436,-6.806646,4.4571314
1603,C,9893650286375,-5.961562,-0.42916065,1.0055647
1615,C,168575430385379,-2.252243,5.7042236,6.8046875
1628,C,1138173366935058,-5.4765167,-9.233749,-0.6571045
1610,C,18479429156276,2.2550354,13.981003,-1.3878632
1610,C,18429830466646,0.68122864,6.523102,-0.10473633
1627,C,442273620427255,8.931625,-0.17601013,-0.97010803
1644,C,1818498797515000,-2.2513185,-10.837463,0.36164796
1639,C,183758534678946,9.985916,-0.7270891,-1.541866
1646,C,1466953197358000,-14.149776,2.2896388,-3.3673975
1618,C,199966357041756,0.7550049,-7.808304,0.06651306
1627,C,442155439571186,3.0430603,-7.957779,4.540024
1627,C,442244968985625,7.790695,-3.747589,5.170395
1635,C,677456712526544,-2.3681183,-11.709152,-3.0294952
1619,C,173246971109602,-0.8026561,-9.147646,0.7422025
1635,C,677589767950472,-0.5362091,-4.449875,3.0117493
1630,C,1559757342244215,7.495331,-0.24591064,3.021698
1635,C,677489039801905,-2.4743652,-4.910568,-4.244751
1639,C,183856097097696,8.06816,-1.8978537,-0.11492168
1636,C,504448470933568,-4.1727448,-7.260086,-0.10211182
1640,C,172371605536966,6.76362,-2.9299042,0.020500353
1615,C,168623367422407,-3.6127167,-2.5430756,-1.5741425
1621,C,168130306525372,1.9764135,12.027272,2.8694508
1621,C,168201615068261,-0.5823896,9.865907,1.2605472
1635,C,677495082278724,2.1276093,-8.817596,-0.51701355
1623,C,2128745393795,2.2077026,-6.63768,-3.0332794
1650,C,359413173218000,-5.391189,0.086220704,-2.071692
1649,C,1164760981774470,1.4748282,-13.110648,-4.461595
1629,C,606299930482675,-5.3586426,14.674042,-3.7953644
1643,C,709936499403000,2.074087,-9.096285,-0.61552006
1636,C,504433717212964,-0.6223602,-10.190353,0.222229
1633,C,693670758096217,-1.6530609,-8.210632,-1.4699402
1627,C,442161935225342,3.0283813,-6.356476,5.2941437
1624,C,518042821339334,6.761902,-8.560806,-0.37519836
1626,C,598488998091456,3.231491,-6.3217163,1.710434
1618,C,199824207678389,1.8173523,-9.880112,2.811264
1634,C,77706882831760,-0.81832886,-9.374542,3.7582703
1646,C,1466942698062000,-11.338023,-3.887117,-2.3854396
1646,C,1466974598629000,-7.6113725,-1.0729688,-1.8800904
1612,C,4287647438043,-4.9894257,-10.46199,-1.0713501
1635,C,677598831655455,-1.2630768,-8.796783,-2.0052643
1636,C,504493588140027,-5.5055695,-19.119553,-5.7662354
1625,C,707151903243140,-9.831619,-2.4024963,-2.700943
1645,C,1131383268668000,-11.635005,7.5323367,0.49097902
1635,C,677598489248228,3.9724426,-2.6281586,0.45355225
1619,C,173389148587778,-0.16759412,-4.295198,1.6903064
1635,C,677539393781833,-3.1284637,-7.095337,-3.275589
1637,C,15540253258288,7.170335,-6.7009215,-0.90156657
1628,C,1138226581054046,-3.8651123,-3.889511,0.014694214
1646,C,1466948058445000,-8.653206,-0.05748047,-2.1579127
1619,C,173344815363212,-0.1448492,-11.225215,0.9935937
1613,C,177356580573546,-1.9740193,10.927136,2.7030537
1616,C,193847968529459,8.667313,-10.823608,2.5410767
1602,C,100598528436638,-0.09390259,-3.2378235,-0.230896
1650,C,359527577533000,-6.4426026,-4.902605,1.1543995
1609,C,43381847838602,4.5672913,-7.380188,0.31819153
1628,C,1138226399779632,-5.842575,-10.371292,-3.4042206
1602,C,100548879376296,1.3323975,-6.8311768,1.787323
1645,C,1131360598615000,0.24668702,-13.625267,-1.1352394
1645,C,1131385545984000,4.8379397,-7.359895,-2.5219557
1630,C,1559681861583814,6.916794,1.210434,2.8230286
1646,C,1467013088546000,-16.259789,-1.3939015,1.0130934
1639,C,183757037262406,16.373646,-1.2346599,1.1085154
1650,C,359464339657000,-8.509504,-1.5256275,-3.3554225
1644,C,1818443116379000,-1.7268091,-10.250684,-1.0753639
1646,C,1467006156334000,-8.032896,3.2668068,-2.8644435
1620,C,939423653877216,1.9607849,9.98999,-0.62301636
1634,C,77831962157061,3.2217712,-11.895111,8.368042
1650,C,359503576147000,-6.2438164,-6.1767554,-1.0633887
1646,C,1466912167719000,-13.376184,3.0296998,-5.343289
1646,C,1467035658347000,-9.192085,1.7459693,-1.9878663
1645,C,1131495278422000,4.0020776,-12.583433,-2.7159522
1635,C,677613635735818,-5.397766,-8.085495,1.5464172
1650,C,359533058869000,-9.855506,-6.6844997,-11.55597
1601,C,258159143944047,-0.842759,-11.43351,2.8006175
1643,C,709968463475000,1.9351759,-9.493857,1.7028589
1601,C,258205632026685,-2.6354175,-4.313154,-2.408567
1640,C,172229221136176,13.67568,-3.6601357,-2.3162405
1628,C,1138164081664740,-2.4983063,-4.1864624,-1.2749176
1613,C,177415756085244,-1.4101849,7.0449386,4.1575313
1625,C,707201290418959,-9.713837,-5.2457733,3.3548584
1631,C,1553755497454195,1.597702,11.934677,1.0251617
1621,C,168192596847639,0.32142156,8.80767,1.3910311
1614,C,85515866591000,-3.4967287,8.262817,-0.45026368
1608,C,47796844293014,0.28041077,-5.6838226,-5.4206085
1616,C,193857616367512,9.738617,-5.7153015,-0.061279297
1635,C,677629970561104,-2.1752777,-6.491913,-2.5257263
1636,C,504463929625107,1.0320892,-7.2201996,1.2846985
1646,C,1466979737298000,-11.268567,-2.8404932,-2.574646
1650,C,359491545030000,-4.8355446,-4.631968,-3.0249097
1648,C,459317666555000,1.2885206,-10.483001,2.7255323
1619,C,173295653628647,-2.1745336,-9.210494,3.970185
1641,C,1216984355314000,4.0691385,-4.0787187,0.09101075
1644,C,1818488136820000,-0.27542725,-6.9934573,-1.5783179
1637,C,15606526188678,9.337088,-1.7066169,4.672135
1641,C,1217157833656000,6.1599903,-0.68018556,-2.7638526
1635,C,677533854841403,-0.9417877,-9.701691,0.78697205
1635,C,677489623908351,-0.2879181,-10.697388,-2.6151733
1604,C,19859701547936,3.3073273,10.300125,-2.8003693
1649,C,1164802602132422,-2.273893,-18.82082,-11.464635
1616,C,193946199109788,11.491653,-0.70921326,-0.1511383
1647,C,1217965799448709,1.3509283,-4.795586,-7.076063
1607,C,292317952857009,-3.3901896,5.3169236,0.96067345
1634,C,77714637348361,-2.671051,-9.471283,0.64549255
1625,C,707180161889093,-10.325485,-5.202896,-0.8483124
1649,C,1164798331957791,2.2427685,-10.718243,-0.28550854
1628,C,1138135178449511,-5.8224945,-6.115082,-2.795456
1604,C,19808743296903,3.5248108,7.786972,-1.9466095
1624,C,518052036102238,4.25119,-7.5803223,-1.6151276
1622,C,1148785592475224,0.7705078,-6.55896,3.5552673
1629,C,606170168214241,-5.0674744,8.522339,-2.0262756
1635,C,677581973150667,0.42126465,-0.6359558,-1.4238129
1648,C,459399618250000,2.071692,-8.938213,-7.0174074
1609,C,43352340382356,8.157913,-6.814041,-0.99038696
1627,C,442120695290032,4.2891693,-6.689453,1.5783539
1645,C,1131454403058000,4.7325587,-7.999366,-4.263135
1644,C,1818434188879000,-1.5136524,-8.231683,-0.5340894
1645,C,1131345565515000,0.5963599,-1.9255958,-0.65384036
1625,C,707286952659041,-7.343231,-2.0103302,-2.6426392
1606,C,127575845861445,-9.45018,-1.7870789,-3.184311
1638,C,1139184530421091,13.961488,-1.8049288,5.617246
1629,C,606157378298340,-2.9401703,11.43454,-1.5883331
1643,C,709920316003000,5.240303,-10.890154,-0.6011499
1644,C,1818432818451000,-2.6321266,-6.856941,-0.033530276
1624,C,518091966826105,1.788971,-6.762619,-1.8826599
1625,C,707285421897323,-13.719315,-6.3116302,0.57940674
1613,C,177430043824250,-1.2521675,9.624092,0.5434838
1620,C,939411166075377,-0.3149414,7.389633,-1.7221069
1649,C,1164897771224106,1.4748282,-8.232463,-3.2387564
1614,C,85512207108000,-0.4742139,4.3158255,-3.887117
1647,C,1217901116447013,6.799533,-11.89619,-4.851251
1628,C,1138200880338972,-4.9057617,-5.9137726,-2.870819
1608,C,47736318757425,-1.778122,-10.6536255,-1.7993774
1648,C,459375054737000,11.910433,-24.38609,1.2502003
1613,C,177286788536698,-0.9552865,7.8422074,0.35075054
1614,C,85584348813000,-1.8776954,8.289163,-0.6179151
1645,C,1131362714446000,1.7531544,-5.079837,-2.6177564
1644,C,1818417542915000,-2.2513185,-9.16574,0.86939216
1631,C,1553806959252678,1.0328369,7.6217346,0.8879242
1638,C,1139041407121881,9.434052,-0.26785132,-0.04743512
1630,C,1559629745199450,4.9009857,-0.16748047,4.8594666
1621,C,168234136445437,-1.9788077,16.561293,5.295376
1621,C,168275077948389,-0.3172317,7.776367,-3.834314
1617,C,268761678751097,0.61486816,-6.2658844,-0.36676025
1629,C,606255568583129,-1.5705566,10.965652,-1.039505
1645,C,1131426533785000,0.6825806,-4.3301954,-0.9627979
1631,C,1553686562819789,2.2442017,7.5213776,0.11669922
1612,C,4277224146972,0.7893219,-16.42009,-5.2836304
1648,C,459322200046000,-0.7209009,-4.3206153,3.4440382
1644,C,1818546820455000,-1.9232007,-6.325247,-1.7411792
1650,C,359361321682000,-9.982442,-12.997771,3.9853127
1647,C,1217956102907721,2.9658175,-4.747103,-1.7316064
1616,C,193847767113443,9.240677,-2.6388397,-0.28274536
1614,C,85514343401000,-1.0154883,9.335787,-5.774392
1628,C,1138169963004394,-0.71585083,-11.848145,-1.8707275
1625,C,707195308387435,-10.570923,-4.915848,-4.3144836
1641,C,1217091643895000,5.233118,-4.1625443,-2.0022364
1646,C,1466890624841000,-9.254355,-1.4418018,-0.9148975
1614,C,85539940286000,-1.2502003,9.139395,-4.5840673
1643,C,709969460827000,1.1352394,-9.148975,-1.3244458
1639,C,183750351998246,9.722554,-1.5028105,0.39264908
1649,C,1164870558268647,-4.2371383,-6.1704564,-1.8249803
1615,C,168648393353822,-0.41383362,-12.911316,-2.4891205
1644,C,1818459923568000,-0.48618898,-9.666299,0.17483643
1606,C,127434250411250,-13.391647,-1.9255829,3.9424286
1602,C,100602959579318,1.1552124,-18.465988,1.7899933
1643,C,709975214828000,3.784131,-15.014379,-1.6573536
1616,C,193840959252115,11.642136,-2.6518097,-2.4166107
1600,C,246302493198603,-0.176651,7.2994995,-2.5770416
1600,C,246273992832815,-0.45474243,9.17746,-1.17453
1601,C,258140348852179,-4.993108,-6.0585275,-3.3782187
1628,C,1138266562125625,-6.4581146,-5.158905,-2.9057922
1625,C,707260144206138,-8.208466,-2.967514,-1.1962128
1626,C,598360494666931,1.1039581,-18.588577,5.592758
1649,C,1164814612620284,2.392406,-13.806164,-0.8499416
1616,C,193938787000413,10.129379,-5.8766785,3.0241394
1610,C,18358982385407,3.8179626,10.113678,-3.6776123
1641,C,1217080521480000,13.007352,0.1939966,0.07903565
1628,C,1138229562008254,-4.496826,-7.7714386,-1.0257263
1644,C,1818454321218000,-1.9016455,-7.6449027,-2.323169
1626,C,598471877709152,2.2269897,-9.576019,3.5367737
1650,C,359379438460000,-5.5444703,-4.5409575,0.39517823
1625,C,707129264065930,-8.043396,-4.5631104,1.0933533
1630,C,1559689666454420,6.635132,-0.5967865,4.7750397
1623,C,2129148225826,1.3628845,-3.695404,-3.1373138
1631,C,1553722213461742,6.056961,8.919128,0.5094147
1624,C,518077062067343,3.8542633,-5.3765106,-1.0844879
1639,C,183881442312226,6.6460047,-1.1269208,1.271321
1646,C,1466937357831000,-3.0704153,-3.046465,-2.9578493
1643,C,709889470187000,1.0873389,-5.9204884,2.3135889
1646,C,1467002508834000,-6.1480155,-2.7686427,-1.8944606
1626,C,598482854898956,1.4712067,-6.099869,2.731186
1619,C,173368360600856,3.696049,-11.54065,0.78290397
1626,C,598464727451313,6.7860565,-11.193085,4.9615173
1650,C,359434373187000,-6.7659307,-4.2343946,-10.083033
1610,C,18480889422389,0.8732605,6.8302765,2.6042633
1614,C,85572678039000,0.4023633,10.559642,-3.4631984
1641,C,1217161641900000,8.904683,-5.6857767,-2.7590625
1609,C,43456170352922,3.045166,-9.118225,-0.16552734
1645,C,1131357535594000,2.9051588,-6.9216065,0.51492923
1649,C,1164766448631448,2.178125,-8.279149,0.014963761
1635,C,677492040896888,-2.900772,-8.465927,-2.2046356
1633,C,693629870616289,-5.315811,-1.1992645,2.6516418
1606,C,127545180270499,-7.784195,-3.451004,1.7352295
1615,C,168616519259416,-1.4009247,-6.08107,1.1171265
1615,C,168618533438032,2.0205688,-8.806564,4.881073
1628,C,1138283944329663,-5.346176,-5.877533,-1.6092987
1611,C,3061174944150,-0.45091248,-8.776886,-0.72146606
1644,C,1818503472839000,-6.6916847,-7.565867,-2.1363575
1604,C,19726464859115,3.3676453,11.4006195,-1.0614624
1622,C,1148801907154124,0.7717438,-7.8209686,-0.0034484863
1648,C,459439637169000,-3.4416432,0.19639161,5.4319043
1648,C,459355387931000,3.6308498,-17.641714,2.9889846
1644,C,1818441806625000,-1.2310401,-7.1539235,-1.1328443
1617,C,268795919483108,-1.674942,-10.94519,-2.0767822
1634,C,77817711978527,-2.3693237,-4.7927094,4.8855743
1603,C,9939062013961,5.7400985,15.655684,7.666234
1641,C,1217065993659000,16.789087,-0.6466553,-11.086546
1635,C,677612266106912,-4.111786,-4.1524353,0.02230835
1613,C,177341735792824,0.17896658,7.4286094,-0.023343466
1644,C,1818420122469000,-2.42855,-16.669336,2.0070264
1625,C,707150815596655,-10.094971,-2.9592438,-2.5566711
1630,C,1559673855311654,4.1518555,-0.22114563,-0.056365967
1616,C,193835239047626,5.577179,-2.5392609,0.14648438
1628,C,1138306361919682,-2.5201263,-4.407257,-3.3851013
1627,C,442262643236396,10.026184,-3.2358704,-3.0631104
1627,C,442155389217182,5.0260925,-6.459427,3.467102
1635,C,677574782593442,-3.7524414,-6.289963,0.06575012
1622,C,1148815553112515,0.6763611,-4.634033,3.0646057
1646,C,1466873092259000,-5.7791824,1.3675562,-1.6238233
1619,C,173397330635847,1.2419921,-7.1844006,1.2090719
1607,C,292214641753820,-2.0165164,4.309563,7.949348
1639,C,183781514147506,10.594043,-1.8020856,1.0151415
1601,C,258163214080556,-1.062427,-9.842564,0.79128367
1649,C,1164795219725291,-2.5498247,-10.685921,-1.6304513
1636,C,504512672310135,-1.6741943,-5.7927856,1.8211212
1643,C,710015885034000,2.44771,-2.7590625,-2.208208
1646,C,1467033784160000,-10.159674,2.3614893,0.035925295
1601,C,258058186503305,2.1739352,-9.197925,-0.8900445
1644,C,1818412746648000,-3.1566358,-9.529783,0.17962648
1614,C,85513413912000,-2.8836036,16.801064,-6.6844997
1643,C,710037861548000,0.30895755,-6.964717,3.3362625
1616,C,193833265170673,8.876282,-5.5210266,1.2960052
1625,C,707285724021346,-4.184265,-1.9835815,-2.8146515
1635,C,677516976188702,-2.9045868,-7.313156,-0.48078918
1628,C,1138286462029859,-2.1012878,-5.283264,-2.198471
1606,C,127598756933632,-5.9945374,-5.9030914,1.6431732
1612,C,4277324854979,-6.5214233,-9.448898,11.3207855
1609,C,43402694410722,5.04657,-6.98143,-0.13327026
1650,C,359358359149000,-5.46304,-5.489385,-1.7603394
1650,C,359418191191000,-4.095484,-3.276387,-1.22146
1629,C,606155565554200,-5.4716644,4.261322,-7.106735
1635,C,677604108751595,-9.547256,-15.3824005,-2.0480347
1617,C,268852467024042,-6.5865326,-10.64769,-1.5344086
1624,C,518129027386559,3.5081024,-13.335236,-4.1431885
1610,C,18342818771278,5.189331,7.424637,-0.18852234
1635,C,677621692362862,-2.9396667,-8.965286,-0.08291626
1611,C,3078043552592,4.4933014,-16.981873,-3.2268677
1602,C,100450034466584,-2.239029,-8.581238,0.61268616
1641,C,1217140142885000,5.9252787,-2.6441016,-5.2834134
1600,C,246299421604365,-2.46167,9.294098,-1.7714081
1622,C,1148846420109716,-0.21102905,-16.102066,-0.5661316
1628,C,1138233872310988,-4.906189,-10.431747,-2.5561981
1626,C,598428724321262,5.3993073,-8.99704,2.6608276
1647,C,1217929844347733,2.6916811,-4.821324,-2.336741
1645,C,1131474816230000,5.5780005,-10.341695,-0.7448511
1641,C,1217057329525000,10.643467,-2.1555176,2.435735
1647,C,1217983117332920,4.0384197,-6.905476,-0.26156655
1641,C,1217118039347000,3.2452517,-0.14130616,-7.5035963
1601,C,258038872915811,3.0609868,-11.480796,-1.4443022
1629,C,606159039980469,-2.7597046,6.1418,-2.5611877
1607,C,292347881050280,-8.04392,9.012374,0.8678981
1628,C,1138266119010391,-3.2256622,-6.291153,-1.5783539
1625,C,707208460843879,-7.939987,-1.7464142,-0.2164917
1616,C,193847102440592,7.744751,-4.9592743,-6.0712585
1620,C,939473554684504,0.4783783,7.8243256,-3.4489594
1607,C,292253149247137,-7.294534,5.3300915,0.9552865
1626,C,598362408119080,-0.231781,-6.2392273,1.1968536
1607,C,292320267576748,-1.4790181,4.0258503,-0.93373865
1620,C,939481258826975,0.37980652,9.841095,-3.8137054
1649,C,1164830693760955,1.1707647,-4.1557355,-0.31244332
1644,C,1818550447895000,-3.0296998,-8.919053,0.27303225
1616,C,193829297275165,7.5761414,-8.168503,1.996109
1608,C,47826502775935,0.9083252,-7.861557,-2.040985
1606,C,127589743566675,-9.505814,-2.1084137,-0.17118835
1618,C,199942187100010,-8.350159,-17.154327,3.813385
1602,C,100581659855363,-1.0375214,-11.053741,8.439819
1609,C,43422936710437,6.451889,-5.9154663,-2.3768616
1629,C,606188245307242,0.8358154,2.4694672,1.3445587
1644,C,1818487794183000,1.695674,-7.695198,-0.26345217
1602,C,100562273549337,0.9584503,-15.799072,0.7360077
1631,C,1553661184398007,3.5483856,5.9627533,0.52456665
1613,C,177275134637379,-1.5119383,11.899781,2.8634653
1606,C,127432286605098,-12.506989,-1.1147614,2.2539063
1636,C,504499378832612,-6.1959686,-11.272858,-0.03425598
1638,C,1139140388978431,-1.4284406,-4.239832,3.4744356
1640,C,172378153297106,5.243302,-1.869273,-1.217302
1622,C,1148868928352541,2.704193,-7.118515,-0.7559662
1610,C,18447001199408,2.1367035,7.115158,-1.260849
1619,C,173312892285359,-0.61171854,-3.9959226,1.7274165
1623,C,2043647139053,1.862793,-12.45285,-1.8622894
1632,C,5214508893563,-0.41329956,-6.7668,-4.897339
1625,C,707225258949768,-8.288315,-2.9643402,0.90119934
1616,C,193852560825520,3.022171,-12.845978,3.1637573
1622,C,1148874970833010,-0.6587372,-5.662842,0.6123657
1604,C,19784220899441,1.9221344,7.0821686,-2.0790253
1617,C,268757952554808,-1.2692261,-4.777191,0.20448303
1619,C,173402518761053,6.1584854,-12.026075,2.046444
1638,C,1139066762010361,10.786777,-0.358831,-4.251653
1618,C,199864239125623,-0.38259888,-10.037979,0.5396576
1614,C,85575447369000,-2.6033864,5.5516553,1.2669654
1625,C,707271524202005,-11.355301,-4.08519,-0.14875793
1641,C,1217111531168000,6.823411,-3.7697608,-6.6174393
1612,C,4247464935647,-2.052597,-8.273666,-1.1865692
1613,C,177274655738526,-2.6461914,11.991359,-2.8191724
1621,C,168285293695417,0.9283517,8.040926,-1.1767502
1604,C,19743836990527,3.6384125,11.956863,-1.2228699
1648,C,459346461316000,-1.0609937,1.4202466,5.261858
1644,C,1818442995441000,-1.5567628,-12.597803,5.4031644
1623,C,2036094029329,-2.1564178,-11.843948,0.58309937
1631,C,1553764410114480,1.5386963,6.11438,1.1107635
1629,C,606220773986840,-4.6227264,6.8397064,-1.9614105
1636,C,504524001945746,-0.6618042,-8.778061,-0.8101959
1613,C,177267833371027,-6.1890116,10.314221,3.210026
1639,C,183787361996636,6.030695,-3.9688382,1.7118542
1645,C,1131503088889000,-0.9987232,0.14849122,-1.9974464
1644,C,1818457142385000,0.88376224,-8.495134,-0.119750984
1620,C,939376572877452,1.4659271,6.9785004,-2.2123718
1605,C,184407845377353,7.267599,5.397728,3.316568
1648,C,459323812196000,2.5698562,-5.630691,1.2717555
1643,C,710018375680000,0.1580713,-7.086863,2.1315675
1646,C,1466984090084000,-6.9862723,-3.283572,-1.8034497
1610,C,18427665258153,4.089386,10.722092,-1.5348816
1609,C,43355462353472,1.8587494,-11.243591,1.1945648
1614,C,85546349368000,0.48379397,11.448194,-1.4968873
1624,C,518143378263318,4.601227,-8.262543,-1.3718872
1638,C,1139142788355661,6.752547,-1.5200188,0.42422262
1624,C,518070364984824,5.8124695,-13.07019,-1.9049377
1607,C,292286987751761,-2.3762453,4.7764325,10.688315
1621,C,168290919850311,6.5032506,18.942326,-1.3012487
1644,C,1818448678480000,-0.9508228,-8.677156,-0.7424561
1644,C,1818470241614000,-1.5567628,-10.039923,-0.5508545
1600,C,246250225741484,-1.7032318,7.678299,-0.9576721
1637,C,15631922270038,8.412926,-2.2716484,3.793463
1605,C,184379792735438,2.1260512,6.999449,1.228824
1647,C,1217986588320835,3.4512417,-5.3606176,-0.50517654
1627,C,442170747189095,1.2680969,0.20327759,1.7100372
1603,C,9950712810986,-0.5931635,0.39923313,5.080496
1650,C,359534550026000,-8.727451,-3.7170706,-7.656878
1615,C,168589076321539,-0.13414001,-19.386353,-5.2857513
1601,C,258071474712362,-1.091756,-8.770559,-4.1838675
1627,C,442273771489266,9.364975,-1.8047485,-1.1547241
1604,C,19747563186816,1.3414917,11.560577,-2.18544
1623,C,2072248205733,-7.270523,-8.872833,-3.469986
1612,C,4264786710114,1.0205994,-15.359589,-6.4355164
1645,C,1131352920754000,8.49753,-9.589659,0.9867481
1649,C,1164767765426915,-4.8853683,-13.186066,13.5296335
1633,C,693668693582057,-3.307724,-5.9305573,-2.0913544
1619,C,173352399018832,0.22445641,-7.8290396,2.8508956
1641,C,1217092631179000,8.095166,-3.0871804,-0.12454102
1619,C,173251878979497,-3.9270895,-7.455544,4.272453
1621,C,168239364277101,-2.4600422,4.220379,-3.8522706
1606,C,127462750777259,-8.312958,-0.9317322,-1.4399872
1625,C,707238612832061,-6.336563,-3.5014648,-1.0595398
1609,C,43442776190739,5.60585,-7.136902,-1.4495392
1609,C,43316186218764,-0.18669128,-4.680771,-1.2610931
1619,C,173266124671730,4.7578773,-19.6133,-2.1493945
1604,C,19751742553935,0.07476807,0.8871002,0.96154785
1635,C,677494840579505,-2.5509644,-10.979492,-7.4394073
1621,C,168153889976196,0.05327099,9.56723,0.5967548
1645,C,1131464922002000,2.1315675,-6.353987,-4.1170387
1624,C,518140256315075,4.6359253,-7.570099,-3.694687
1608,C,47812000838961,2.8641052,-7.350998,-1.3085938
1644,C,1818567597516000,-0.613125,-6.67971,-0.90052736
1614,C,85570264748000,-1.9184108,6.3803325,-0.8095166
1637,C,15615224658838,8.908525,-2.7911904,3.0512605
1609,C,43327264106264,5.466095,-5.753418,-0.8541565
1630,C,1559610912782323,4.200699,0.5348511,5.045746
1622,C,1148777586188603,-0.21983337,-4.3078766,3.5237885
1646,C,1466969580751000,-9.817185,0.7232959,-2.4836354
1620,C,939325916750574,3.6513824,-6.4474487,-1.7074585
1621,C,168274279908599,-1.5125369,9.625289,0.34356794
1646,C,1466943383047000,-14.528189,2.2561085,-4.3421707
1614,C,85417514308000,-1.5328126,10.9069195,-11.2302475
1637,C,15530421746648,7.598897,-0.7872434,5.0815434
1609,C,43449624335270,3.4814758,-11.540161,2.5226593
1613,C,177436586917631,-1.6065093,19.612701,16.64808
1619,C,173284919352818,0.5518635,-4.8638206,0.15682021
1603,C,10003187854979,-2.0757728,-0.047884032,7.793725
1604,C,19713121038916,1.4897461,9.15654,-1.7998047
1606,C,127465117415442,-7.8842163,-3.2784271,-0.5005951
1607,C,292273819163381,-5.93343,7.933786,0.4405331
1643,C,710013990105000,5.5564456,-8.418494,4.91937
1641,C,1217016063316000,4.1146436,-0.7065308,2.198628
1611,C,3061426714169,4.287842,-10.518036,-4.896866
1603,C,9931199972402,3.4877534,7.162853,7.6051817
1629,C,606200531660047,-3.7868347,9.985748,-1.9229584
1648,C,459302674761000,-0.859812,-12.18107,2.0309765
1649,C,1164861219453704,-7.459734,-5.37199,0.55126494
1603,C,9923935946416,1.7399861,10.455479,3.5302503
1605,C,184472170664619,0.63087213,9.391256,0.18734628
1624,C,518175000581023,1.7675934,-6.5863495,-1.2664337
1611,C,3124772059275,-5.1895294,-13.418198,1.9251709
1619,C,173291703030366,-1.9895816,-5.3887496,0.3890578
1643,C,709956370944000,3.8679566,-13.079203,-6.8904715
1649,C,1164834245377724,2.415151,-1.4413095,-9.18715
1644,C,1818452265459000,-0.10777588,-8.305928,-3.2644117
1601,C,258106829329691,-1.1013328,-14.222157,-2.754529
1644,C,1818446240076000,-0.43349856,-10.162068,1.2166699
1630,C,1559763737192108,5.972351,2.8943024,3.8012543
1649,C,1164800845957111,1.8112136,-8.144476,-1.9871874
1646,C,1467003173890000,-10.166859,-0.8262818,-0.93405765
1629,C,606300232606698,-1.9950104,14.930771,-3.8510284
1648,C,459442458299000,3.1853762,-6.452183,1.3244458
1641,C,1217123721467000,8.971744,-1.7244141,-2.3638844
1616,C,193933308495825,6.3080444,-5.3299713,6.770691
1637,C,15648519719298,4.9892173,-3.4112885,3.769521
1641,C,1217072240052000,7.8844047,0.32093263,-2.2273684
1615,C,168634848118112,0.06373596,-0.63516235,-0.32354736
1644,C,1818551858504000,-3.1278956,-9.335787,-0.39757326
1619,C,173313650475827,0.10414778,-6.7767878,-0.6380547
1612,C,4239307587385,-0.04284668,-6.409134,-0.32748413
1623,C,2046366255264,1.2947235,-4.5579224,-2.8467102
1601,C,258040708308363,-1.3174095,-8.794501,-2.154183
1645,C,1131461919541000,-0.84065187,-3.3506324,-0.96758795
1643,C,709998653306000,0.038320314,-6.933582,-0.0071850587
1616,C,193931556176489,9.552704,-10.879623,-4.8365326
1614,C,85484196833000,-9.388477,10.916499,-3.3099172
1614,C,85556991630000,1.5136524,6.502478,-1.1400293
1647,C,1217996723245571,3.0891187,-11.056423,-7.029975
1606,C,127536267616419,-9.163605,-0.31248474,-0.9517975
1616,C,193798057628605,5.992218,-8.990814,1.305893
1649,C,1164897332097076,2.1757307,-2.018312,-9.792884
1630,C,1559609301464731,8.166275,2.8038177,7.967926
1636,C,504523599113714,2.2080383,-9.129562,-0.13807678
1646,C,1466973308918000,-7.3862405,-1.2286451,-2.5147705
1612,C,4248371307717,-3.7581482,-8.890732,-2.3342743
1643,C,709912758453000,4.4355764,-8.686736,0.51732427
1629,C,606162615114747,-1.916275,9.791763,1.0980682
1623,C,2057343412786,1.6079102,-3.8777466,-2.8262024
1644,C,1818440859398000,-2.663262,-9.163345,-1.2286451
1648,C,459417673065000,5.0582814,-20.166065,-10.3872
1631,C,1553690339370082,-2.5536957,6.4110413,-0.2811432
1600,C,246252189547637,0.44877625,14.89859,-3.3009338
1614,C,85503819799000,0.27303225,7.2353544,1.2334352
1614,C,85442933077000,-1.3268409,11.220667,-4.4259963
1603,C,9926093202717,2.795829,8.528147,4.9105077
1600,C,246286732403751,-2.0281982,7.4303284,-0.9658356
1614,C,85457591028000,1.5471827,6.109695,2.4788454
1625,C,707252349410869,-9.451614,-7.1230316,1.7196655
1611,C,3048838231129,0.83314514,-7.928665,1.739502
1614,C,85586049972000,-0.55324954,6.0043144,-4.0811133
1638,C,1139093399375851,8.36145,0.9651626,-1.2589012
1617,C,268844158613397,0.5276489,-9.528641,-2.4291992
1613,C,177370985714843,-2.046444,6.287772,1.9901801
1621,C,168122206231469,-0.30466217,11.619659,6.0166287
1648,C,459396736602000,3.3673975,-14.355747,1.2358302
1645,C,1131365515569000,-3.671565,-4.6678934,-2.7159522
1638,C,1139151436853681,11.878532,0.13198037,-1.2541127
1630,C,1559665798645259,8.409836,1.0621643,2.155365
1640,C,172367156385886,9.31105,-0.090381116,0.49694648
1616,C,193951536638350,2.5591278,-4.87027,0.7232361
1635,C,677631863887262,-4.617691,-11.226868,-1.9177094
1630,C,1559708952025406,8.963837,0.03251648,4.156189
1625,C,707119475262228,-19.544266,-3.6642303,-6.760605
1645,C,1131361162773000,4.095484,-9.829161,-1.7771046
1647,C,1217898201159932,5.3384714,-6.831256,-0.013766659
1646,C,1466947453870000,-10.504556,1.1136842,-1.331631
1650,C,359440559926000,-5.48699,-5.6522465,0.8286768
1609,C,43342168873489,5.9716644,-7.7857056,-4.3362427
1601,C,258179255157269,0.7733272,-5.194819,1.6298528
1641,C,1217067786708000,11.328443,-1.4609619,-1.7172291
1628,C,1138223781371429,-3.5216064,-3.9907227,-1.3682251
1643,C,709906067670000,2.4836354,-2.823728,-1.6597486
1615,C,168582681377671,0.82759094,-10.73288,-5.0305786
1628,C,1138170748526855,-3.3818512,-8.252899,-1.7405548
1629,C,606293686583483,0.15437317,4.9330597,-0.5045624
1606,C,127563458772685,-12.18338,0.44456482,1.0171509
1601,C,258106311132557,-1.6903064,-9.657611,-0.24959552
1619,C,173274065824331,1.0564415,-7.4723034,-0.5081693
1640,C,172277729253316,5.650316,-3.7750576,1.5144823
1632,C,5178203638982,-4.8020477,-15.488571,-7.548706
1640,C,172255287725236,13.874399,-1.9818004,-0.83901805
1621,C,168236690719915,0.34356794,6.326678,2.4169466
1616,C,193848290805989,7.1072693,-6.719986,-0.59407043
1616,C,193806778942081,13.86908,-8.709824,0.37141418
1633,C,693676548792711,-3.0855103,-9.893921,0.6048279
1639,C,183882592069586,14.78629,-5.316774,-1.2689269
1610,C,18351479642805,9.736389,16.902435,3.0386047
1621,C,168127712980633,1.4867992,12.4468565,-3.2495303
1621,C,168226555093720,-0.8319851,6.8869214,5.1385555
1616,C,193919733069728,5.165039,-9.284958,-0.028381348
1641,C,1217052554012000,9.314231,-2.8572583,-0.46942386
1614,C,85486946309000,-3.784131,7.937095,-0.8334668
1637,C,15579081196568,8.1758995,-3.9930794,3.982605
1650,C,359408155293000,-16.614252,-6.981482,-7.95865
1628,C,1138152177978623,-4.16597,-5.9818573,-0.48246765
1641,C,1216993153198000,5.391189,-1.5663428,-1.6693287
1648,C,459274444273000,-0.14130616,-3.3434474,-0.23471193
1634,C,77813029055598,-2.466568,-12.735413,-2.0730438
1645,C,1131386110185000,4.4691067,-11.00272,-0.7376661
1633,C,693796240258616,-5.125168,-8.290726,-2.1641083
1616,C,193873870643678,7.9117584,-4.63533,0.68315125
1604,C,19891978471479,2.7421875,6.744446,-1.4990082
1644,C,1818567637819000,-1.7172291,-7.9730206,-0.8861573
1624,C,518117949518128,5.068619,-9.381714,-0.7888336
1644,C,1818532411680000,-1.5974782,-6.809041,0.7927515
1615,C,168642854402850,-2.0395355,-19.17302,-3.1840057
1626,C,598477467020538,5.4418793,-9.005264,4.007202
1607,C,292321384792059,-0.9056068,4.6740804,2.731784
1641,C,1217026601622000,1.4920973,-0.42870852,-0.9580079
1644,C,1818461898469000,-0.9029224,-14.03242,-3.173401
1629,C,606287644103014,-3.2597504,7.9691315,-1.7164154
1608,C,47795333672897,2.2848969,-8.858505,-0.4229126
1623,C,2014441811778,-3.2864532,-14.3459015,-1.4699402
1622,C,1148860166755159,-0.240448,-10.080841,-1.092392
1605,C,184392362749703,-0.97384155,13.271659,-0.7314286
1601,C,258066606092625,3.1316159,-9.361927,-0.9720459
1641,C,1217022511200000,7.9227247,-2.692002,0.12933107
1610,C,18506972814460,4.2255707,3.376114,3.0264282
1603,C,9993570778786,3.0597897,5.981913,2.9059622
1616,C,193884948508242,7.6839294,-4.9335175,-0.8328247
1649,C,1164846335986208,6.6283474,-8.678981,-3.7229836
1649,C,1164880133592186,2.9604304,-9.273342,-19.6133
1650,C,359399590634000,-8.669971,-2.6967921,-2.299219
1648,C,459312850690000,3.0895753,-7.6401124,1.4370118
1603,C,9970506312543,-3.2872388,0.14305355,3.1681273
1624,C,518080536489458,7.438858,-14.272797,-4.6961975
1635,C,677600926378548,-6.18898,-17.691513,-5.9800873
1625,C,707163021409068,-16.955078,-8.199783,4.933609
1646,C,1466866220291000,-8.485555,-1.8705103,-0.16525635
1601,C,258146374200353,0.3172317,-10.802039,1.1677719
1625,C,707157925583873,-6.3755646,-2.5063019,-2.19516
1614,C,85435811881000,0.5508545,5.6354814,-4.5409575
1633,C,693683850116753,-2.0010834,-6.577606,-1.3016205
1646,C,1466919160385000,-6.485713,-1.5447876,-2.5243506
1648,C,459348859160000,-1.7962648,2.0429518,5.269043
1645,C,1131497728534000,2.4261549,-15.3736315,1.0801538
1611,C,3084539215103,2.2955933,-10.1492,0.0317688
1615,C,168702624603333,11.287888,-13.615234,-6.671692
1629,C,606298017030526,-5.8843384,7.7317657,-1.5226746
1644,C,1818582933193000,-5.2019825,-8.420889,-2.5315359
1650,C,359369261247000,-11.290123,-3.5661843,0.17723145
1601,C,258105871347764,-2.1260512,-8.091804,-4.0557775
1619,C,173263969998086,4.76087,-11.048642,0.65242
1621,C,168274359707766,-1.5741876,10.976217,-0.18794483
1649,C,1164920396459827,-1.0402806,-2.03567,-2.043451
1618,C,199847018040015,-1.3212585,-9.634476,0.41114807
1635,C,677598509389830,-1.6724701,-6.5624084,5.1888733
1617,C,268830160191845,1.3143463,-1.2603912,-0.012863159
1616,C,193900235990200,13.179153,-12.554062,-0.53678894
1606,C,127550517822093,-5.196747,0.50331116,-0.07254028
1636,C,504551444887255,-0.025650024,-10.33847,1.3557129
1649,C,1164922073824046,2.1290438,-9.238028,-1.1617863
1632,C,5241951809495,0.7416992,-11.225418,-0.9594269
1650,C,359451321265000,-7.278465,-5.087022,-2.215393
1608,C,47761747545889,3.5106049,-6.9891357,2.9603882
1650,C,359459583684000,-8.270002,-4.591253,-1.1088941
1637,C,15587478998638,5.3866544,-1.790414,4.305822
1625,C,707192730262435,-7.1717377,-2.9859924,-1.9502258
1638,C,1139196177465841,7.590517,0.23971945,1.6404771
1650,C,359427844051000,-7.321575,-4.023633,-0.28740236
1643,C,709942041914000,0.94603276,-12.724739,-0.38559815
1626,C,598478675516632,2.651825,-6.8503723,2.0480042
1617,C,268722150873033,-6.0402985,-9.177856,-0.8391876
1648,C,459317847974000,2.2848487,-6.4258375,0.5676197
1638,C,1139178331575761,10.463559,-1.0914567,-0.4233248
1623,C,1976625940151,2.020218,-8.331436,-3.2128754
1608,C,47740749936141,2.9198914,-9.492401,-3.3894653
1635,C,677461284645578,-5.7163544,-13.340958,-0.56973267
1609,C,43379934386453,1.7622986,-3.2898407,-0.8122101
1604,C,19730140684123,0.076293945,14.242432,5.021103
1620,C,939428085029560,0.5606842,7.572693,-0.5599518
1612,C,4221885095729,-5.614929,-4.4227753,-3.0728455
1635,C,677517801994366,-1.0134888,-9.868805,1.1373444
1641,C,1217046045519000,0.4981641,-2.4932153,-6.5791187
1614,C,85480497887000,0.6849756,7.4197707,0.30177248
1625,C,707122315228049,-10.479095,-1.1078796,-3.8647156
1629,C,606143329515462,-4.335449,9.967102,-2.8238678
1645,C,1131417304463000,0.21315674,-6.143225,-1.2573853
1602,C,100458393231233,-1.0720367,-12.080002,3.6138306
1645,C,1131488035869000,-0.7376661,5.269043,6.662945
1607,C,292238265456311,-3.127426,2.6144683,2.36188
1621,C,168288246589114,0.05267244,9.706693,0.57760113
1629,C,606255518229126,-0.44226074,10.227875,-0.33509827
1608,C,47715220448995,3.7820282,-4.1845245,2.1012573
1627,C,442269793522958,10.842972,1.5665131,0.9867401
1627,C,442168229475830,6.681137,-5.105423,1.2206268
1646,C,1466990518479000,-10.844649,-5.0534916,-1.710044
1625,C,707223849037659,-6.1547546,-5.556961,1.092865
1609,C,43466694321752,4.0158386,-8.486801,1.6178741
1641,C,1217007217694000,7.812554,-3.911067,-7.1419487
1643,C,709999278424000,-3.5949244,-10.3440895,-4.605623
1647,C,1217947563160644,1.869273,-12.019491,-8.272566
1650,C,359362007018000,-9.211246,-6.2845316,-4.0691385
1641,C,1217100187180000,6.2342362,1.0346485,-0.5628296
1621,C,168195351203160,-0.5351041,6.0716953,2.202067
1602,C,100572445060408,-0.6488037,-8.522797,1.9049683
1640,C,172254188408336,13.745112,1.1378443,-2.1989245
1649,C,1164921434120504,-0.10115502,-4.800973,-1.0205284
1641,C,1217155496157000,23.16942,-6.7779055,-7.5323367
1628,C,1138309483890020,-4.7411346,-8.684296,-3.9858856
1620,C,939343591007176,1.9925537,12.622864,-8.082077
1645,C,1131436911666000,5.5732107,-7.807764,-4.7876444
1634,C,77721435138739,-1.0162964,-11.82782,10.39328
1628,C,1138303562237064,-3.100174,-8.544418,-3.9093628
1650,C,359502256702000,-3.2117214,-5.017566,-5.728887
1641,C,1217105969999000,6.3947024,-3.1422658,-0.8669971
1646,C,1466929296976000,-7.812554,1.8800904,-0.33290774
1629,C,606270976918979,-1.4818268,8.677032,-0.7983246
1646,C,1466986326890000,-13.819263,1.463357,-4.423601
1616,C,193792740258391,-2.1211243,-6.1198883,0.10122681
1611,C,3119031716014,1.3111725,-7.887558,0.14492798
1644,C,1818564614979000,-0.13891114,-9.630374,0.1939966
1609,C,43417448112137,4.2145233,-6.4398346,0.14901733
1637,C,15558387744428,14.2978735,-1.6946459,5.5220766
1641,C,1217047758404000,15.019168,0.62989014,-4.88584
1622,C,1148926080143402,-1.6531372,-9.754135,-0.26156616
1644,C,1818487149531000,-0.4023633,-8.648416,-1.4178516
1634,C,77743792310125,1.9241333,-2.58049,3.1137543
1610,C,18345235763466,0.7331848,5.698822,-1.0669403
1616,C,193898060693197,19.250153,-9.771042,-6.644989
1643,C,709937185040000,6.1240654,-6.4066777,-1.1424243
1618,C,199976679600152,0.18527222,-7.540344,2.7523499
1618,C,199918067548808,0.121398926,-8.134216,4.1947327
1631,C,1553641445640953,0.11454773,9.209259,-1.2296448
1645,C,1131388749874000,2.924319,5.470225,-0.9029224
1647,C,1217993092574792,-1.9021933,-9.843162,-1.7567455
1631,C,1553771963215066,4.2726746,8.059189,0.64323425
1638,C,1139114694655301,14.188937,0.4647744,-1.0841244
1613,C,177386707159889,-0.908001,7.289147,0.7517793
1634,C,77760056662350,-1.0636902,-8.451553,-1.1891174
1648,C,459272147101000,0.28979737,-3.7649708,0.29937744
1648,C,459370682129000,0.9053174,-14.544954,6.67013
1644,C,1818508168265000,-3.6164796,-12.952266,-0.4023633
1649,C,1164940148383778,0.3309984,-8.642469,-2.1948843
1646,C,1466876235925000,-7.671248,-0.22513184,-4.277505
1614,C,85571866870000,0.47900394,9.472302,-2.44292
1630,C,1559695255751859,7.4035645,-0.43852234,0.4247284
1640,C,172286376403006,6.2943563,-1.9841946,0.7555203
1631,C,1553644668275446,3.0378418,9.891159,-0.524292
1634,C,77794498776743,2.4970093,-11.284775,6.8529816
1618,C,199911622236308,0.6782837,-8.169876,3.1421661
1616,C,193951234514327,7.007202,-6.9565887,0.7562561
1619,C,173358542092737,-0.2100912,-9.635465,0.96067345
1610,C,18460949255430,2.6138458,11.325058,-0.79771423
1614,C,85471952323000,-1.9854712,6.69408,-0.44786867
1614,C,85417415339000,0.613125,11.144027,-5.5540504
1604,C,19812821971220,2.8610687,7.226166,-0.91722107
1622,C,1148880409065020,-1.4319153,-8.019058,1.2318268
1602,C,100473751198543,0.5562897,-4.5476685,1.9633179
1619,C,173358942383205,-0.4854244,-9.808446,1.0283096
1644,C,1818518103518000,-0.855022,-7.9921803,2.3902297
1646,C,1466999163655000,-9.510623,0.30416748,-1.1376343
1625,C,707154723067359,-3.6524963,-1.5862274,-0.41334534
1625,C,707187533729232,-7.797882,-2.1898346,0.4113617
1621,C,168227273094553,-2.2415714,12.706627,3.911527
1645,C,1131405213594000,10.801538,-10.035132,5.484595
1602,C,100563280629415,0.15664673,-8.980087,0.5389404
1619,C,173326339854156,1.6089035,-7.6800003,0.3286042
1635,C,677582335699495,-2.158371,-7.1004944,-3.5454865
1635,C,677630212260323,-5.616989,-16.1156,-4.8030853
1613,C,177358974830993,-5.2540755,8.362348,8.333617
1640,C,172334764299856,15.820885,-3.5045128,-0.8701427
1625,C,707154864058570,-6.677658,-3.8738708,4.5633087
1635,C,677532928327731,0.5887451,-5.4907227,-5.142517
1606,C,127527808143763,-8.447296,-0.19534302,0.73950195
1648,C,459425874373000,3.9733377,-10.130933,3.6907253
1628,C,1138247830431500,-5.082611,-6.4898224,-0.8286743
1608,C,47656356622758,-2.1943817,-6.815033,1.3314819
1607,C,292323419991903,-11.600506,13.585897,-4.8763905
1645,C,1131472136151000,2.4525,-8.164622,0.4167334
1622,J,289689329813187,-6.256592,-7.5302124,0.68504333
1628,J,1137687430635726,3.9154968,-5.587387,6.204712
1644,J,1817781740418000,0.49097902,-9.189691,-1.5519727
1640,J,172029258572692,-5.8226986,-6.875549,1.4929343
1600,J,254015594587291,2.561386,6.896057,5.6924896
1649,J,1164109823596609,6.9784994,-3.8019924,-6.335656
1610,J,17117907253585,8.214722,3.9871216,2.0965576
1602,J,101624068281105,-1.5595856,-1.5478516,8.948105
1639,J,182956644635370,-8.624214,-4.7517424,-0.30406362
1603,J,11289501698182,8.865729,0.25498247,4.152743
1623,J,4797857213702,5.724182,-2.5135193,-7.8200684
1611,J,1821915376557,9.359863,-0.38676453,1.2159119
1644,J,1817708745313000,1.4992822,-9.10347,-1.4322218
1628,J,1137810936733496,4.596985,-5.098007,6.1844177
1633,J,692492474374959,-0.6995392,-8.949432,-4.318039
1644,J,1817792844640000,1.0873389,-9.290281,-0.97956306
1602,J,101484205023391,-1.04599,-1.743042,8.956696
1638,J,1137979354677971,-5.464466,-8.208072,-0.1774702
1640,J,171978921544862,-6.2464724,-7.225102,-3.805434
1633,J,692546252480031,-0.5867615,-8.872253,-4.467102
1611,J,1763152236177,9.329361,-0.19696045,0.99838257
1615,J,166179083369430,8.71431,-1.019516,-4.397003
1648,J,462009818376000,7.194639,-0.6011499,6.830596
1619,J,170900732514350,-4.787206,-4.9536033,6.9240313
1635,J,679531172875052,-8.225342,-4.061569,3.3936005
1614,J,83304693005000,-2.0094216,9.134604,4.126619
1629,J,606055082684959,7.1104584,1.8982849,5.495697
1627,J,441594766162334,-2.7771301,-9.000229,-3.206314
1643,J,709558727164000,5.716912,-3.182981,-7.4101906
1613,J,177013107916806,0.4405331,6.9916677,6.5708866
1646,J,1465849034704000,-9.230406,-0.70174074,1.7771046
1620,J,941465911562109,-1.1326294,9.667465,-2.2324066
1615,J,166190866196073,8.652954,-1.087677,-4.6221313
1605,J,180676151842697,4.3580456,1.6364368,8.504803
1618,J,199244532368914,-2.3926086,-0.73817444,8.8849945
1614,J,83164993651000,-1.5926881,9.3309965,3.776946
1611,J,1725336395485,9.407806,-0.4063263,0.76675415
1634,J,77496654860046,5.67424,0.24699402,-8.350433
1618,J,199137882607184,-2.3597412,-0.6437378,8.8528595
1637,J,15077575740079,-4.484639,-3.9140708,6.2594905
1606,J,126297325624261,-9.763718,-0.69470215,-2.5040894
1646,J,1465876602814000,-9.09868,-0.6227051,1.9423609
1628,J,1137720316293506,3.78508,-6.01709,5.963806
1603,J,11278408386936,8.913613,0.34237084,4.1018662
1602,J,101517217089250,-1.5733948,-1.6805115,8.877365
1628,J,1137831816842440,4.5428467,-4.7345123,6.389084
1643,J,709535630454000,5.616321,-3.171006,-7.4509063
1624,J,517622107776459,6.9138947,-3.9318848,-5.9691467
1646,J,1465727374674000,-9.311836,-0.66342044,1.6094532
1603,J,11327608007699,9.300277,0.08020575,3.7271736
1624,J,517512889921006,7.626419,-4.2585754,-5.6214447
1625,J,706879457834805,-5.6027527,-6.2974854,4.6969757
1619,J,171027068771072,-5.6060233,-2.8963854,7.3029137
1632,J,1968513768564,2.766388,-4.327011,-8.775314
1650,J,358924325730000,7.8868,-5.0654664,2.579436
1648,J,461876778086000,9.110655,-0.07424561,4.0499783
1633,J,692526362627677,-0.5773468,-8.802185,-4.640503
1615,J,166056169233416,8.446915,-0.8601532,-4.9792023
1634,J,77558842039152,5.7310944,0.115737915,-8.248642
1612,J,7477372165796,-9.9578705,0.8348999,-0.8711853
1648,J,461910189696000,8.935819,-0.13172609,4.402046
1622,J,289727598857384,-6.296936,-7.5112915,0.5379486
1637,J,15238317589299,-5.3680997,-2.2093992,7.8109336
1613,J,176999700238582,2.079364,5.8801594,7.37055
1635,J,679534395531302,-8.102661,-4.083893,3.5278778
1637,J,15078024722179,-3.7998974,-6.878093,5.9362736
1647,J,1220632376801301,3.0184898,-6.870162,-6.6588736
1609,J,42313582056515,8.861038,-2.6683655,-2.7462769
1646,J,1465851170764000,-9.319021,-0.68018556,1.7292042
1648,J,461974815421000,7.2760696,-0.5987549,6.725215
1614,J,83189048389000,-1.1352394,9.11784,4.5960426
1612,J,7357781389204,-9.970688,0.8790741,-1.0406799
1601,J,267296962678236,-2.208651,0.40641573,9.386468
1612,J,7431902486441,-9.960724,0.83625793,-0.9494629
1606,J,126202257259554,-8.526978,-3.592514,-4.1903534
1649,J,1164041507126013,6.499659,-4.040814,-6.681618
1646,J,1465828559952000,-9.316627,-0.6466553,1.6142433
1646,J,1465764536011000,-9.278306,-0.87897223,1.4968873
1622,J,289832788371393,-6.4886627,-7.4093018,0.03201294
1615,J,166208842579063,8.649857,-1.1897583,-4.4300537
1646,J,1465748736566000,-9.292676,-0.73527104,1.5639478
1647,J,1220551812933411,4.3939586,-5.8825536,-7.0461354
1646,J,1465737511535000,-9.395662,-0.63707525,1.7747096
1650,J,358903104743000,0.39996827,0.41912845,9.862691
1627,J,441588562564370,-0.4761963,-9.021072,-4.223816
1601,J,267346483321968,-2.72939,0.3345897,9.267955
1643,J,709482604876000,5.484595,-3.3123121,-7.4916215
1633,J,692621531704440,-0.6539154,-8.562958,-5.1912384
1650,J,358990164603000,8.032896,-4.6894484,2.9841945
1614,J,83223152363000,-1.8058448,9.196876,3.8248463
1621,J,170267120165441,-4.9823337,7.802105,-3.1609447
1641,J,1219666390281000,8.866363,1.4394068,-4.5768824
1646,J,1465821063392000,-9.599238,-0.58198977,1.5711329
1608,J,120312816287196,3.4463196,5.8780975,6.1803284
1617,J,266526193202225,-7.7520905,-4.8168793,3.1317596
1627,J,441755717710526,-1.8014984,-9.144333,-3.3964233
1637,J,15198173768349,-4.9060187,-6.588394,5.560384
1624,J,517544159758814,6.783478,-4.114914,-5.8495483
1641,J,1219746157677000,8.957374,1.1879297,-4.6199927
1614,J,83188039422000,-1.101709,9.18011,4.519402
1611,J,1830676955794,9.317459,-0.48083496,1.1080017
1600,J,254039814835020,3.0558014,6.8082733,5.6265106
1601,J,267347321309987,-2.6366146,0.19692309,9.275736
1605,J,180711865945546,4.6591167,1.6400281,8.213907
1600,J,254005322349353,2.9240417,6.7898865,5.737686
1648,J,461888506706000,8.753797,-0.20357667,4.687053
1627,J,441701174238855,-2.1611176,-8.95665,-3.5754852
1634,J,77500783888366,5.6930237,0.23355103,-8.363327
1624,J,517607354036117,6.880829,-4.2039795,-5.731003
1623,J,4895493602284,5.358185,-1.7366486,-8.413696
1624,J,517601311541025,6.906143,-4.333496,-5.636688
1620,J,941369685044002,-1.6463776,9.638611,-1.94133
1644,J,1817771059306000,0.76161623,-9.077125,-1.961521
1626,J,597903129257732,6.578079,0.34140015,-7.58963
1609,J,42291929834984,8.787399,-1.4548187,-3.4834747
1619,J,171029622291905,-5.6359506,-2.9239187,7.2951326
1638,J,1137940911331021,-2.9550436,-11.564144,-2.7217584
1612,J,7410149560147,-9.956711,0.8506012,-0.9519501
1633,J,692546453896046,-0.5959625,-8.790283,-4.5826874
1642,J,1470933017566000,-1.7603394,7.0174074,7.082073
1648,J,462011047667000,7.209009,-0.613125,6.8186207
1647,J,1220619129584691,2.967613,-7.0036387,-6.573281
1628,J,1137687027803695,3.893814,-5.6419373,6.1397705
1629,J,605992240893912,7.4746857,1.7442474,5.0665894
1618,J,199198307417660,-2.5465393,-0.6841736,8.791885
1640,J,172046404129112,-5.315128,-9.305663,3.5591304
1632,J,1951343063320,2.6958313,-4.4113617,-8.728165
1628,J,1137672203601981,3.0801086,-5.095749,6.6593018
1649,J,1164022114386229,6.2943563,-4.0581717,-6.8581905
1600,J,254102203455649,2.6295319,6.924576,5.6839294
1621,J,170116682377947,-4.8548427,8.280347,-2.908955
1649,J,1164138354722277,7.015011,-3.7349546,-6.299743
1605,J,180650374021456,5.0900726,1.5987282,8.100183
1644,J,1817698366367000,1.5471827,-9.144185,-1.2957057
1628,J,1137745946483500,4.2079315,-5.3520203,6.2800293
1650,J,359054572675000,8.866363,-3.3123121,2.6967921
1614,J,83141789452000,-1.3795313,9.539363,3.6260598
1605,J,180692552371750,5.01705,1.697489,8.1959505
1647,J,1220576153913041,3.6876693,-6.330868,-6.867768
1637,J,15064326095479,-3.9674914,-3.7776015,7.0783076
1619,J,171023756425917,-5.789778,-2.8820202,7.247847
1625,J,706978655238975,-5.3579865,-5.82016,5.336975
1645,J,1130881240911000,7.6329274,-4.960086,-3.5566041
1625,J,707048748016169,-5.5141754,-6.208893,4.7142334
1649,J,1164074309916832,6.7330937,-3.8313212,-6.517017
1638,J,1137932363601671,-6.2566476,-7.206697,-0.14320318
1643,J,709489699273000,5.345684,-3.3290772,-7.5467067
1611,J,1729666821653,9.357117,-0.31089783,1.0367584
1648,J,461945273151000,8.856783,-0.1341211,4.9433208
1637,J,15217071353939,-6.2156467,-0.40895957,7.0759134
1617,J,266469494564078,-7.3811493,-4.9661407,3.6542206
1643,J,709489921026000,5.702542,-3.3458424,-7.3551054
1622,J,289688070963090,-6.246567,-7.5387573,0.64971924
1646,J,1465832832184000,-9.477093,-0.60833496,1.710044
1603,J,11280401307509,8.907627,0.34476504,4.1018662
1631,J,1552818862622849,-1.4590912,3.1070251,8.516296
1615,J,166166091997326,8.721542,-1.0415039,-4.3526917
1614,J,83209918097000,-1.9399658,9.09868,4.3086405
1629,J,605955935650816,7.5692596,1.8101959,4.936981
1615,J,166159042436779,8.530258,-0.78504944,-4.3988953
1627,J,441723471013186,-2.1094208,-9.141678,-3.0298004
1615,J,166089151115367,8.470642,-0.82754517,-4.8852234
1632,J,1869668862815,-0.34080505,-1.4082642,-10.22728
1602,J,101602919616913,-1.5853424,-1.7678833,8.938385
1644,J,1817788269963000,1.6573536,-9.139395,-0.6179151
1648,J,461948960907000,7.237749,-0.613125,6.8497562
1638,J,1137853359143081,-2.1188686,-8.630349,-4.043358
1637,J,15129886213699,-8.116643,-4.63712,2.344971
1627,J,441621312788362,-2.0379486,-9.015442,-3.547348
1609,J,42328201487068,8.854233,-2.6007538,-2.5011597
1619,J,170982416365881,-5.6018333,-2.9700072,7.2885485
1645,J,1131003483153000,7.3742657,-5.012776,-3.1111305
1614,J,83310667118000,-2.0094216,9.204061,3.9972878
1625,J,706924071488908,-5.7054443,-6.422409,4.21492
1610,J,17226218732522,8.466141,3.5617828,1.8482819
1642,J,1470883340001000,-2.3830445,6.013894,7.776629
1602,J,101598186322050,-1.599411,-1.6793365,8.830704
1643,J,709401262657000,5.352869,-3.06323,-7.6449027
1650,J,358890972694000,0.4622388,0.51971924,9.953702
1629,J,606031265247220,7.333542,1.8369293,5.2239227
1644,J,1817696250206000,1.5160475,-9.175321,-1.3867164
1619,J,170933175023711,-4.7081976,-4.853047,7.016208
1649,J,1164047812058718,6.573281,-3.977966,-6.658275
1614,J,83137496723000,-1.21188,9.551338,3.65959
1616,J,195170536595801,-0.1443634,0.010848999,9.149155
1617,J,266459272727662,-8.123245,-5.372162,1.3748016
1624,J,517598743486826,6.85791,-4.279724,-5.667267
1643,J,709470976105000,5.5780005,-3.171006,-7.5227566
1602,J,101535143116794,-1.5562439,-1.7267609,8.907761
1644,J,1817780511275000,1.2885206,-9.139395,-1.4873072
1627,J,441640165340294,-1.604065,-9.033279,-3.8728638
1632,J,2007084919846,2.8312225,-4.235306,-8.76857
1647,J,1220630938316665,2.777274,-6.0866594,-5.969343
1623,J,4884063236223,5.366745,-2.3801117,-8.28714
1641,J,1219627644589000,9.697434,0.5604346,-2.550696
1646,J,1465848490564000,-9.316627,-0.61073,1.7531544
1647,J,1220606520153601,3.7535098,-6.345233,-6.908469
1645,J,1130841702187000,7.3958206,-5.1852174,-3.9422023
1627,J,441710258104188,-2.094574,-9.153763,-3.194809
1633,J,692568911760146,-0.9287262,-9.179489,-3.8903046
1626,J,597851818509635,6.57164,0.40582275,-7.5414124
1610,J,17171886762582,8.490631,4.0048065,1.2088165
1621,J,170219594887907,-4.8027687,7.827842,-3.3183637
1648,J,461943600895000,8.878338,-0.14849122,4.471502
1609,J,42168528962640,7.260681,1.2506256,-6.7591705
1642,J,1471006071668000,-2.699187,5.4486694,8.049661
1615,J,166058032326930,8.337906,-0.9556732,-5.052597
1618,J,199236324697163,-2.471283,-0.7518921,8.800812
1644,J,1817757254077000,1.2070899,-9.18011,-1.3124708
1629,J,605938563539129,7.280365,1.8343353,5.310089
1642,J,1470983843072000,-2.8524685,5.4271145,8.035291
1642,J,1471041923452000,-2.929109,5.3049684,8.090376
1601,J,267372700273990,-1.7172412,-0.2172738,9.502586
1625,J,707037871545765,-5.495407,-6.154541,4.832428
1644,J,1817689841559000,1.5615528,-9.129815,-1.4513819
1649,J,1164112654589215,7.0048356,-3.7738605,-6.2763996
1630,J,1559219309702627,5.372055,3.5229187,6.573303
1632,J,1955270662296,2.7081146,-4.3519287,-8.78389
1612,J,7353249528853,-9.974411,0.8544922,-0.9383545
1623,J,4852642337749,5.1577454,-1.9987946,-8.415146
1627,J,441754912046464,-2.0832367,-9.25354,-3.3275146
1625,J,706879256418789,-5.971466,-6.0769806,4.519455
1633,J,692546856728078,-0.65504456,-8.813843,-4.5363464
1629,J,606016964683138,7.188156,1.9592743,5.3455048
1603,J,11238182968515,9.17099,0.06464344,3.632004
1629,J,605963941937437,7.4389496,1.8187866,5.0784454
1640,J,171989017473132,-4.84347,-8.55149,2.7977743
1616,J,195170435887793,-0.16223145,0.06616211,9.127472
1641,J,1219750066245000,8.954978,1.3986914,-4.4595265
1647,J,1220499061047756,4.753089,-4.3568487,-7.3843164
1650,J,359026923221000,8.801697,-3.6979103,2.071692
1636,J,504240408217363,-2.4832306,-8.770798,3.0341187
1600,J,254008998191638,2.8674622,6.79451,5.7123566
1608,J,120304658938563,3.3037262,6.0519257,6.140045
1618,J,199201177576392,-2.3731384,-0.7614136,8.949249
1622,J,289685956104636,-6.211273,-7.5659485,0.67407227
1622,J,289803482339700,-6.4144135,-7.4179688,0.13859558
1614,J,83154825452000,-1.6118482,9.304651,4.033213
1602,J,101578004448067,-1.5291443,-1.5776367,8.909393
1633,J,692526614397696,-0.55870056,-8.841415,-4.616226
1648,J,461882360220000,8.923843,-0.12933107,4.430786
1606,J,126231412213975,-9.904816,-0.7839203,-1.9475098
1612,J,7345746795603,-9.972015,0.9452362,-0.8375244
1643,J,709492944159000,5.5612354,-3.163821,-7.436536
1613,J,177087847803863,1.6208745,5.9980736,7.33763
1641,J,1219724659499000,8.772957,1.4920973,-4.782854
1646,J,1465830756607000,-9.287886,-0.5748047,1.7172291
1602,J,101583865656326,-1.6046753,-1.5368042,8.956757
1644,J,1817805602105000,1.3004956,-9.127419,-1.4322218
1648,J,461893443742000,8.765772,-0.15088624,4.655918
1620,J,941437662954212,-1.8140259,9.702087,-0.661911
1613,J,176990003770670,1.9662381,5.823297,7.3669586
1627,J,441726633244631,-2.0496368,-9.193665,-3.1352692
1643,J,709412468283000,5.479805,-3.0847852,-7.534732
1648,J,462005243945000,7.180269,-0.613125,6.806646
1618,J,199130883400641,-2.3980865,-0.59384155,8.902618
1613,J,177109234023020,1.8195933,5.963358,7.363966
1628,J,1137836147286776,4.532898,-4.803192,6.4047394
1643,J,709459125295000,5.4606447,-3.1207106,-7.599397
1621,J,170138270661635,-4.6519337,7.98586,-3.2674868
1614,J,83259788293000,-2.3854396,9.237591,3.7003052
1615,J,166105113332803,8.497833,-0.8549042,-4.8177185
1613,J,177017337690556,0.9487024,6.8007298,6.7330937
1619,J,170918370319290,-4.745308,-4.8518496,6.9228344
1625,J,706959973896833,-5.844528,-5.652191,4.9961853
1624,J,517477491060758,6.644394,-4.915573,-5.3813324
1636,J,504151180917661,-2.7885895,-8.958023,2.1740723
1623,J,4922181213243,4.998657,-2.635437,-8.263672
1622,J,289787721550720,-6.4463196,-7.4393616,0.07600403
1633,J,692562063615615,-0.6066742,-8.843491,-4.6044464
1647,J,1220602368158759,3.6631286,-6.4978633,-6.724714
1637,J,15102545290229,-3.1821933,-5.9036527,5.464616
1615,J,166063420205348,8.376343,-1.0295868,-5.062454
1609,J,42185783609447,7.2466736,1.1301575,-6.7200623
1642,J,1470919635776000,-1.7842896,6.9168167,7.213799
1646,J,1465885288210000,-8.928633,-2.5962012,1.22146
1647,J,1220554646072578,3.406949,-6.277597,-7.1233487
1640,J,172061401834702,-6.7492547,-6.533178,3.7770028
1604,J,16148104148031,3.1631317,5.7989655,6.43013
1643,J,709496994969000,5.4366946,-3.163821,-7.6520877
1619,J,170984092283849,-5.641338,-3.0591912,7.249643
1641,J,1219633366934000,9.659114,0.57719976,-2.7255323
1642,J,1470955407440000,-2.5004005,5.774392,7.7359133
1629,J,605981666562415,7.480667,1.8242645,5.0800934
1638,J,1137930314271951,-6.927024,-4.0846577,-4.8502035
1647,J,1220551693308052,4.1413703,-5.899313,-7.0425444
1612,J,7321174026438,-9.97464,0.9079437,-0.95344543
1642,J,1470888096230000,-2.2944288,6.080955,7.800579
1610,J,17107232224495,8.259674,4.215576,1.8123627
1644,J,1817716604869000,1.7938697,-9.13221,-1.3819263
1623,J,4924799621446,5.24852,-2.1487122,-8.413879
1614,J,83280816423000,-1.8633252,9.105865,4.3421707
1636,J,504172631714102,-2.6875305,-8.780609,2.718048
1615,J,166051788435076,8.371536,-1.031311,-5.091324
1611,J,1733997265989,9.314758,-0.28842163,1.0949402
1645,J,1130850387901000,7.453301,-5.007986,-3.9733377
1631,J,1552784722593554,-1.7261047,2.93721,8.555252
1644,J,1817664991511000,1.2885206,-9.072334,-1.8609302
1602,J,101535324391208,-1.4290314,-1.6400299,8.908752
1633,J,692597009305173,-0.7431793,-8.696548,-4.8358917
1616,J,195051751472818,-0.17697144,0.091674805,9.162628
1603,J,11209693277744,8.760384,0.33758244,4.38917
1646,J,1465766369865000,-9.307046,-0.82388675,1.5088624
1627,J,441600949634014,-2.563858,-9.078705,-3.0453186
1627,J,441625764105300,-2.0396729,-8.862579,-3.4473724
1601,J,267386546950806,-2.179322,0.05267244,9.379884
1631,J,1552737540920996,-1.6956329,2.8397675,8.585617
1646,J,1465730619287000,-9.357342,-0.7568262,1.5208374
1643,J,709449148897000,5.49178,-3.05844,-7.510782
1631,J,1552880042748876,0.36227417,3.5227814,8.438873
1606,J,126327940872458,-9.664841,-0.97943115,-2.9654694
1608,J,120195239676403,2.9337616,5.9219055,6.398346
1648,J,461913696224000,8.868757,-0.15328126,4.4906616
1639,J,182837164158330,-1.515829,-9.138069,2.1624131
1644,J,1817756911595000,1.1999048,-9.177715,-1.3579761
1643,J,709485365881000,5.625901,-3.300337,-7.4006104
1617,J,266484197943296,-7.13414,-5.126831,3.9572754
1604,J,15999962675356,3.8492126,4.973709,6.684616
1648,J,461989868553000,7.2808595,-0.61073,6.74198
1614,J,83230155060000,-1.5998731,9.14179,4.2008643
1643,J,709456142506000,5.49178,-3.06323,-7.592212
1622,J,289764306940930,-6.36792,-7.463272,0.25047302
1619,J,171022000776283,-5.6586957,-3.2363622,7.1766195
1618,J,199176353039299,-2.4453278,-0.71806335,8.870239
1634,J,77444085263373,5.8312683,-0.07086182,-8.165863
1601,J,267295047320789,-2.345719,0.21428105,9.339781
1648,J,462031017680000,6.943162,-0.6011499,7.086863
1650,J,359034823086000,9.829161,-2.9003687,1.4154567
1650,J,359025169772000,8.58854,-3.7266505,2.9913795
1637,J,15121737977069,-4.175787,-6.9092174,4.5356655
1629,J,605957698040952,7.4730377,1.8121796,5.0298157
1618,J,199211298757210,-2.5223541,-0.70355225,8.820023
1614,J,83303644534000,-2.1052222,9.189691,4.095484
1644,J,1817697378790000,1.468147,-9.220825,-1.463357
1617,J,266552880822626,-7.9720306,-4.8112335,3.0914764
1648,J,461950452039000,7.29523,-0.61073,6.67971
1638,J,1138028744641741,-0.32920274,-9.743503,0.39609075
1615,J,166172990509030,8.677963,-1.0735931,-4.397278
1635,J,679558968297365,-8.614822,-3.994217,2.4544067
1634,J,77428576246264,5.799011,0.08972168,-8.352097
1642,J,1470984709666000,-2.8357031,5.4462748,7.965835
1642,J,1470937047862000,-2.2561085,6.6773148,7.326365
1648,J,461910753801000,8.921448,-0.1341211,4.382886
1648,J,462031077968000,6.950347,-0.60594,7.0581226
1617,J,266565721078292,-7.864929,-4.750778,3.12352
1606,J,126303770937511,-9.724594,-0.9173279,-2.5499268
1602,J,101507951966175,-1.843811,-1.5697937,9.000702
1649,J,1164014493290815,6.363788,-4.1078515,-6.7342906
1617,J,266458416709596,-7.972122,-5.2030334,1.2493439
1602,J,101542192687935,-1.4380493,-1.6896973,8.89209
1641,J,1219734733724000,8.758587,1.4825171,-4.7780643
1631,J,1552895904256045,0.44204712,3.3426056,8.397003
1612,J,7479940219996,-9.947678,0.8161011,-0.8920288
1637,J,15155130207339,-8.57633,-2.183063,4.126257
1644,J,1817713601994000,1.6813037,-9.125025,-1.3292359
1621,J,170237870570869,-4.578911,8.003218,-3.1501708
1643,J,709511526013000,5.271438,-3.2428565,-7.470066
1636,J,504119659280905,-2.3889618,-8.914856,2.574173
1640,J,172076898393412,-2.9999347,-8.668806,-4.906767
1643,J,709403398819000,5.391189,-3.1087356,-7.6209526
1610,J,17236239181335,8.574722,3.400589,1.8230896
1631,J,1552734318264746,-2.0416565,3.4795685,8.38945
1611,J,1723926483376,9.371475,-0.43104553,0.6811218
1630,J,1559113264154083,4.5387573,3.422287,7.190506
1614,J,83187168964000,-1.2837305,9.249566,4.351751
1642,J,1470942650388000,-1.8729054,6.974297,7.1251836
1628,J,1137790627283396,4.008835,-5.6192474,6.1766205
1606,J,126287305173685,-9.748215,-1.5791168,-1.7997589
1640,J,172055302659022,-5.837064,-7.191583,-1.5764322
1632,J,1941574365535,2.4900055,-4.2708893,-8.778976
1643,J,709554232879000,5.613926,-3.178191,-7.4054008
1646,J,1465846958885000,-9.357342,-0.6011499,1.8082398
1649,J,1164039233310180,6.5840545,-4.011485,-6.645107
1635,J,679475229575349,-6.966202,-6.241867,2.6863556
1639,J,182906602083850,-2.753631,-10.191368,0.5363012
1649,J,1164191864969861,6.9677253,-3.7792473,-6.307524
1642,J,1470993395579000,-2.7375073,5.609136,7.8868
1642,J,1470948152174000,-2.794988,5.589976,7.90117
1642,J,1471054881567000,-3.300337,4.773274,8.198153
1641,J,1219706505645000,8.842413,1.4346168,-4.687053
1614,J,83302754434000,-1.9232007,9.067544,4.373306
1645,J,1130843092769000,7.4964113,-5.134922,-3.8799317
1613,J,176983419398746,2.1380222,5.774216,7.4166384
1628,J,1137675406116630,4.007904,-5.6331177,6.1952667
1608,J,120173436399619,3.055893,5.9324646,6.392395
1646,J,1465869086004000,-9.3453665,-0.63707525,1.719624
1641,J,1219655207486000,8.880733,1.4322218,-4.600833
1621,J,170171949671050,-4.931457,7.93618,-3.277662
1641,J,1219736264881000,8.756192,1.5040723,-4.785249
1606,J,126335040787009,-9.556763,-1.052063,-3.1700287
1621,J,170204351631245,-4.6082397,8.02716,-3.2746694
1611,J,1833698196029,9.373581,-0.32617188,1.1808319
1601,J,267283116058137,-2.4594438,0.012569559,9.346365
1605,J,180597581191008,3.9366663,2.8634653,8.41921
1635,J,679457051772659,-6.945587,-6.3341675,2.616394
1605,J,180725470708406,4.693234,1.9189527,8.301296
1649,J,1164023031773467,6.3542113,-4.1036615,-6.794146
1601,J,267300554032973,-2.36188,0.28072014,9.3343935
1602,J,101513108202531,-1.5049286,-1.6910553,8.962448
1615,J,166099675100381,8.505905,-0.8611603,-4.8711243
1612,J,7437491784035,-9.958069,0.8852234,-1.0731201
1642,J,1471049903740000,-2.8452833,5.3289185,8.047266
1611,J,1827051484955,9.320465,-0.234375,1.1639404
1638,J,1137939511615221,-7.3699512,-4.494066,-3.5405755
1650,J,358961568032000,8.01613,-4.471502,3.300337
1603,J,11316037799579,8.790312,0.3405752,4.3448777
1615,J,166102595632608,8.495056,-0.8056793,-4.7885284
1644,J,1817739821742000,1.1112891,-9.304651,-0.6466553
1642,J,1471043334163000,-2.8261232,5.336104,8.042476
1604,J,16130127777628,3.330902,5.7244263,6.430481
1643,J,709465856818000,5.4678297,-3.06802,-7.5874224
1629,J,605927435297805,7.274002,1.9403839,5.345978
1631,J,1552874906640477,0.27749634,3.444809,8.486465
1611,J,1685607071735,9.305725,-0.3544922,1.2997894
1603,J,11263366570588,8.902241,0.092775315,4.0916905
1643,J,709536235158000,5.494175,-2.9913795,-7.6353226
1647,J,1220496824140100,5.055357,-6.0064535,-8.0445175
1619,J,170946143597666,-4.7279496,-4.8320975,6.9168487
1643,J,709533232142000,5.5157304,-3.2069314,-7.4820414
1643,J,709505721708000,5.4366946,-3.2069314,-7.568262
1635,J,679595172804222,-8.497025,-3.861145,2.955368
1617,J,266471105892203,-7.249588,-5.0964203,3.859375
1633,J,692522586077384,-0.5933075,-8.820084,-4.679718
1647,J,1220517932897383,5.149329,-4.7884035,-7.338228
1605,J,180732974969393,4.5441947,1.845331,8.345589
1629,J,605955381756773,7.6707916,1.7940369,4.942093
1643,J,709431413192000,5.47262,-3.0871804,-7.577842
1638,J,1137986952758511,-0.4007295,-9.718813,0.72993225
1629,J,606026834094877,7.334305,1.8815308,5.209137
1605,J,180758114338187,4.7961845,1.714847,8.309675
1643,J,709463297273000,5.470225,-3.1207106,-7.6161623
1614,J,83209047791000,-2.047742,9.0004835,4.3325906
1619,J,170999176011342,-5.553351,-3.2124202,7.2448545
1641,J,1219657263021000,8.813672,1.4058765,-4.641548
1627,J,441729876042482,-1.9333801,-9.208923,-3.152771
1618,J,199169756664787,-2.439087,-0.6429901,8.876587
1602,J,101627230512550,-1.4949951,-1.6030731,8.89856
1618,J,199240755818621,-2.3430786,-0.7140503,8.878204
1608,J,120211655073025,3.087616,5.8438263,6.488968
1617,J,266423370307775,-7.839508,-5.552429,1.4459229
1629,J,606067469780756,7.339905,1.9795685,5.2239685
1645,J,1130849279351000,7.429351,-5.0439115,-3.9757326
1646,J,1465794744410000,-9.3453665,-0.732876,1.4370118
1638,J,1137921865934751,-5.8759694,-7.7382097,-0.6124667
1627,J,441661273717237,-2.1393127,-8.99176,-3.502884
1619,J,170937883502981,-4.758476,-4.841076,6.95755
1624,J,517563445331928,6.8957977,-4.6417084,-5.4036713
1624,J,517623769458588,6.9168854,-3.893341,-5.9313507
1609,J,42332834089317,8.881149,-2.7655792,-2.6322937
1643,J,709533171624000,5.527705,-3.1039455,-7.4820414
1644,J,1817716645174000,1.7818946,-9.072334,-1.4010864
1627,J,441715837346540,-2.162033,-9.114075,-3.0860443
1639,J,182925248804630,-8.468591,-5.1156607,-0.37828386
1614,J,83214369210000,-1.8058448,8.983719,4.4116263
1627,J,441657084264112,-2.097168,-9.037247,-3.6385956
1648,J,461917000941000,8.878338,-0.21315674,4.4451566
1614,J,83141967449000,-1.2094849,9.510623,3.6308498
1617,J,266513503971475,-7.696106,-4.7891083,3.2385101
1627,J,441594786303936,-2.7487793,-9.013702,-3.1786957
1627,J,441699220503503,-2.0656128,-9.025314,-3.5896912
1637,J,15231618326519,-7.496545,-5.9587193,7.499687
1647,J,1220639200815409,3.0220811,-6.943185,-6.591836
1644,J,1817796895574000,1.341211,-9.158555,-1.2430152
1628,J,1137726845529346,4.6406097,-5.2895813,5.99144
1636,J,504108732474845,-5.3762817,-8.223953,0.4533081
1650,J,358908526229000,8.538245,-9.1849,0.85023195
1636,J,504139247000941,-2.8911743,-8.713547,2.8089905
1610,J,17143134629203,8.322388,4.0533905,1.7126617
1617,J,266436009175059,-7.167343,-6.232971,2.141983
1603,J,11222662574092,8.618527,0.7661445,4.5914803
1625,J,706934696204326,-5.8043823,-6.6432343,3.9407806
1649,J,1164152517961074,6.88752,-3.8139634,-6.356007
1611,J,1772367032260,9.20105,-0.39982605,0.51838684
1643,J,709437318457000,5.50136,-3.0823903,-7.5970025
1601,J,267363921415762,-3.2393548,-0.9660604,9.515156
1602,J,101585819391678,-2.1407013,-1.9047241,8.905212
1645,J,1130842770281000,7.8676395,-4.89542,-3.5015187
1649,J,1164096974123751,6.8958993,-3.7349546,-6.5152216
1646,J,1465804639154000,-9.287886,-0.75203615,1.465752
1630,J,1559107775569784,5.3224792,3.1799622,6.429474
1601,J,267327848303588,-2.2493525,0.3645172,9.349358
1645,J,1130917575066000,7.6257424,-4.7133985,-3.9014869
1608,J,120220970573351,3.2881927,5.9516144,6.315399
1641,J,1219733867147000,8.756192,1.5040723,-4.790039
1643,J,709440482612000,5.4606447,-3.0728102,-7.6017923
1612,J,7472940996204,-9.916031,0.8586273,-0.93437195
1633,J,692640364091439,-0.3369751,-8.538406,-5.2342987
1633,J,692564279191787,-1.0351257,-9.240463,-3.577942
1621,J,170181845497505,-4.791396,7.8248496,-3.34051
1627,J,441723410588381,-2.052719,-9.132584,-3.1357422
1641,J,1219610881369000,9.75252,0.55324954,-2.42855
1610,J,17226822980569,8.634384,3.7901764,1.175766
1646,J,1465857115692000,-9.316627,-0.7041358,1.6884888
1650,J,359021401362000,8.370594,-4.636758,2.44771
1621,J,170156107478347,-4.8338933,7.9864583,-2.9059622
1649,J,1164066528731263,6.603807,-3.9630024,-6.6750345
1605,J,180764020210528,4.590882,1.6304513,8.372523
1630,J,1559131844801619,4.501053,3.3304138,7.2475586
1648,J,462025878945000,6.926397,-0.62031007,7.189849
1638,J,1137891727969221,-5.3845596,-8.639926,-0.8063971
1608,J,120244133420758,3.1764374,6.078781,6.248047
1646,J,1465851231137000,-9.307046,-0.62031007,1.590293
1614,J,83136151633000,-1.4226416,9.486672,3.3386574
1625,J,706953327177713,-5.6725616,-5.940155,4.816284
1644,J,1817832445895000,0.98195803,-9.302257,-1.0059083
1650,J,358997157519000,7.8724294,-5.3384986,2.2417383
1629,J,606054125958885,7.1418,1.9417725,5.4667664
1646,J,1465808407659000,-9.414823,-0.2203418,2.2537134
1632,J,1884019737104,0.47279358,-1.5735779,-10.510376
1614,J,83178287058000,-1.2621753,9.235196,4.385281
1601,J,267295805273861,-2.3068132,0.27832595,9.323022
1605,J,180637446712816,5.5605335,2.1086931,8.261791
1635,J,679571103618088,-8.568771,-3.7713623,2.8704376
1620,J,941403422233064,-1.1500854,9.55014,-2.7327576
1646,J,1465750671069000,-9.342972,-0.7161109,1.5112574
1650,J,358894640652000,0.4622388,0.49337405,9.956097
1643,J,709564914537000,5.49178,-3.1159205,-7.6209526
1637,J,15163429366389,-4.8677115,-5.748029,6.123021
1642,J,1471051798272000,-2.811753,5.1947975,8.104747
1605,J,180627869025266,3.9504328,2.4378958,8.464102
1606,J,126302663149425,-9.702438,-0.8375397,-2.5372772
1631,J,1552845399190855,-1.4524536,2.2883759,8.7951355
1639,J,182796400072980,-2.0034978,-7.7395563,6.440702
1614,J,83307165734000,-1.9255958,9.065149,4.3637257
1614,J,83161413009000,-1.9088306,9.455538,3.403323
1621,J,170135197936116,-4.707599,7.939771,-3.4320881
1603,J,11250396058509,8.640674,-0.27832595,4.2898107
1641,J,1219651782314000,8.902288,1.3507911,-4.5816727
1612,J,7332554040902,-9.919067,0.9022522,-0.96958923
1638,J,1137860126976981,-4.912902,-8.381352,-0.5526117
1602,J,101547409362740,-1.5122833,-1.6936035,8.8923645
1643,J,709505217908000,5.3959794,-3.271597,-7.5299416
1641,J,1219637356351000,9.64714,0.59156984,-2.7542725
1602,J,101494658489931,-1.4779663,-1.5041504,8.950882
1645,J,1130827393663000,6.7659307,-5.927674,-3.796106
1641,J,1219610256802000,9.72378,0.5748047,-2.44292
1606,J,126203616817659,-9.941956,-1.2048645,-1.5084839
1601,J,267363083426752,-2.0398598,0.75956047,9.496002
1648,J,461898259870000,8.818462,-0.117355965,4.6128078
1626,J,597844517172711,6.5050507,0.35569763,-7.546295
1622,J,289827400492975,-6.488846,-7.4232025,0.06629944
1638,J,1137988452254211,-0.36750996,-9.731532,0.5660791
1643,J,709498889411000,5.3792143,-3.0895753,-7.6161623
1609,J,42183870157298,7.3672485,1.1205292,-6.6653137
1622,J,289675129993049,-6.1497803,-7.4136047,1.1141357
1621,J,170198844875153,-4.964976,7.7332716,-3.3770216
1649,J,1164081491671308,6.8168907,-3.8504748,-6.42903
1606,J,126330055740622,-9.6082,-1.0885773,-3.1060486
1640,J,172001364693952,-6.3949127,-6.499659,-3.4989762
1644,J,1817698205013000,1.5136524,-9.153765,-1.3388159
1602,J,101517297655656,-1.5561981,-1.6765747,9.006744
1611,J,1831935805892,9.304504,-0.31074524,1.2620697
1620,J,941334991125770,-1.6451416,9.192749,-3.482956
1639,J,182871957601390,-8.260295,-3.8563108,3.679888
1623,J,4839751722589,5.2965546,-1.4685974,-8.339584
1612,J,7311606773165,-10.0000305,0.92529297,-0.7104492
1604,J,16123632105347,3.3162537,5.791107,6.4544067
1631,J,1552835378748462,-1.5765686,2.4208221,8.6918335
1627,J,441766231626127,-2.0052338,-9.175217,-3.0444794
1639,J,182814925897390,-9.190891,-3.0756514,1.8103157
1629,J,605989068591666,7.529068,1.8498993,5.014786
1645,J,1130914249944000,7.678433,-4.629573,-4.009263
1644,J,1817752659122000,1.2310401,-9.1202345,-1.4968873
1605,J,180675952335507,4.325125,1.9458874,8.485051
1601,J,267354703606600,-2.5617957,0.2160767,9.271546
1650,J,358906409745000,0.45744875,0.4981641,9.932146
1620,J,941432124009116,-1.4672546,9.695175,-1.2908478
1632,J,1953608993495,2.6979675,-4.2244415,-8.7739105
1647,J,1220632497307967,2.9861681,-6.9024835,-6.6564794
1620,J,941418125598983,-0.7952423,9.794846,-0.93045044
1614,J,83295217538000,-1.8848804,9.09868,4.3325906
1614,J,83188435153000,-0.9627979,9.048384,4.6942387
1612,J,7473797031519,-9.951263,0.8268585,-0.92414856
1618,J,199187380578828,-2.4772797,-0.74250793,8.879578
1641,J,1219632520204000,9.651929,0.58677983,-2.699187
1617,J,266571411068433,-7.376892,-4.894333,3.8630219
1644,J,1817815618160000,1.2022998,-9.17053,-1.6142433
1614,J,83286849909000,-1.8848804,9.093889,4.4762917
1618,J,199154499421533,-2.4131775,-0.7646637,8.851456
1645,J,1130905604896000,8.066426,-5.017566,-3.1949563
1612,J,7373139372498,-9.994385,0.8582306,-0.95124817
1645,J,1130861793952000,7.431746,-4.905,-4.0763235
1602,J,101611379076496,-1.4941864,-1.5831909,8.896042
1627,J,441689210137007,-2.2169495,-8.992432,-3.5838013
1615,J,166091114921519,8.458328,-0.7545166,-4.962448
1642,J,1471056493617000,-2.929109,5.1900077,8.131092
1613,J,177008199718319,0.26036942,7.053917,6.5188127
1612,J,7314577651927,-9.96698,0.92622375,-1.1714478
1633,J,692499473581502,-0.7209625,-8.697052,-4.80484
1635,J,679552120134121,-8.715668,-3.7802277,2.344101
1604,J,16097901205894,3.1887817,6.0424194,6.266464
1645,J,1130850750651000,7.453301,-5.0031962,-3.911067
1643,J,709569509725000,5.575606,-3.1566358,-7.4748564
1618,J,199186725976777,-2.4434814,-0.73135376,8.846603
1611,J,1826850068939,9.313675,-0.26539612,1.2162323
1645,J,1130863063595000,7.434141,-4.9792457,-4.021238
1601,J,267315597483438,-2.3247697,0.23882163,9.367314
1644,J,1817790809353000,1.4753321,-9.182506,-1.1927198
1650,J,358983816431000,7.9538603,-4.6990285,3.1901662
1645,J,1130949516152000,7.7287283,-4.8163843,-3.671565
1629,J,606043803395374,7.3227234,1.8588562,5.2269745
1634,J,77474348021338,5.7072754,0.24259949,-8.326553
1602,J,101468192445819,-1.194046,-2.129364,8.859161
1614,J,83311992416000,-1.9399658,9.101074,4.1625443
1635,J,679505039164345,-8.111481,-3.9771118,3.5230865
1632,J,1937445337215,2.460373,-4.429779,-8.823639
1613,J,177032900217372,0.7625532,6.609194,6.903082
1629,J,606050500470604,6.828293,2.2457428,5.441696
1629,J,605903114308936,7.067993,1.9248505,5.4499054
1648,J,461971248659000,7.185059,-0.61552006,6.835386
1616,J,195029746772888,-0.18746948,0.013320923,9.154648
1632,J,1947113326992,2.6688232,-4.378479,-8.783585
1623,J,4888796512590,5.0913696,-2.7392426,-8.254166
1613,J,177013985796650,0.4261679,7.0449386,6.52001
1630,J,1559174544992235,4.7301025,3.4857025,7.058716
1604,J,16031635329268,3.8799744,4.594574,7.0093384
1611,J,1752074360324,9.344391,-0.3818512,1.1405945
1602,J,101605960998749,-1.5074615,-1.807312,8.893188
1619,J,171008154024881,-5.922058,-2.907758,7.277176
1626,J,597897791733318,6.53273,0.5052185,-7.5995026
1641,J,1219756755723000,8.813672,1.3651612,-4.5481424
1611,J,1792105812176,9.331696,-0.32087708,1.1183319
1647,J,1220591835797045,3.5715504,-6.483498,-6.825869
1642,J,1471030738513000,-2.8668385,5.2858086,8.080796
1600,J,254091729829044,2.6253967,6.8911896,5.774887
1642,J,1470989425386000,-2.7638526,5.575606,7.9059596
1601,J,267283914114178,-2.5893292,0.18794483,9.299079
1647,J,1220536769501700,4.9278655,-4.6740804,-7.4106526
1646,J,1465720341427000,-9.383687,-0.61073,1.8226099
1608,J,120238292356304,3.2456512,5.997574,6.2066345
1627,J,441684215019819,-2.188446,-9.023132,-3.4915466
1638,J,1137993301362581,-4.533421,-8.19206,-1.9909283
1634,J,77428324476244,5.599884,0.18658447,-8.423157
1634,J,77591421085884,5.696823,0.18496704,-8.351608
1638,J,1137865062356851,-6.730101,-4.9001827,-5.590012
1633,J,692542778053761,-0.63694763,-8.825531,-4.627182
1645,J,1130892566280000,7.462881,-5.0822315,-3.8440065
1605,J,180659831454836,4.678869,1.7423803,8.325238
1610,J,17185935514392,8.338028,3.8282928,2.691742
1604,J,16134156097941,3.184784,5.7266083,6.46138
1648,J,461878873876000,8.938213,-0.1580713,4.4571314
1630,J,1559181695271248,4.798401,3.4929047,7.03421
1645,J,1130895266661000,7.431746,-5.087022,-3.906277
1646,J,1465843875666000,-9.292676,-0.66342044,1.7363893
1642,J,1470905589245000,-2.5267458,5.633086,7.9682302
1629,J,605894503775536,7.0898895,2.131775,5.462143
1601,J,267356977852172,-2.4474726,0.30406362,9.304466
1640,J,172093445179952,-8.406042,-4.957793,-0.9898528
1604,J,16079673068593,3.3085938,5.7304993,6.413162
1643,J,709403036250000,5.4127445,-3.0847852,-7.6185575
1648,J,461993656954000,7.3072047,-0.59156984,6.6821046
1643,J,709557134786000,5.582791,-3.1183155,-7.4844365
1641,J,1219599799477000,10.023157,0.41912845,-0.36164796
1613,J,177086371362822,1.7202339,6.091448,7.2227077
1634,J,77488698917737,5.6564026,0.27220154,-8.387665
1603,J,11232679291693,9.059061,0.05865794,4.449025
1620,J,941403120109041,-1.1700287,9.556961,-2.752304
1648,J,461951822316000,7.2928348,-0.5963599,6.72761
1612,J,7338092981460,-9.917099,0.8965759,-0.97688293
1646,J,1465854616732000,-9.311836,-0.7161109,1.6070582
1632,J,1957838716496,2.8205109,-4.4322815,-8.695541
1650,J,359019426209000,8.971744,-3.3985329,2.3327491
1616,J,195182017309405,-0.1363678,0.036575317,9.149887
1645,J,1130932084611000,7.817344,-4.8499146,-3.6116896
1603,J,11357817225865,8.634688,0.374094,4.7040076
1621,J,170134240068565,-3.6541502,8.344392,-3.117849
1618,J,199152132783350,-2.4227142,-0.6779022,8.83284
1631,J,1552761056227110,-1.4479065,2.9395752,8.5903015
1624,J,517585701801123,6.999176,-4.1733704,-5.6408386
1633,J,692662368786058,-0.48239136,-8.686279,-4.9344482
1611,J,1808823312389,9.296677,-0.29180908,1.2119141
1645,J,1131001488175000,7.4101906,-5.46304,-3.8296363
1613,J,176998582881344,1.9818004,5.8891377,7.359776
1614,J,83303822673000,-1.7842896,8.978929,4.509822
1650,J,359024021227000,8.825647,-3.6116896,2.3854396
1649,J,1164031292109662,6.5750766,-4.06715,-6.5960255
1610,J,17224405988382,8.585571,3.3190613,1.9984436
1635,J,679482228793283,-7.1368103,-5.9062195,2.738922
1648,J,461907046188000,8.825647,-0.16286133,4.5529323
1645,J,1130934382040000,7.6425076,-4.8211746,-3.774551
1637,J,15099547260859,-3.4671032,-7.7687354,4.080767
1603,J,11247125889603,8.851364,0.41479546,4.19943
1637,J,15105194049499,-3.0241761,-7.227646,5.5101056
1648,J,461941061826000,8.878338,-0.1341211,4.5002418
1625,J,706993560017675,-5.584717,-6.047104,4.788208
1623,J,4928979003770,5.2925873,-2.0382843,-8.391586
1636,J,504114623891360,-1.8113251,-8.91507,3.06279
1648,J,462048186191000,6.847361,-0.60594,7.1635036
1622,J,289671303088752,-6.2122345,-7.5408783,0.8694763
1612,J,7383310866111,-9.960403,0.87913513,-0.9566803
1628,J,1137806404860475,4.515442,-5.212555,6.082718
1650,J,358952196949000,7.558682,-5.245093,3.1087356
1641,J,1219713114254000,8.54543,1.6070582,-4.9552956
1645,J,1130953385406000,7.661668,-4.8451247,-3.8200562
1650,J,359024545130000,8.799302,-3.6907253,2.5243506
1635,J,679500608012001,-8.672104,-3.792801,3.5430908
1608,J,120186830555074,2.7737427,6.0856934,6.428192
1649,J,1164084884299590,6.8288617,-3.8672342,-6.4469867
1634,J,77561863279387,5.786743,0.17553711,-8.310501
1611,J,1704439478471,9.355545,-0.19526672,1.2364502
1629,J,605905430593478,7.3033295,1.9707184,5.3342743
1622,J,289792152703064,-6.465042,-7.44516,0.072387695
1647,J,1220665177733891,3.245939,-6.8569937,-6.5804634
1627,J,441763552793119,-1.8937225,-9.14209,-3.218338
1629,J,605955432110777,7.625931,1.7674103,4.8294525
1643,J,709461463348000,5.47262,-3.0919704,-7.5706573
1648,J,461924094198000,8.904683,-0.17962648,4.512217
1621,J,170127017502264,-4.6537294,7.9702973,-3.2231941
1650,J,359014146310000,8.710687,-3.8056862,2.5123756
1624,J,517464147245579,6.189743,-5.5868683,-5.274887
1638,J,1137905471593131,-5.023035,-8.086865,-1.8670284
1641,J,1219721737753000,8.765772,1.5088624,-4.7804594
1609,J,42262808450649,8.4908905,-1.6067505,-4.3199615
1646,J,1465792104379000,-9.328602,-0.76401126,1.4130616
1639,J,182793606369970,-2.0705357,-8.268675,4.307468
1618,J,199240050862566,-2.294342,-0.73287964,8.90094
1614,J,83241945035000,-1.5998731,9.223221,4.2799
1635,J,679465964448816,-6.9613953,-6.229782,2.6662445
1620,J,941342644946594,-0.891922,9.79512,-1.3948822
1642,J,1471041278456000,-2.7446926,5.391189,8.071217
1641,J,1219765379323000,8.907078,1.4058765,-4.502637
1626,J,597847034879264,6.6022034,0.40037537,-7.576721
1647,J,1220490720684218,4.6178164,-4.022857,-7.1550717
1614,J,83252844984000,-2.3902297,9.091495,3.8583767
1645,J,1130959330191000,7.91075,-4.5457473,-3.661985
1646,J,1465861730635000,-9.273516,-0.5221143,1.5663428
1610,J,17245655353531,8.557632,3.4790344,1.8285675
1604,J,16041101878606,3.2842255,4.973297,7.007675
1642,J,1470887028144000,-2.339934,6.090535,7.7550735
1614,J,83238720580000,-1.7747096,9.1130495,4.138594
1650,J,359046531746000,8.952583,-2.4716604,3.2069314
1602,J,101593231488066,-1.559845,-1.7195282,8.930511
1643,J,709449390832000,5.5324955,-3.056045,-7.573052
1603,J,11274018999854,8.824429,0.15562311,4.2479124
1642,J,1471033962843000,-2.794988,5.237908,8.037686
1608,J,120211201886990,3.2100067,5.839905,6.4169006
1643,J,709452958150000,5.5157304,-3.03928,-7.6353226
1614,J,83304218250000,-2.0573218,9.105865,4.4331813
1601,J,267308494585054,-2.2026656,0.46986207,9.381081
1648,J,461978906196000,7.2664895,-0.60833496,6.74198
1627,J,441600043261944,-2.6081543,-9.033951,-3.0225525
1601,J,267331559440619,-2.3187842,0.31543607,9.3343935
1650,J,358979584471000,7.951465,-4.9073954,2.8644435
1646,J,1465852802975000,-9.244776,-0.728086,1.7866846
1608,J,120295343446780,3.3348083,6.000595,6.153488
1629,J,606013389569808,7.363449,1.9171906,5.2678833
1626,J,597934902601882,6.668808,0.280365,-7.520096
1638,J,1137910419623821,-5.650316,-7.8187146,-0.5621885
1604,J,16121466883179,3.3471832,5.7091827,6.4848633
1650,J,359044718567000,9.510623,-2.3375392,2.0549269
1606,J,126287204465677,-9.932617,-1.315506,-1.4026642
1625,J,707022211441640,-5.5723877,-6.134018,4.719925
1639,J,182913150892380,-1.5900491,-7.9360304,-2.980781
1610,J,17269774943118,8.591766,3.799759,1.4421997
1604,J,16139695029379,3.0200195,6.1532135,6.274994
1635,J,679518433308585,-8.192596,-3.9118195,3.4079132
1602,J,101545576476998,-1.4886322,-1.7125092,8.912399
1617,J,266454086243819,-7.750595,-5.7022095,1.637207
1606,J,126315704841987,-9.641144,-1.2633362,-2.700714
1650,J,359036152495000,8.8951025,-2.9458742,3.0776002
1629,J,605951101682148,7.326294,1.773056,5.2357025
1614,J,83281825271000,-1.9734962,9.081915,4.1960745
1646,J,1465859433132000,-9.304651,-0.68018556,1.719624
1602,J,101642638846475,-1.5366364,-1.5850677,8.95636
1610,J,17144343125297,8.304932,4.0826416,1.7096863
1642,J,1471053108055000,-2.955454,5.0367265,8.207732
1621,J,170107105705137,2.1164744,8.8777,-3.4644098
1616,J,195079345486428,-0.16299438,0.083618164,9.14653
1643,J,709540144981000,5.6833816,-3.1255007,-7.4125857
1629,J,605908502187716,7.2917633,1.9340057,5.334961
1645,J,1130842226044000,7.709568,-5.0487013,-3.427273
1630,J,1559153547365773,4.8483734,3.5044403,6.965973
1646,J,1465772979863000,-9.326206,-0.79754156,1.4441968
1648,J,461946582989000,8.734636,-0.57959473,4.646338
1627,J,441742101968797,-2.00589,-9.14035,-3.370697
1647,J,1220518333406037,4.9679685,-4.7884035,-7.378331
1649,J,1164095140261929,6.9102645,-3.8247373,-6.3524156
1605,J,180639799442081,4.63278,1.6992847,8.061277
1647,J,1220632217194374,2.9496565,-7.4375877,-7.041946
1610,J,17123597249259,8.29808,4.060974,1.8671722
1627,F,439845697999982,0.9406433,-8.761017,3.4647675
1644,F,1817940899420000,-2.5219557,-8.162227,-3.4655933
1613,F,174824249588069,1.6753427,5.1421466,8.040328
1615,F,167679179459614,9.05629,-2.7745209,0.48706055
1643,F,707959901151000,4.140989,-3.7697608,-7.975415
1624,F,516510369418174,6.6955566,-4.663986,-5.5997925
1645,F,1129395625507000,6.0617948,-2.2345533,-7.5323367
1604,F,16796977019622,5.121567,4.910614,5.9231415
1602,F,98483880772841,-1.5522614,-0.6742554,9.030518
1633,F,691607855246180,-2.6287231,-8.749634,-4.2688293
1618,F,198904441427873,-3.3195953,-1.9359436,8.4266815
1636,F,502467896907443,-6.350113,-7.336029,-2.7301788
1649,F,1162744757514739,4.675277,-2.2301989,-8.84478
1633,F,691714958224768,-2.732483,-8.706512,-4.042938
1612,F,6721306802678,-9.327942,-0.8890381,2.7379913
1605,F,181487091520142,9.218874,0.21308395,3.715801
1641,F,1216116851050000,8.50711,-0.31853762,-5.3384986
1638,F,1136861136488585,-2.1359272,-7.5900683,3.3593643
1608,F,44408376071520,3.240326,2.284546,8.233856
1650,F,357510569496000,-8.54064,-2.7422974,-3.1255007
1638,F,1136846890446255,-0.8454525,-10.180594,2.2101474
1647,F,1216841996442029,3.8774097,-5.54557,-7.521983
1648,F,463082082017000,-6.952742,-0.5676197,6.7371902
1615,F,167692523301612,9.074127,-2.7916412,0.46472168
1624,F,516514599154502,6.6701813,-4.713318,-5.617859
1621,F,170977806401309,-1.7866731,9.378088,-2.0536265
1640,F,170269069952119,-0.9222166,-5.525219,8.08477
1639,F,181638539982609,-0.8785224,-0.76225394,9.808895
1615,F,167766694749054,8.881393,-3.451767,-0.8289337
1633,F,691665409879738,-2.7249756,-8.637772,-4.24942
1625,F,705654153571224,-6.3345795,-5.31723,4.852707
1604,F,16909820336356,5.5470276,5.104553,5.445877
1601,F,258579850971957,-5.193622,-0.4878186,8.19236
1632,F,4315312470081,3.0816193,-9.128571,0.14804077
1649,F,1162752817536767,4.610634,-2.2385786,-8.904634
1611,F,1309915861477,8.936966,3.192749,-1.2650604
1629,F,604199034088347,-4.403137,-7.071701,4.671036
1605,F,181491362269360,9.044097,-0.04369418,3.851672
1611,F,1329100719089,9.012436,3.162857,-1.1610413
1633,F,691587361167240,-2.5239105,-8.569748,-4.5781403
1646,F,1465175321562000,-9.271121,-1.089734,-0.48139894
1650,F,357406828334000,-8.48316,-2.3830445,-3.04886
1643,F,707974431978000,4.0882983,-3.7338357,-8.028106
1614,F,85248867566000,-0.26105714,9.465117,4.028423
1650,F,357504201454000,-8.464,-2.668052,-2.9506643
1646,F,1465089052245000,-9.417217,-1.1520045,-0.05269043
1604,F,16800904650850,5.4219513,5.0325623,5.556427
1637,F,13522993573478,-2.3124995,-1.0003273,9.551967
1650,F,357407896336000,-8.066426,-2.931504,-3.1302907
1623,F,1258629493912,4.695587,-3.9844666,-7.8889313
1623,F,1398291383167,4.758194,-3.9883728,-7.9662933
1644,F,1818022479272000,-2.191443,-7.893985,-4.382886
1645,F,1129353710163000,5.5732107,-2.2106032,-7.8341093
1634,F,75706368601884,3.3847961,-1.4699097,-9.560638
1646,F,1465141265080000,-9.230406,-1.2454102,-0.39996827
1631,F,1551772506411430,-0.6308899,2.850357,8.721344
1630,F,1557507273577843,6.2771454,3.592804,5.5831604
1624,F,516509261630088,6.709839,-4.6662445,-5.5069733
1650,F,357493359877000,-8.6627865,-2.5818312,-2.9985645
1650,F,357439897221000,-8.610096,-2.6225464,-2.8261232
1626,F,596145009200765,4.4975586,-5.3448486,-7.140152
1630,F,1557528321532496,6.248535,2.931488,6.073288
1611,F,1330309215183,8.927399,3.2134247,-1.1806946
1606,F,125146585579176,-9.679901,-2.3657684,-0.9210205
1649,F,1162817860010542,4.5603557,-2.1859062,-8.9998045
1629,F,604347125233798,-4.458725,-6.9547424,4.7062225
1619,F,172633606777244,-5.1768627,-3.7523127,7.2304893
1603,F,7976071796096,9.470863,1.9913772,1.1575965
1628,F,1136117956785822,-5.101303,-6.2983704,-6.174362
1623,F,1375229240824,4.7622375,-4.0038605,-7.953354
1644,F,1817958392302000,-2.4501052,-8.234077,-3.4679885
1650,F,357494609356000,-8.533455,-2.675237,-3.1374757
1629,F,604272148130902,-4.467697,-6.961502,4.8128815
1602,F,98454222271541,-1.5654907,-0.62249756,9.019897
1618,F,198957917400496,-3.3388977,-1.8806458,8.436188
1609,F,40858004454804,-8.229935,-4.013916,3.1725311
1627,F,439900845695139,0.44760132,-8.721176,3.6180115
1615,F,167639299099784,9.093903,-2.8651886,0.46440125
1609,F,40857249144746,-8.258804,-4.068451,3.2003174
1625,F,705632581949007,-6.3239136,-5.3444824,5.199707
1639,F,181719611173419,-1.6470611,-1.3631986,9.840019
1608,F,44504451539770,4.076294,2.5035095,7.7657166
1627,F,439823864502211,0.0771637,-8.967972,2.971527
1644,F,1817962080353000,-2.3423293,-8.162227,-3.66438
1605,F,181477235382491,9.041702,0.33997664,3.7588966
1646,F,1465128629905000,-9.625584,-0.68018556,0.98435307
1643,F,707976165417000,4.126619,-3.7434156,-8.004155
1643,F,708058795576000,4.045188,-3.666775,-8.123906
1629,F,604299742097050,-4.3849487,-6.98085,4.7786407
1609,F,40778696904070,-8.661224,-3.5608368,2.7280273
1630,F,1557504957293663,7.2927704,2.6092682,5.0754547
1645,F,1129311351082000,5.8510327,-1.961521,-7.534732
1617,F,268510141045608,-9.614716,-2.4679108,0.23092651
1607,F,289899936367796,-6.67683,5.995081,-3.8881836
1644,F,1818072700429000,-2.083667,-7.9347,-4.3541455
1614,F,85194725248000,-0.2706372,9.539363,3.8200562
1634,F,75816039626394,3.3312683,-0.75645447,-9.636353
1640,F,170377648280649,-1.2262802,-4.3903675,8.170961
1628,F,1136122992186213,-5.005356,-6.4261627,-6.1456146
1604,F,16948441851267,5.51239,5.100525,5.4860687
1648,F,463221417102000,-7.6017923,0.4143384,6.013894
1601,F,258510218590838,-5.1666875,-0.45489833,8.187572
1645,F,1129472845614000,6.4066777,-2.1411476,-7.2569094
1637,F,13641023275998,-1.9797056,-2.6379614,9.2191725
1612,F,6589832485788,-9.348633,-1.1501617,2.657486
1644,F,1817913994184000,-2.955454,-8.193362,-3.2141163
1607,F,290005563793639,-7.252037,5.1397524,-4.4999022
1627,F,439803461052712,0.43321228,-9.235886,2.1123657
1625,F,705602047262873,-6.190872,-5.2727356,5.0574646
1610,F,17662485817665,8.134979,2.570404,3.7236176
1609,F,40709158006127,-8.99791,-3.6985168,2.0132446
1602,F,98493850875420,-1.5550995,-0.6648865,9.03952
1623,F,1307533301315,4.834152,-3.8724823,-7.868149
1636,F,502550326431501,-6.184265,-7.351761,-2.7763214
1600,F,245309411530460,0.49882507,8.933853,3.2797852
1647,F,1216831063050991,3.6218286,-5.5000796,-7.690176
1610,F,17606643230721,7.969223,2.6957855,3.9962158
1645,F,1129472200721000,6.461763,-2.1650977,-7.2257743
1619,F,172471557412619,-5.033809,-5.2223525,6.700772
1646,F,1465228521617000,-9.3381815,-1.1879297,-0.26105714
1650,F,357408984517000,-8.641231,-2.567461,-2.919529
1641,F,1216059627195000,8.351434,-0.39757326,-5.5157304
1619,F,172569481324612,-5.3025584,-3.716998,7.2526355
1646,F,1465096206154000,-9.354947,-1.096919,-0.11496094
1614,F,85217039053000,-0.4047583,9.565708,3.8847218
1606,F,125210635853285,-9.723938,-2.4822845,-1.0319672
1629,F,604318070980489,-4.488846,-6.9427643,4.707657
1633,F,691699449190844,-2.8390656,-8.734497,-3.9264374
1613,F,174886858259816,1.8309658,5.2379146,7.963713
1625,F,705629983682406,-6.4524994,-5.068802,4.9451294
1622,F,291168780826560,-8.570953,-4.4018707,1.8098907
1629,F,604278240943401,-4.5245056,-6.9364014,4.789612
1614,F,85235871101000,-0.2682422,9.491463,3.908672
1627,F,439858467772250,0.86383057,-8.578751,3.793869
1645,F,1129423575416000,5.613926,-2.3566992,-7.783814
1614,F,85157100740000,-0.22273682,9.388477,3.8511915
1644,F,1817913349392000,-2.8285182,-8.183782,-3.2284865
1641,F,1216130189748000,8.50711,-0.31853762,-5.3217335
1603,F,7977069359949,9.531916,1.9327193,1.1593921
1650,F,357360902696000,-7.6401124,-2.912344,-4.643943
1615,F,167713621613849,9.083893,-2.7984467,0.42575073
1636,F,502474694694567,-6.285507,-7.213043,-2.751068
1625,F,705667003926704,-6.40567,-5.1065826,4.9621735
1609,F,40767870773985,-8.846283,-3.3607178,2.4816895
1626,F,596173257795794,5.501358,-4.0040436,-7.315277
1603,F,7880262648162,9.470264,2.0847511,0.9403227
1610,F,17607096416756,7.9630737,2.6855774,3.9647217
1641,F,1216087392885000,8.356223,-0.4406836,-5.527705
1607,F,289930345291741,-6.711546,6.027403,-3.8911762
1602,F,98573661963244,-1.4911346,-0.63371277,9.056259
1650,F,357443705846000,-8.413704,-2.7207422,-3.2404616
1610,F,17610721882879,7.9784393,2.6977844,3.9749756
1643,F,708014376814000,4.129014,-3.767366,-8.013736
1624,F,516436298685057,6.514099,-5.0103607,-5.4276123
1649,F,1162822808814605,4.519056,-2.1745336,-8.996812
1620,F,941845882857351,-2.1118622,9.44249,1.4317017
1639,F,181762503440179,-1.6183307,-0.44382513,9.483283
1641,F,1216099865254000,8.351434,-0.26345217,-5.5612354
1646,F,1465052516428000,-9.21364,-0.9436377,-1.104104
1622,F,291282681548688,-8.710175,-4.2656097,1.5719299
1615,F,167714125153888,9.060242,-2.7687988,0.42608643
1633,F,691603424093836,-2.8116913,-8.230194,-4.769455
1625,F,705643538978034,-6.2009735,-5.1718445,5.0120544
1643,F,707909193985000,4.160149,-3.7146754,-8.0017605
1643,F,708029149393000,4.030818,-3.657195,-8.102351
1627,F,439937604140756,0.23335266,-8.7178955,3.686432
1632,F,4397792324953,2.867279,-9.206665,0.3553009
1640,F,170310709996289,-0.73786306,-4.5435963,8.752752
1627,F,439796512197484,0.623703,-9.231583,2.1283722
1602,F,98481866612685,-1.5680847,-0.7006073,8.965057
1646,F,1465129798804000,-8.866363,-1.0274634,-0.4406836
1624,F,516460720368798,6.593399,-4.851715,-5.573929
1645,F,1129388632894000,5.585186,-2.3471193,-7.798184
1610,F,17629755707609,8.124832,2.6130219,3.7905884
1644,F,1818072760849000,-2.2249732,-7.965835,-4.3158255
1607,F,289886927763997,-6.743868,6.0280013,-3.8522706
1638,F,1136957461727835,-2.358588,-11.588386,-1.4721348
1626,F,596192694420974,5.163513,-4.4879303,-7.328644
1607,F,289950534479390,-6.6864066,6.1716533,-3.6870706
1641,F,1216077842124000,8.315508,-0.40715334,-5.599556
1629,F,604212226858642,-4.391098,-7.0468903,4.6833344
1600,F,245349845795769,-0.038909912,9.563995,1.5778046
1610,F,17654731285133,8.082672,2.6129456,3.828949
1601,F,258560178332589,-5.171476,-0.48003745,8.184579
1646,F,1465173306452000,-9.285491,-1.0609937,-0.6346802
1634,F,75850783893220,3.2625732,-0.8748932,-9.657181
1624,F,516573815488542,6.7473297,-4.5089417,-5.6051025
1607,F,289878908101553,-6.766014,5.9717374,-3.743933
1638,F,1136913573855375,-1.6163855,-10.487052,-0.22954409
1641,F,1216099683875000,8.356223,-0.4382886,-5.5780005
1603,F,7981139599371,9.548675,1.9117701,1.1839328
1635,F,679668533009722,4.750641,-6.9223175,-4.8734894
1627,F,439857883665805,1.0272369,-8.575897,3.7614746
1617,F,268552690174398,-9.479919,-2.680725,0.80366516
1613,F,174947589783076,1.8052281,5.168483,8.010401
1644,F,1817967703181000,-2.6536818,-7.937095,-3.9326222
1648,F,463154651430000,-7.7598634,-0.6011499,5.688172
1617,F,268473584024750,-9.605698,-2.439148,0.39759827
1639,F,181730659110619,-1.5345336,-2.069488,9.435399
1619,F,172614812015742,-5.2325277,-3.8612487,7.2382703
1624,F,516576635312760,6.7632294,-4.575241,-5.6445923
1647,F,1216869729128065,3.8115692,-5.533599,-7.5908165
1633,F,691664201383644,-2.7806091,-8.755554,-3.9176788
1649,F,1162743002310261,4.654328,-2.2457612,-8.881291
1613,F,174939609255369,1.7705121,5.1517234,8.030751
1605,F,181482742282281,9.042301,0.25977087,3.7427359
1605,F,181567857052714,9.121908,0.020949265,3.6218286
1609,F,40755131221801,-8.862701,-3.3478851,2.4391632
1613,F,174920377451885,1.7944542,5.2020016,7.923012
1629,F,604205680838134,-4.4609375,-7.007675,4.697006
1600,F,245457704075460,0.43040466,9.323853,2.354126
1617,F,268437027019053,-9.663849,-2.4052124,0.3327484
1643,F,707950408797000,4.1314087,-3.7242556,-8.023315
1625,F,705565752102906,-6.116867,-5.385269,4.994522
1647,F,1216869370219104,3.8486793,-5.3899465,-7.629722
1623,F,1233009390748,4.6823425,-4.123947,-7.924362
1638,F,1136889879705065,-1.1112089,-10.230873,-0.44741645
1649,F,1162839727770848,4.507085,-2.1535845,-9.032125
1645,F,1129453702101000,5.6282964,-2.323169,-7.814949
1641,F,1216035750451000,8.363408,-0.34967285,-5.5396805
1624,F,516425925762933,6.482788,-5.055313,-5.4821014
1629,F,604347679127841,-4.468979,-6.9802094,4.7077026
1632,F,4423775004080,2.9532318,-9.14679,0.18902588
1610,F,17670441739865,8.09314,2.58432,3.7226563
1605,F,181453253258020,8.652046,0.6596026,4.563947
1643,F,707940976639000,4.145779,-3.7266505,-8.004155
1646,F,1465187210983000,-9.266331,-1.0681788,-0.74724615
1646,F,1465133667854000,-9.302257,-1.3867164,-0.36883304
1635,F,679816892689756,5.5014496,-6.9660645,-4.173126
1632,F,4263699609434,2.9202576,-9.166229,-0.07380676
1619,F,172497615163026,-5.257068,-3.7074213,7.306505
1632,F,4374528773981,3.0388794,-9.126251,0.07740784
1643,F,708025924801000,4.0739284,-3.6739602,-8.104747
1609,F,40841186218591,-8.267746,-3.994156,3.1695557
1648,F,463115595807000,-6.962322,-0.45984375,6.7635355
1614,F,85171501827000,-0.4526587,9.601634,3.788921
1600,F,245440936193019,0.3458252,9.390976,2.047882
1641,F,1216143347293000,8.490345,-0.3281177,-5.3241286
1634,F,75743026313318,3.419754,-1.4424286,-9.5469055
1647,F,1216797344896784,3.6343982,-6.139332,-6.974908
1631,F,1551724015524281,-0.6557617,3.035965,8.731522
1617,F,268424690273397,-9.602356,-2.428543,0.34259033
1628,F,1136042274714242,-5.399948,-6.50618,-5.670883
1607,F,289878229000303,-6.9066734,5.9980736,-3.739743
1626,F,596147375838949,4.588974,-5.208008,-7.2213593
1641,F,1216140647213000,8.452024,-0.31374758,-5.362449
1614,F,85275651786000,-0.33290774,9.465117,4.0356083
1645,F,1129448523030000,5.455855,-2.44771,-7.8700347
1627,F,439941310195444,0.5619507,-8.604523,3.8072662
1607,F,289983018387658,-6.581062,6.160281,-3.8588545
1649,F,1162773288901290,4.611831,-2.256535,-8.97287
1647,F,1216729629227150,4.4597993,-4.667496,-7.9032598
1627,F,439831941284438,0.32203674,-9.045883,2.873291
1639,F,181685419112649,-1.3836989,-1.842039,9.720309
1614,F,85312742247000,-0.244292,9.414823,4.157754
1604,F,16924876197134,5.5072174,5.091263,5.4266663
1648,F,463123717163000,-7.070098,-0.6849756,6.6126494
1637,F,13615178085148,-2.1880012,-2.7792192,9.106646
1615,F,167674446218505,9.093567,-2.7926025,0.47477722
1649,F,1162748309654061,4.5160627,-2.3169887,-8.992023
1640,F,170304561403319,-0.5199907,-6.403891,7.7711296
1633,F,691713296542639,-2.7510986,-8.640274,-4.04924
1631,F,1551795618913531,-0.58628845,2.9053955,8.746429
1641,F,1216181247527000,8.487949,-0.32572266,-5.3169436
1623,F,1331783817412,4.7717896,-3.954895,-7.952362
1629,F,604234130838964,-4.399124,-7.0268707,4.7468414
1627,F,439824690307875,0.43218994,-9.137314,2.6986237
1617,F,268436171000987,-9.603714,-2.3206787,0.29963684
1636,F,502465782039279,-6.361679,-7.2342987,-2.707962
1610,F,17615857991278,7.9697266,2.6707764,4.0213623
1618,F,198979015722057,-3.2463837,-1.9145813,8.4253845
1650,F,357395281473000,-8.066426,-2.7183473,-4.140989
1650,F,357401870995000,-7.800579,-2.8309133,-4.27032
1603,F,7823676700842,9.478644,2.285864,0.9672575
1620,F,941924334400855,-1.5528107,9.293945,2.010254
1623,F,1360908552745,4.775223,-4.0016327,-7.973831
1626,F,596248788780470,5.291504,-4.4377747,-7.2642975
1644,F,1818058935937000,-2.1531227,-7.9849954,-4.25595
1625,F,705712282249930,-6.302063,-5.1774445,5.011383
1649,F,1162704972343348,4.6680946,-2.2948422,-8.942344
1614,F,85185744648000,-0.3305127,9.551338,3.8368216
1605,F,181489445848058,9.327211,-0.0017956513,3.5541923
1611,F,1219580785858,8.966415,3.293457,-1.343689
1640,F,170354253054189,-0.77617025,-6.059126,7.742399
1629,F,604346067799716,-4.4526978,-7.0186005,4.751068
1627,F,439891500020588,0.5845337,-8.718796,3.7381744
1646,F,1465147230199000,-9.321417,-1.4010864,-0.51013917
1615,F,167612963965925,9.076523,-2.8407745,0.5237732
1614,F,85170927961000,-0.30416748,9.534574,3.8296363
1624,F,516476682614188,6.6114197,-4.8387756,-5.5651093
1634,F,75768102599679,3.453003,-1.3919525,-9.467957
1625,F,705642572181159,-6.320877,-5.235428,4.8923492
1623,F,1255789528091,4.7260437,-3.9827728,-7.990921
1606,F,125103079708492,-9.728531,-2.4062958,-0.36799622
1650,F,357424582048000,-8.557405,-2.6273365,-2.8692336
1643,F,707987269819000,4.119434,-3.781736,-8.004155
1609,F,40838819580407,-8.247757,-4.002182,3.2185364
1615,F,167597605985192,9.027283,-2.9798584,0.22187805
1639,F,181642821967729,-0.92401224,1.4380174,10.074651
1606,F,125140996284743,-9.671982,-2.2461243,-0.7660675
1618,F,198974987401745,-3.2832794,-1.8983612,8.437729
1648,F,463086636588000,-7.0437527,-0.5508545,6.6605496
1646,F,1465204319748000,-9.295072,-1.1543995,-0.50534916
1602,F,98537407105947,-1.4479523,-0.85150146,9.051407
1648,F,463091815818000,-7.1323686,-0.52690434,6.543194
1643,F,707974048827000,4.102669,-3.8104763,-7.999366
1635,F,679783172278609,5.5122223,-6.9508514,-4.15506
1648,F,463067834281000,-7.117998,-0.72569096,6.5120583
1641,F,1216177459772000,8.54064,-0.2083667,-5.278623
1630,F,1557447755152323,6.3962708,3.3095093,5.7444916
1614,F,85276719983000,-0.18441652,9.489068,4.021238
1638,F,1136855787657035,-0.8693945,-9.993847,3.7615902
1626,F,596120637853336,4.9841003,-4.734268,-7.311203
1634,F,75778727312648,3.1877441,-1.22052,-9.573883
1648,F,463146025841000,-7.510782,-0.7664063,6.0210795
1614,F,85185230223000,-0.18441652,9.517808,3.8464015
1643,F,707954922829000,4.129014,-3.7242556,-8.018526
1618,F,198908922934221,-3.4373627,-1.9350586,8.429733
1644,F,1817962422949000,-2.454895,-8.159832,-3.6260598
1623,F,1301510965188,4.64769,-4.0868683,-7.9687653
1613,F,174850585602748,1.8082209,5.1960163,7.934983
1608,F,44473483820028,4.1172333,2.6164093,7.7100983
1628,F,1136131753782407,-5.052124,-6.418274,-6.106125
1617,F,268499919182743,-9.398483,-2.8600616,0.662323
1645,F,1129309920373000,4.9792457,-2.074087,-8.246053
1627,F,439886807027424,0.5299835,-8.639313,3.6680756
1619,F,172487039663967,-5.3618145,-3.762488,7.192182
1625,F,705632501382601,-6.355133,-5.1229553,4.946533
1634,F,75835123780629,3.2778778,-0.8990326,-9.665482
1643,F,707964617159000,4.126619,-3.7242556,-8.01613
1644,F,1818043236422000,-2.3447242,-7.975415,-4.4355764
1643,F,707963670215000,4.1170387,-3.7529957,-8.006551
1627,F,439902235465647,0.5128479,-8.70903,3.6630402
1645,F,1129320721771000,5.8821683,-2.2776637,-7.7790236
1646,F,1465193397508000,-9.261541,-1.2382251,-0.5292993
1643,F,707924793509000,4.152964,-3.7577858,-8.018526
1628,F,1136063121278349,-5.4113007,-6.4032288,-5.7452393
1627,F,439859897825961,0.8511963,-8.551132,3.8095093
1637,F,13673318505668,-2.6213515,-1.7640778,9.944616
1604,F,16821398726939,5.4630127,5.0230865,5.5255737
1621,F,170876490439630,-0.0035913025,9.61272,-1.858499
1650,F,357414949547000,-8.586145,-2.699187,-3.1039455
1626,F,596187759739062,5.3832245,-4.9223175,-6.782303
1644,F,1817926892651000,-2.574646,-8.174202,-3.4751735
1628,F,1135973893953413,-5.3941803,-6.680649,-5.5555573
1639,F,181639534880989,-0.3254618,-1.0615292,10.42181
1615,F,167722886768086,9.014633,-2.761795,0.4355011
1646,F,1465105737793000,-9.4435625,-0.9963282,0.098195806
1615,F,167696048081885,9.083038,-2.7924347,0.46368408
1632,F,4414107035342,2.9251099,-9.167557,0.3193512
1644,F,1817966856741000,-2.5698562,-7.9897857,-3.9493873
1639,F,181787801199119,-1.7691654,-1.9521722,9.306112
1619,F,172530216024733,-5.2008047,-3.8271315,7.2753806
1643,F,708032192555000,4.045188,-3.6452198,-8.1071415
1648,F,463150338729000,-7.8772197,-0.6322852,5.5468655
1640,F,170263921624339,-1.2382512,-5.2594624,8.125472
1614,F,85182025593000,-0.24668702,9.584868,3.6931202
1648,F,463189051955000,-7.606582,0.4382886,5.997129
1625,F,705661867839699,-6.1733093,-5.1971283,5.1780853
1623,F,1291420024517,4.771103,-3.9416351,-7.950058
1646,F,1465194566456000,-9.321417,-1.214275,-0.5628296
1622,F,291262791735843,-8.640259,-4.2679596,1.5323486
1624,F,516476229428152,6.616226,-4.840164,-5.5523224
1627,F,439780398927134,0.6248779,-9.465927,1.2431641
1636,F,502503799323333,-6.1820374,-7.3624268,-2.7696686
1604,F,16818478180737,5.4738464,5.0640717,5.5359344
1601,F,258551638974676,-5.118803,-0.46028528,8.204929
1627,F,439846100832013,1.0844574,-8.706039,3.4642944
1614,F,85147110955000,-0.39996827,9.560919,3.7266505
1646,F,1465206133356000,-9.371712,-1.2549903,-0.45026368
1631,F,1551752717309106,-0.6428375,3.0141907,8.69162
1645,F,1129406668390000,5.7073317,-2.3878345,-7.7646537
1619,F,172515811101456,-5.2887917,-3.7427359,7.2568254
1614,F,85184537944000,-0.30416748,9.599238,3.755391
1626,F,596095007661470,4.899826,-4.6141205,-7.421921
1650,F,357401347174000,-7.9873905,-2.7734327,-4.152964
1623,F,1275488025119,4.7949677,-3.968628,-7.919876
1628,F,1136092276232667,-5.3652344,-6.2189484,-6.1306305
1647,F,1216763185495496,4.4196963,-4.465186,-8.056489
1621,F,170937623679554,-0.06344634,9.586384,-2.0386627
1650,F,357341839294000,-5.9540186,-3.9469924,-5.767207
1650,F,357487697360000,-8.5502205,-2.794988,-2.9841945
1627,F,439879072648742,0.6640625,-8.607376,3.7087097
1620,F,941913155811875,-1.5565796,9.363556,1.9928436
1606,F,125056905089687,-9.677231,-2.1620026,-0.34320068
1625,F,705573285042046,-6.091751,-5.4188385,5.0300903
1641,F,1216145100200000,8.504715,-0.32093263,-5.333709
1614,F,85160443887000,-0.69695073,9.68067,3.7218604
1648,F,463205133782000,-7.6113725,0.41194338,6.0378447
1624,F,516425321514886,6.4839783,-5.060318,-5.414612
1648,F,463225105020000,-7.6017923,0.43589357,6.0402393
1618,F,198895881264662,-3.4148712,-1.9398651,8.39827
1641,F,1216130572438000,8.495134,-0.3281177,-5.3408937
1628,F,1136003250342077,-5.4887085,-6.4072266,-5.6930695
1615,F,167772988974722,8.891708,-3.4227448,-0.8505554
1618,F,198946940228581,-3.4151459,-1.9477692,8.398956
1600,F,245416464158517,0.42201233,9.418701,2.1527405
1633,F,691701362633213,-2.706543,-8.704712,-4.1339264
1633,F,691599295058258,-2.652954,-8.525665,-4.3735504
1618,F,198965067678050,-3.374649,-1.8594513,8.45932
1644,F,1818077819148000,-2.1531227,-7.9945755,-4.152964
1625,F,705689622966672,-6.2594147,-5.131256,5.0394745
1643,F,707978865751000,4.129014,-3.784131,-8.028106
1610,F,17588666849956,7.9647675,2.7415314,3.966507
1611,F,1253267599487,8.915115,3.2557678,-1.2976532
1635,F,679790020431502,5.5323334,-6.9551086,-4.144806
1606,F,125047891722988,-9.676865,-2.0951233,-0.29612732
1610,F,17594155416415,7.967697,2.6944122,3.9831543
1643,F,708048275373000,4.047583,-3.657195,-8.0999565
1634,F,75821377150808,3.2113037,-0.92329407,-9.613785
1635,F,679765733023450,5.506317,-6.9253845,-4.225479
1608,F,44509638002172,3.9977264,2.4516144,7.8556824
1641,F,1216179353826000,8.490345,-0.32572266,-5.326524
1625,F,705651837287044,-6.2475586,-5.2423096,4.9318542
1648,F,463146529451000,-7.5059915,-0.7807764,6.013894
1647,F,1216762070468986,4.405331,-4.4478283,-7.9942393
1639,F,181750555648769,-1.7978958,-2.54354,9.363573
1630,F,1557354751302669,5.9558105,3.5264893,6.0663147
1625,F,705584846336389,-6.170166,-5.331131,5.019333
1611,F,1316915068020,8.923676,3.236847,-1.1449432
1646,F,1465224652550000,-9.292676,-1.2741505,-0.21794678
1623,F,1381150871683,4.7378235,-3.9177856,-7.9884186
1602,F,98529400819325,-1.5710449,-0.68777466,9.008102
1629,F,604329098508428,-4.479233,-6.9682465,4.758896
1603,F,7816414022928,6.432023,-1.340753,7.8583684
1623,F,1343687479397,4.757202,-3.901123,-7.977005
1615,F,167651937953143,9.044296,-2.8144531,0.40385437
1614,F,85155359832000,-0.39757326,9.534574,3.8775368
1626,F,596158655121772,4.728363,-4.334793,-7.3847046
1631,F,1551769837662638,-0.55119324,2.8214111,8.771713
1606,F,125202831007055,-9.604126,-2.3640442,-1.2378387
1617,F,268426855495565,-9.685425,-2.2079163,0.8580017
1647,F,1216867295022019,3.934272,-5.431845,-7.599795
1643,F,708026509147000,4.0523734,-3.67875,-8.085587
1650,F,357386616176000,-7.8604546,-2.7973828,-4.3134303
1629,F,604240525792271,-4.4383698,-6.971863,4.754959
1614,F,85244515702000,-0.26105714,9.491463,3.9134622
1610,F,17595565328524,7.9835815,2.7130127,3.9255981
1619,F,172502523063544,-5.191228,-3.5913026,7.314286
1635,F,679704334702445,5.485214,-6.9219055,-4.2485504
1627,F,439813672855534,-0.029373169,-8.925659,2.9587097
1636,F,502558836230164,-6.247757,-7.285248,-2.9294739
1617,F,268459233138262,-9.718658,-2.443924,-0.122406006
1602,F,98576230017443,-1.540268,-0.61024475,9.061264
1626,F,596117062701179,5.0662537,-4.68898,-7.2319794
1608,F,44474440546103,4.0559845,2.6179352,7.7783966
1650,F,357400138029000,-7.95865,-2.7327175,-4.0835085
1641,F,1216062387608000,8.353828,-0.42152345,-5.513335
1650,F,357450577656000,-8.641231,-2.6129665,-2.8788135
1650,F,357446063779000,-8.459209,-2.7279274,-3.1374757
1641,F,1216052635411000,8.392149,-0.45026368,-5.4510646
1625,F,705687185832883,-6.339218,-5.119766,5.0198975
1610,F,17685850077220,8.1058655,2.5157166,3.793045
1629,F,604233728006933,-4.4512177,-7.010681,4.767212
1650,F,357382424734000,-7.838899,-2.7518775,-4.3709106
1646,F,1465142111838000,-9.340576,-1.2981006,-0.42870852
1624,F,516569787168229,6.6697693,-4.644943,-5.5852203
1643,F,708050774347000,4.047583,-3.67875,-8.078402
1614,F,85282219306000,-0.26105714,9.453142,4.1218286
1633,F,691618882765847,-2.4834442,-8.685593,-4.0461273
1649,F,1162836015865380,4.5513773,-2.1841104,-9.019556
1627,F,439829765991469,0.068496704,-9.147659,2.6543884
1628,F,1136130645994321,-5.060425,-6.39653,-6.111908
1629,F,604348182667880,-4.439789,-6.948181,4.74321
1617,F,268440148973026,-9.6562805,-2.4007416,0.2720337
1629,F,604230757120703,-4.3863373,-7.0470886,4.6839447
1641,F,1216062085334000,8.372989,-0.38320315,-5.50136
1648,F,463221961090000,-7.6257424,0.39757326,6.0330544
1624,F,516432068948729,6.4638824,-5.1723633,-5.4756165
1610,F,17686857157299,8.109222,2.5076752,3.8486328
1618,F,198891701882338,-3.4349518,-1.9300842,8.401825
1613,F,174850106750717,1.8124107,5.2139726,7.939771
1601,F,258660337090365,-5.111022,-0.45669398,8.191761
1648,F,463177242298000,-7.589817,0.38559815,6.0210795
1640,F,170279767687869,-0.8264485,-5.893926,7.6035357
1643,F,707998999432000,4.1050634,-3.7386258,-7.9897857
1604,F,16803220935030,5.472534,5.0470276,5.5806885
1626,F,596093497041353,4.5641327,-4.180649,-7.861374
1627,F,439847128053693,0.6678467,-8.701065,3.5422058
1649,F,1162703975097151,4.7375264,-2.19249,-8.847174
1630,F,1557406112384270,6.420212,3.2223358,5.7163696
1643,F,708048879963000,4.0571632,-3.671565,-8.095166
1648,F,463215733922000,-7.6113725,0.4167334,6.013894
1634,F,75858840537127,3.232071,-0.79112244,-9.672333
1648,F,463162571383000,-7.7430983,-0.56522465,5.695357
1622,F,291194360651277,-8.68132,-4.253784,1.7091064
1614,F,85150335268000,-0.44547364,9.596844,3.6500099
1612,F,6595472139503,-9.39566,-1.0584106,2.644516
1611,F,1332524791355,9.10968,3.1702423,-1.1974945
1601,F,258567879834619,-5.1259856,-0.4405331,8.19236
1643,F,707976890934000,4.102669,-3.767366,-8.028106
1635,F,679780503516402,5.5572968,-6.917099,-4.14151
1623,F,1365198722711,4.7857056,-3.9874573,-7.9306793
1607,F,290029227060505,-6.669049,4.845266,-5.2917843
1614,F,85298558838000,-0.1101709,9.395662,4.184099
1635,F,679678654174935,5.5106506,-7.018799,-4.4976807
1624,F,516473409603934,6.6567535,-4.785248,-5.467407
1611,F,1282724692927,8.985428,3.288742,-1.3683014
1639,F,181720261060699,-1.4124293,-3.1540616,8.99726
1647,F,1216866217631654,3.9989154,-5.3821654,-7.562086
1617,F,268541662643506,-9.442017,-2.687851,0.80158997
1650,F,357492291836000,-8.487949,-2.7542725,-3.1087356
1601,F,258632324255895,-5.134964,-0.47524905,8.186973
1601,F,258596530785597,-5.151125,-0.46567222,8.194156
1602,F,98433123955310,-1.5519257,-0.6945343,8.956116
1611,F,1304628677628,9.0026245,3.2634888,-1.2432556
1627,F,439900744987131,0.4389801,-8.673309,3.7205048
1634,F,75738595160974,3.4155273,-1.4716187,-9.545105
1618,F,198993215541106,-3.2449646,-1.8705292,8.439819
1611,F,1204021368562,8.870987,3.2399902,-1.5015564
1641,F,1216036455628000,8.358619,-0.34967285,-5.5420756
1612,F,6686713587653,-9.3703,-0.9239044,2.7729797
1645,F,1129371342646000,5.975574,-2.5195606,-7.654483
1604,F,16895116967090,5.4908905,5.069351,5.4175262
1625,F,705659229289895,-6.608795,-5.0382996,4.9226837
1622,F,291321000951819,-8.6788025,-4.265152,1.6343994
1643,F,707930900019000,4.1314087,-3.7482057,-7.9921803
1648,F,463158117724000,-7.7239385,-0.57719976,5.738467
1625,F,705587706454699,-6.120926,-5.338852,5.0579834
1638,F,1136822501482425,1.189619,-8.305935,5.791873
1632,F,4367529564957,2.9666443,-9.139664,0.1463623
1648,F,463139738252000,-7.541917,-0.9148975,5.934859
1650,F,357383513044000,-7.7862086,-2.8404932,-4.3469605
1606,F,125043359851416,-9.7096405,-2.2038116,-0.49113464
1606,F,125060983781158,-9.839493,-2.055069,-0.44458008
1650,F,357428531816000,-8.49753,-2.684817,-2.926714
1629,F,604231512430761,-4.3678436,-7.0345154,4.7170105
1650,F,357438224711000,-8.55501,-2.5411158,-2.7087672
1649,F,1162866941813442,4.4807487,-2.142212,-8.992621
1613,F,174816388364946,1.9153614,4.9003325,8.130111
1622,F,291157350452688,-9.230255,-4.5913544,1.917038
1650,F,357462124764000,-8.423284,-2.7279274,-3.0536501
1629,F,604252761819546,-4.430588,-6.946121,4.7694244
1629,F,604244352696567,-4.4658813,-6.9735413,4.7743225
1640,F,170249078444629,-0.678008,-5.312135,7.718457
1601,F,258611454776686,-5.168483,-0.47105917,8.169016
1631,F,1551806293953792,-0.65164185,2.915039,8.732666
1610,F,17748188328369,8.122513,2.4985046,3.725418
1627,F,439889546285236,0.5482178,-8.691116,3.592453
1603,F,7823359883498,9.476251,2.2056582,0.9660604
1600,F,245352715973991,0.016815186,9.543503,1.657959
1624,F,516416710992348,6.381714,-5.2891083,-5.3499756
1614,F,85242616650000,-0.22752686,9.474698,3.9445972
1602,F,98423607049645,-1.6057739,-0.6180115,9.018524
1625,F,705612742452609,-6.164337,-5.2707367,5.008087
1609,F,40776682743914,-8.620987,-3.5999908,2.7374268
1627,F,439944814834945,0.5148468,-8.596405,3.786438
1647,F,1216736133488970,4.421492,-4.647744,-7.8823104
1650,F,357408702527000,-8.464,-2.5387208,-3.175796
1641,F,1216134138979000,8.5119,-0.30895755,-5.3049684
1641,F,1216073711575000,8.265213,-0.5484595,-5.616321
1633,F,691553573626642,-2.499298,-8.705429,-4.271698
1614,F,85312208089000,-0.14370118,9.386082,4.1960745
1625,F,705710006248954,-6.3567505,-5.1949005,4.9281006
1647,F,1216812428264175,3.693056,-6.0716953,-7.265804
1617,F,268503343255009,-9.603806,-2.418457,0.21305847
1650,F,357484331954000,-8.447234,-2.7494826,-3.0105398
1629,F,604281564307659,-4.4754486,-6.909897,4.8078613
1601,F,258654551062241,-5.1505265,-0.4758476,8.169016
1628,F,1136118208555842,-5.1227875,-6.401169,-6.0836487
1613,F,174830232589109,1.7208325,5.2474914,8.18398
1632,F,4299954496242,3.0833588,-9.11673,0.11468506
1611,F,1265856087511,8.949875,3.279541,-1.2937622
1643,F,708046965170000,4.047583,-3.6380348,-8.085587
1606,F,125206003309301,-9.679306,-2.3530731,-1.0645447
1638,F,1136878032237025,-0.187047,-8.169465,2.4328082
1634,F,75846956988924,3.2353668,-0.89611816,-9.667725
1614,F,85160997636000,-0.5245093,9.501043,3.791316
1619,F,172531652838429,-5.2397103,-3.7846344,7.295731
1646,F,1465062250350000,-9.3309965,-1.3100758,-0.39517823
1608,F,44416432730655,3.1670837,2.30896,8.235336
1602,F,98470587329155,-1.6116943,-0.6820221,8.992065
1623,F,1379458977152,4.813553,-3.9629364,-7.9431458
1623,F,1305458716354,4.93248,-3.9954987,-7.878998
1646,F,1465163956080000,-9.275911,-1.3028907,-0.34967285
1606,F,125139989204665,-9.683777,-2.400589,-0.81500244
1629,F,604261271645895,-4.5163116,-6.9179688,4.7707367
1623,F,1282154895237,4.733856,-4.0045776,-7.993393
1604,F,16942500078806,5.5071106,5.062866,5.466797
1622,F,291161479481008,-8.511185,-4.409622,1.822586
1645,F,1129329689197000,5.7719975,-2.0046315,-7.793394
1612,F,6620749843254,-9.328812,-0.9716034,2.6164856
1617,F,268447349613093,-9.640121,-2.3531647,0.31085205
1628,F,1136011558755758,-5.56015,-6.44281,-5.60289
1623,F,1357585188487,4.7571106,-3.9276123,-7.96669
1638,F,1136950064036605,-0.8741829,-9.737667,-0.3540426
1626,F,596220338783431,5.3008423,-4.378113,-7.2682037
1619,F,172464414812778,-5.2325277,-4.875193,6.5846534
1644,F,1817940254506000,-2.4884255,-8.2125225,-3.6284547
1614,F,85211618901000,-0.18441652,9.546548,3.9517825
1601,F,258603394244345,-5.181651,-0.47225627,8.173206
1628,F,1136005717688268,-5.493622,-6.445984,-5.7027893
1638,F,1136815407488795,-1.8414404,-4.9540524,3.3306339
1619,F,172529658049473,-5.2259436,-3.74513,7.2604165
1625,F,705697518461614,-6.2746887,-5.1527557,5.0913086
1619,F,172507830395782,-5.2367177,-3.6858735,7.2993226
1612,F,6692806422125,-9.355789,-0.9901428,2.7636414
1638,F,1136832396127095,-0.5174468,-11.921179,3.617938
1643,F,707969937792000,4.133804,-3.7601807,-8.011341
1619,F,172532530556554,-5.245696,-3.7582982,7.2861543
1643,F,707912761238000,4.1553593,-3.7218604,-7.9897857
1630,F,1557427714255524,6.6919403,3.4140015,5.348755
1644,F,1817910668960000,-2.7159522,-8.270002,-3.0847852
1646,F,1465169336615000,-9.366921,-1.0681788,-0.36164796
1614,F,85291912221000,-0.11496094,9.402847,4.191284
1601,F,258620912060901,-5.1744685,-0.46866497,8.152257
1630,F,1557499216945412,6.422928,3.1390991,5.8115845
1637,F,13646021870018,-2.1568766,-2.5661354,9.245509
1639,F,181753905103759,-1.3406034,-1.676839,9.097816
1648,F,463121440124000,-6.9886675,-0.29937744,6.7395854
1618,F,198947544476628,-3.3997803,-1.9336395,8.507446
1633,F,691607452414149,-2.5802612,-8.628937,-4.33374
1624,F,516568729734147,6.732849,-4.63974,-5.5717163
1637,F,13635723913218,-1.6947955,-2.1327848,9.698013
1646,F,1465186586244000,-9.280701,-1.2573853,-0.67539555
1643,F,707936603516000,4.2367897,-3.7434156,-7.9802055
1643,F,707930416515000,4.140989,-3.7529957,-8.01613
1627,F,439917200693204,0.34429932,-8.742081,3.6014404
1637,F,13516923311018,1.5900491,-9.770288,6.6262527
1613,F,174861599065190,1.7363948,5.1840453,7.9714947
1641,F,1216180321012000,8.452024,-0.3903882,-5.3792143
1612,F,6689432703863,-9.393448,-0.9302826,2.6870728
1631,F,1551741891199607,-0.6578827,3.0272217,8.700577
1648,F,463189837666000,-7.592212,0.39517823,6.0378447
1644,F,1817972620483000,-2.5339308,-8.011341,-3.9924977
1614,F,85311298079000,-0.13172609,9.414823,4.2032595
1615,F,167610597327741,9.011276,-3.0094757,0.6322632
1600,F,245450553820852,0.40376282,9.2908325,2.21846
1620,F,941882389515039,-1.694519,9.367386,1.842102
1645,F,1129351695098000,5.369634,-2.5459058,-7.8508744
1647,F,1216750338719511,4.485537,-4.5980644,-7.854179
1625,F,705661183025246,-6.5223083,-4.990494,4.8555603
1613,F,174832030050045,1.7848774,5.1277814,8.00621
1608,F,44498610478129,4.002533,2.5024261,7.8355103
1628,F,1136116597221843,-5.0551147,-6.4277344,-6.112335
1621,F,170837105715322,2.9939492,9.123704,-2.066196
1648,F,463184739004000,-7.585027,0.33290774,6.006709
1639,F,181677322584999,-1.7380408,-1.2770073,9.327661
1631,F,1551728497030629,-0.6311798,2.9890137,8.671585
1600,F,245355586150713,0.11456299,9.513733,1.6650085
1648,F,463199974572000,-7.5970025,0.41194338,6.0354495
1625,F,705577494651819,-6.1871033,-5.33226,4.958618
1612,F,6706200573867,-9.378006,-0.9894104,2.7569885
1645,F,1129350767957000,5.858218,-2.8476784,-8.260423
1600,F,245398286355916,0.14796448,9.433609,1.9286346
1648,F,463162893823000,-7.767049,-0.5987549,5.695357
1626,F,596150749543159,4.697708,-4.910309,-7.3225555
1644,F,1817913470277000,-2.8644435,-8.195757,-3.2404616
1649,F,1162835735079964,4.5238442,-2.1493945,-8.97287
1644,F,1817975441856000,-2.0309765,-8.0999565,-3.8296363
1643,F,707945874025000,4.129014,-3.755391,-8.013736
1622,F,291336107160503,-8.746918,-4.176056,1.4975586
1648,F,463172425699000,-7.568262,0.2562671,5.9635987
1629,F,604222499053561,-4.4512024,-7.020691,4.731262
1647,F,1216751935278623,4.570531,-4.557363,-7.855376
1630,F,1557449416834451,6.4963226,3.249115,5.743744
1620,F,941888180225348,-1.8322906,9.288254,1.9208679
1643,F,708017822867000,4.1242237,-3.784131,-8.006551
1607,F,290021483514779,-6.82946,5.134964,-4.871003
1619,F,172497933612296,-5.277419,-3.6421793,7.256227
1645,F,1129315965999000,5.8055277,-2.4022048,-7.6233473
1636,F,502449165238584,-6.185837,-7.503784,-2.2630463
1614,F,85191204332000,-0.33290774,9.5489435,3.8775368
1633,F,691658007829190,-3.0623322,-8.729691,-3.6555786
1601,F,258490864881522,-4.681263,-0.45489833,8.343793
1623,F,1397707276722,4.863022,-3.9466553,-7.974121
1625,F,705680982204564,-6.325592,-5.090271,5.062256
1641,F,1216171797959000,8.473579,-0.3065625,-5.345684
1639,F,181801849094829,0.30660746,-2.3759458,8.147319
1614,F,85273060575000,-0.16286133,9.441168,4.1074586
1614,F,85170829083000,-0.36883304,9.575289,3.796106
1648,F,463070554773000,-7.1778736,-1.214275,6.4066777
1629,F,604248632791225,-4.5240326,-6.9207153,4.8072205
1622,F,291252318121850,-8.708267,-4.29541,1.6438293
1638,F,1136883130908155,-0.65152216,-10.563666,3.2013469
1641,F,1216104560005000,8.485555,-0.4167334,-5.372029
1613,F,174930752460946,1.8207904,5.2002063,7.9313917
1649,F,1162834021658978,4.565144,-2.146402,-9.018958
1644,F,1817960891371000,-2.435735,-8.157437,-3.6859353
1617,F,268532800329245,-9.542007,-2.5202637,0.3194275
1627,F,439864349111088,0.8282776,-8.588898,3.768219
1650,F,357412128121000,-8.399334,-2.7255323,-3.2428565
1649,F,1162729874090423,4.5418005,-2.2164323,-8.966286
1640,F,170276168392399,-0.47450083,-3.8301241,8.877251
1648,F,463186814947000,-7.6137676,0.42152345,6.0378447
1644,F,1817938198752000,-2.5171657,-8.250843,-3.4775686
1615,F,167734065361152,9.150726,-2.5175934,-0.16304016
1645,F,1129320177538000,5.740862,-2.315984,-7.7383084
1644,F,1817936082749000,-2.555486,-8.2125225,-3.4943337
1621,F,170827089594754,3.9839516,8.6334915,-2.2463598
1623,F,1344231302639,4.7779846,-3.977356,-7.973816
1631,F,1551837614146892,-0.5184326,2.77063,8.710876
1606,F,125096231563050,-9.678619,-2.4568481,-0.33816528
1650,F,357485037380000,-8.691526,-2.6153615,-2.7782228
1613,F,174885780912993,1.8375498,5.203199,7.941567
1633,F,691549797077154,-2.4472504,-8.57756,-4.6496887
1632,F,4410531901065,2.8720245,-9.153015,0.27844238
1621,F,170938820845231,-1.4610616,9.41041,-2.1667526
1646,F,1465183825630000,-9.335787,-1.104104,-0.3305127
1618,F,198980274591366,-3.3615112,-1.899292,8.440628
1634,F,75766894103586,3.4444733,-1.3935852,-9.519333
1624,F,516426127178949,6.5031586,-5.076828,-5.4779053
1624,F,516558910682044,6.724472,-4.5872498,-5.5911407
1633,F,691645318635982,-2.7414398,-8.7435,-3.9741669
1646,F,1465231040643000,-9.371712,-1.2573853,-0.21315674
1619,F,172607590107984,-5.261258,-3.774459,7.2227077
1609,F,40861680297090,-8.261856,-4.012924,3.2384796
1650,F,357504161143000,-8.619676,-2.6105714,-2.8309133
1613,F,174911319274339,1.8339585,5.189432,7.968502
1647,F,1216721366691320,4.233547,-3.731962,-8.350976
1615,F,167598310940399,8.934128,-2.899063,0.053115845
1623,F,1285357402447,4.7345886,-4.068756,-7.9734344
1629,F,604302511567265,-4.4360046,-6.970764,4.7469177
1602,F,98552513289371,-1.5572662,-0.5314331,9.05246
1605,F,181542795447257,9.14585,0.009576807,3.6541502
1623,F,1324512699247,4.724304,-4.003601,-8.025665
1632,F,4399051175051,2.7630157,-9.147583,0.20988464
1624,F,516434586648924,6.484787,-5.077881,-5.517761
1619,F,172581093191118,-5.249287,-3.787627,7.2747817
1607,F,289994789470153,-6.4751186,6.344036,-3.930082
1643,F,707933560356000,4.152964,-3.7386258,-8.0017605
1601,F,258610975964915,-5.1235914,-0.45848963,8.177995
1606,F,125111690237739,-9.639893,-2.4536133,-0.23925781
1621,F,170950233400904,-0.6817489,9.474455,-2.3810337
1625,F,705615743551242,-6.1243134,-5.280426,5.0930176
1646,F,1465212017608000,-9.474698,-1.1639795,-0.39517823
1627,F,439807992913064,0.18122864,-9.292999,2.1092377
1648,F,463223694344000,-7.6185575,0.41194338,5.992339
1623,F,1364312492242,4.725754,-3.9495697,-7.940384
1635,F,679769157095715,5.520401,-6.9036407,-4.206558
1622,F,291245973496417,-8.716446,-4.2502747,1.6493988
1641,F,1216087453278000,8.334668,-0.4406836,-5.5588408
1610,F,17759870468568,8.158936,2.4799042,3.7371368
1623,F,1375813347269,4.7328644,-3.9289093,-8.017685
1613,F,174905692673818,1.8249803,5.21098,7.9864583
1627,F,439851418214825,0.6596527,-8.709534,3.5731354
1606,F,125143111152907,-9.623993,-2.3349457,-0.9332886
1645,F,1129471736972000,6.3803325,-2.1459377,-7.31918
1646,F,1465230415880000,-9.314231,-1.101709,-0.22273682
1601,F,258503993883600,-5.175067,-0.45968673,8.20433
1622,F,291258813769534,-8.66774,-4.304016,1.6087494
1643,F,708062745565000,3.9972878,-3.657195,-8.102351
1638,F,1136849439410895,-0.9555858,-12.220454,3.8022916
1648,F,463067209352000,-7.1299734,-0.9867481,6.454578
1611,F,1247779025564,8.918625,3.2445831,-1.3484497
1646,F,1465150857499000,-9.254355,-1.1951149,-0.5676197
1644,F,1817983301649000,-2.411785,-8.01613,-4.0523734
1650,F,357365074124000,-7.688013,-2.8596535,-4.6128078
1634,F,75825858643910,3.340683,-0.8277893,-9.57785
1608,F,44369049611288,3.387741,2.647461,8.034683
1645,F,1129468392101000,6.4210477,-2.1579127,-7.2616997
1650,F,357445620413000,-8.452024,-2.7207422,-3.1015503
1612,F,6694770239493,-9.471893,-1.055603,2.5910187
1646,F,1465208994853000,-9.309442,-1.1112891,-0.22992188
1632,F,4308212550451,3.16687,-9.004501,-0.023712158
1609,F,40799543454613,-8.545059,-3.6038208,2.9393768
1627,F,439913333505704,0.49232483,-8.695099,3.6287842
1612,F,6638625522840,-9.311157,-1.0371246,2.6472473
1614,F,85204358796000,-0.39278322,9.532178,3.999683
1618,F,199019349296023,-3.3491974,-1.890152,8.449799
1608,F,44531995155291,4.049057,2.4958954,7.8084106
1613,F,174887815903514,1.751957,5.2301335,8.008006
1617,F,268511047417679,-9.596466,-2.4458618,0.28588867
1638,F,1136950963708655,-1.4128783,-8.765621,-1.6588825
1621,F,170860888162396,0.7344214,9.537302,-1.875857
1607,F,290042792132479,-6.861782,5.08289,-4.944625
1630,F,1557431138304577,6.102234,3.3265533,5.982788
1621,F,170831838071366,4.1958385,9.063251,-1.234211
1608,F,44436171482680,3.1583557,2.3295593,8.218887
